SnapshotDate,LoanID,PoolID,DPD_Days,DPD_Bucket,DPD_Bucket_Prior,CurrentBalance,AmountOverdue,EMIsOverdue,LastPaymentDate,LastPaymentAmount,CureFlag,RollFlag,RepossessionFlag,WriteOffFlag,RBI_SMA_Class,ConsecutiveMonthsDelinquent,TransitionType
12/30/2023,ZAAUTO2024-1-00001,ZAAUTO2024-1,0,Current,Current,782300,0,0,12/29/2023,12042.52,FALSE,Same,FALSE,FALSE,Standard,0,Static
1/30/2024,ZAAUTO2024-1-00001,ZAAUTO2024-1,0,Current,Current,782300,0,0,12/27/2023,11782.4,FALSE,Same,FALSE,FALSE,Standard,0,Static
2/28/2024,ZAAUTO2024-1-00001,ZAAUTO2024-1,0,Current,Current,782300,0,0,2/11/2024,12498.04,FALSE,Same,FALSE,FALSE,Standard,0,Static
3/30/2024,ZAAUTO2024-1-00001,ZAAUTO2024-1,0,Current,Current,782300,0,0,3/20/2024,12293.78,FALSE,Same,FALSE,FALSE,Standard,0,Static
4/30/2024,ZAAUTO2024-1-00001,ZAAUTO2024-1,0,Current,Current,782300,0,0,4/21/2024,11407.6,FALSE,Same,FALSE,FALSE,Standard,0,Static
5/30/2024,ZAAUTO2024-1-00001,ZAAUTO2024-1,0,Current,Current,782300,0,0,5/24/2024,11182.63,FALSE,Same,FALSE,FALSE,Standard,0,Static
5/30/2024,ZAAUTO2024-1-00001,ZAAUTO2024-1,0,Current,Current,782162.94,0,0,5/8/2024,12120.49,FALSE,Same,FALSE,FALSE,Standard,0,Static
6/30/2024,ZAAUTO2024-1-00001,ZAAUTO2024-1,0,Current,Current,782300,0,0,6/1/2024,11996.6,FALSE,Same,FALSE,FALSE,Standard,0,Static
7/30/2024,ZAAUTO2024-1-00001,ZAAUTO2024-1,0,Current,Current,782300,0,0,7/6/2024,11157.04,FALSE,Same,FALSE,FALSE,Standard,0,Static
8/30/2024,ZAAUTO2024-1-00001,ZAAUTO2024-1,0,Current,Current,759239.74,0,0,8/7/2024,12072.08,FALSE,Same,FALSE,FALSE,Standard,0,Static
9/30/2024,ZAAUTO2024-1-00001,ZAAUTO2024-1,0,Current,Current,770041.54,0,0,9/28/2024,12226.09,FALSE,Same,FALSE,FALSE,Standard,0,Static
10/30/2024,ZAAUTO2024-1-00001,ZAAUTO2024-1,0,Current,Current,761953.43,0,0,10/25/2024,12582.26,FALSE,Same,FALSE,FALSE,Standard,0,Static
12/30/2023,ZAAUTO2024-1-00002,ZAAUTO2024-1,0,Current,Current,772400,0,0,12/15/2023,23500.38,FALSE,Same,FALSE,FALSE,Standard,0,Static
1/30/2024,ZAAUTO2024-1-00002,ZAAUTO2024-1,0,Current,Current,772400,0,0,12/26/2023,23714.71,FALSE,Same,FALSE,FALSE,Standard,0,Static
2/28/2024,ZAAUTO2024-1-00002,ZAAUTO2024-1,0,Current,Current,772400,0,0,2/25/2024,23750.68,FALSE,Same,FALSE,FALSE,Standard,0,Static
3/30/2024,ZAAUTO2024-1-00002,ZAAUTO2024-1,0,Current,Current,768613.8,0,0,3/10/2024,24406.94,FALSE,Same,FALSE,FALSE,Standard,0,Static
4/30/2024,ZAAUTO2024-1-00002,ZAAUTO2024-1,0,Current,Current,759479.45,0,0,4/10/2024,23688.06,FALSE,Same,FALSE,FALSE,Standard,0,Static
5/30/2024,ZAAUTO2024-1-00002,ZAAUTO2024-1,0,Current,Current,772184.02,0,0,5/1/2024,23422.1,FALSE,Same,FALSE,FALSE,Standard,0,Static
5/30/2024,ZAAUTO2024-1-00002,ZAAUTO2024-1,0,Current,Current,741329.53,0,0,4/25/2024,24932.4,FALSE,Same,FALSE,FALSE,Standard,0,Static
6/30/2024,ZAAUTO2024-1-00002,ZAAUTO2024-1,0,Current,Current,762557,0,0,6/3/2024,26300.64,FALSE,Same,FALSE,FALSE,Standard,0,Static
7/30/2024,ZAAUTO2024-1-00002,ZAAUTO2024-1,0,Current,Current,732713.54,0,0,7/16/2024,26680.04,FALSE,Same,FALSE,FALSE,Standard,0,Static
8/30/2024,ZAAUTO2024-1-00002,ZAAUTO2024-1,0,Current,Current,707902.65,0,0,7/30/2024,23223.97,FALSE,Same,FALSE,FALSE,Standard,0,Static
9/30/2024,ZAAUTO2024-1-00002,ZAAUTO2024-1,2,1-29 DPD,Current,733517.83,25419.27,1,9/21/2024,9569.53,FALSE,Worse,FALSE,FALSE,SMA-0,1,Roll
10/30/2024,ZAAUTO2024-1-00002,ZAAUTO2024-1,26,1-29 DPD,1-29 DPD,712779.34,25419.27,1,10/26/2024,5868.3,FALSE,Same,FALSE,FALSE,SMA-0,2,Static
12/30/2023,ZAAUTO2024-1-00003,ZAAUTO2024-1,0,Current,Current,333100,0,0,12/20/2023,6900.62,FALSE,Same,FALSE,FALSE,Standard,0,Static
1/30/2024,ZAAUTO2024-1-00003,ZAAUTO2024-1,0,Current,Current,333100,0,0,1/14/2024,7454.67,FALSE,Same,FALSE,FALSE,Standard,0,Static
2/28/2024,ZAAUTO2024-1-00003,ZAAUTO2024-1,0,Current,Current,333100,0,0,1/27/2024,7391.3,FALSE,Same,FALSE,FALSE,Standard,0,Static
3/30/2024,ZAAUTO2024-1-00003,ZAAUTO2024-1,0,Current,Current,333100,0,0,3/11/2024,7315.43,FALSE,Same,FALSE,FALSE,Standard,0,Static
4/30/2024,ZAAUTO2024-1-00003,ZAAUTO2024-1,0,Current,Current,333100,0,0,4/18/2024,6578.9,FALSE,Same,FALSE,FALSE,Standard,0,Static
5/30/2024,ZAAUTO2024-1-00003,ZAAUTO2024-1,0,Current,Current,333100,0,0,4/26/2024,7435.01,FALSE,Same,FALSE,FALSE,Standard,0,Static
5/30/2024,ZAAUTO2024-1-00003,ZAAUTO2024-1,0,Current,Current,333100,0,0,5/30/2024,7055.9,FALSE,Same,FALSE,FALSE,Standard,0,Static
6/30/2024,ZAAUTO2024-1-00003,ZAAUTO2024-1,0,Current,Current,333100,0,0,6/23/2024,7408.91,FALSE,Same,FALSE,FALSE,Standard,0,Static
7/30/2024,ZAAUTO2024-1-00003,ZAAUTO2024-1,0,Current,Current,333100,0,0,7/11/2024,6671.51,FALSE,Same,FALSE,FALSE,Standard,0,Static
8/30/2024,ZAAUTO2024-1-00003,ZAAUTO2024-1,0,Current,Current,322061.4,0,0,8/25/2024,6507.06,FALSE,Same,FALSE,FALSE,Standard,0,Static
9/30/2024,ZAAUTO2024-1-00003,ZAAUTO2024-1,0,Current,Current,322860.19,0,0,9/26/2024,7461.19,FALSE,Same,FALSE,FALSE,Standard,0,Static
10/30/2024,ZAAUTO2024-1-00003,ZAAUTO2024-1,0,Current,Current,319000.13,0,0,10/22/2024,6552.76,FALSE,Same,FALSE,FALSE,Standard,0,Static
12/30/2023,ZAAUTO2024-1-00004,ZAAUTO2024-1,21,1-29 DPD,Current,1252662.17,26062.38,1,11/27/2023,7060.08,FALSE,Worse,FALSE,FALSE,SMA-0,1,Roll
1/30/2024,ZAAUTO2024-1-00004,ZAAUTO2024-1,0,Current,1-29 DPD,1220924.77,0,0,1/26/2024,24777.84,TRUE,Better,FALSE,FALSE,Standard,0,Cure
2/28/2024,ZAAUTO2024-1-00004,ZAAUTO2024-1,0,Current,Current,1230032.59,0,0,2/14/2024,25756.56,FALSE,Same,FALSE,FALSE,Standard,0,Static
3/30/2024,ZAAUTO2024-1-00004,ZAAUTO2024-1,0,Current,Current,1159445.86,0,0,3/27/2024,24351.16,FALSE,Same,FALSE,FALSE,Standard,0,Static
4/30/2024,ZAAUTO2024-1-00004,ZAAUTO2024-1,0,Current,Current,1214707.49,0,0,4/9/2024,23733.15,FALSE,Same,FALSE,FALSE,Standard,0,Static
5/30/2024,ZAAUTO2024-1-00004,ZAAUTO2024-1,0,Current,Current,1138258.97,0,0,4/29/2024,24293.67,FALSE,Same,FALSE,FALSE,Standard,0,Static
5/30/2024,ZAAUTO2024-1-00004,ZAAUTO2024-1,0,Current,Current,1109255.85,0,0,4/30/2024,24406.1,FALSE,Same,FALSE,FALSE,Standard,0,Static
6/30/2024,ZAAUTO2024-1-00004,ZAAUTO2024-1,0,Current,Current,1116035.14,0,0,6/4/2024,24200.52,FALSE,Same,FALSE,FALSE,Standard,0,Static
7/30/2024,ZAAUTO2024-1-00004,ZAAUTO2024-1,0,Current,Current,1065914.16,0,0,7/3/2024,24841.22,FALSE,Same,FALSE,FALSE,Standard,0,Static
8/30/2024,ZAAUTO2024-1-00004,ZAAUTO2024-1,0,Current,Current,1069710.45,0,0,8/27/2024,26088.56,FALSE,Same,FALSE,FALSE,Standard,0,Static
9/30/2024,ZAAUTO2024-1-00004,ZAAUTO2024-1,0,Current,Current,1091999.07,0,0,9/24/2024,23693.1,FALSE,Same,FALSE,FALSE,Standard,0,Static
10/30/2024,ZAAUTO2024-1-00004,ZAAUTO2024-1,0,Current,Current,1051623.28,0,0,10/24/2024,24428.23,FALSE,Same,FALSE,FALSE,Standard,0,Static
12/30/2023,ZAAUTO2024-1-00005,ZAAUTO2024-1,27,1-29 DPD,Current,964007.04,57089.7,1,12/25/2023,31731.61,FALSE,Worse,FALSE,FALSE,SMA-0,1,Roll
1/30/2024,ZAAUTO2024-1-00005,ZAAUTO2024-1,0,Current,1-29 DPD,997384.62,0,0,1/20/2024,54861.04,TRUE,Better,FALSE,FALSE,Standard,0,Cure
2/28/2024,ZAAUTO2024-1-00005,ZAAUTO2024-1,0,Current,Current,946839.97,0,0,2/3/2024,59108.76,FALSE,Same,FALSE,FALSE,Standard,0,Static
3/30/2024,ZAAUTO2024-1-00005,ZAAUTO2024-1,0,Current,Current,900929.32,0,0,3/30/2024,59818.38,FALSE,Same,FALSE,FALSE,Standard,0,Static
4/30/2024,ZAAUTO2024-1-00005,ZAAUTO2024-1,0,Current,Current,882774.61,0,0,4/1/2024,53823.45,FALSE,Same,FALSE,FALSE,Standard,0,Static
5/30/2024,ZAAUTO2024-1-00005,ZAAUTO2024-1,0,Current,Current,884774.76,0,0,4/25/2024,57048.64,FALSE,Same,FALSE,FALSE,Standard,0,Static
5/30/2024,ZAAUTO2024-1-00005,ZAAUTO2024-1,0,Current,Current,846610.55,0,0,5/18/2024,53921.57,FALSE,Same,FALSE,FALSE,Standard,0,Static
6/30/2024,ZAAUTO2024-1-00005,ZAAUTO2024-1,0,Current,Current,849630.86,0,0,5/27/2024,51902.74,FALSE,Same,FALSE,FALSE,Standard,0,Static
7/30/2024,ZAAUTO2024-1-00005,ZAAUTO2024-1,0,Current,Current,786513.55,0,0,7/27/2024,56383.31,FALSE,Same,FALSE,FALSE,Standard,0,Static
8/30/2024,ZAAUTO2024-1-00005,ZAAUTO2024-1,0,Current,Current,772057.52,0,0,7/28/2024,52728.9,FALSE,Same,FALSE,FALSE,Standard,0,Static
9/30/2024,ZAAUTO2024-1-00005,ZAAUTO2024-1,0,Current,Current,771182.69,0,0,9/25/2024,58671.16,FALSE,Same,FALSE,FALSE,Standard,0,Static
10/30/2024,ZAAUTO2024-1-00005,ZAAUTO2024-1,0,Current,Current,699434.26,0,0,10/26/2024,57162.88,FALSE,Same,FALSE,FALSE,Standard,0,Static
12/30/2023,ZAAUTO2024-1-00006,ZAAUTO2024-1,0,Current,Current,472100,0,0,12/15/2023,7011.03,FALSE,Same,FALSE,FALSE,Standard,0,Static
1/30/2024,ZAAUTO2024-1-00006,ZAAUTO2024-1,0,Current,Current,472100,0,0,1/11/2024,7225.44,FALSE,Same,FALSE,FALSE,Standard,0,Static
2/28/2024,ZAAUTO2024-1-00006,ZAAUTO2024-1,0,Current,Current,472100,0,0,2/24/2024,6724.24,FALSE,Same,FALSE,FALSE,Standard,0,Static
3/30/2024,ZAAUTO2024-1-00006,ZAAUTO2024-1,0,Current,Current,472100,0,0,3/24/2024,6795.8,FALSE,Same,FALSE,FALSE,Standard,0,Static
4/30/2024,ZAAUTO2024-1-00006,ZAAUTO2024-1,0,Current,Current,472100,0,0,4/14/2024,6862.03,FALSE,Same,FALSE,FALSE,Standard,0,Static
5/30/2024,ZAAUTO2024-1-00006,ZAAUTO2024-1,0,Current,Current,472100,0,0,5/26/2024,7697.7,FALSE,Same,FALSE,FALSE,Standard,0,Static
5/30/2024,ZAAUTO2024-1-00006,ZAAUTO2024-1,0,Current,Current,472100,0,0,5/20/2024,7204.14,FALSE,Same,FALSE,FALSE,Standard,0,Static
6/30/2024,ZAAUTO2024-1-00006,ZAAUTO2024-1,0,Current,Current,472100,0,0,6/11/2024,7398.27,FALSE,Same,FALSE,FALSE,Standard,0,Static
7/30/2024,ZAAUTO2024-1-00006,ZAAUTO2024-1,0,Current,Current,472100,0,0,6/27/2024,6722.57,FALSE,Same,FALSE,FALSE,Standard,0,Static
8/30/2024,ZAAUTO2024-1-00006,ZAAUTO2024-1,0,Current,Current,468365.37,0,0,8/11/2024,7756.43,FALSE,Same,FALSE,FALSE,Standard,0,Static
9/30/2024,ZAAUTO2024-1-00006,ZAAUTO2024-1,0,Current,Current,438360.68,0,0,9/22/2024,7009.75,FALSE,Same,FALSE,FALSE,Standard,0,Static
10/30/2024,ZAAUTO2024-1-00006,ZAAUTO2024-1,0,Current,Current,456391.96,0,0,9/25/2024,6887.76,FALSE,Same,FALSE,FALSE,Standard,0,Static
12/30/2023,ZAAUTO2024-1-00007,ZAAUTO2024-1,0,Current,Current,609103.97,0,0,12/9/2023,12494.5,FALSE,Same,FALSE,FALSE,Standard,0,Static
1/30/2024,ZAAUTO2024-1-00007,ZAAUTO2024-1,0,Current,Current,625649.84,0,0,1/14/2024,11369.75,FALSE,Same,FALSE,FALSE,Standard,0,Static
2/28/2024,ZAAUTO2024-1-00007,ZAAUTO2024-1,0,Current,Current,607204.54,0,0,2/1/2024,12106.61,FALSE,Same,FALSE,FALSE,Standard,0,Static
3/30/2024,ZAAUTO2024-1-00007,ZAAUTO2024-1,0,Current,Current,583292.36,0,0,3/21/2024,12078.34,FALSE,Same,FALSE,FALSE,Standard,0,Static
4/30/2024,ZAAUTO2024-1-00007,ZAAUTO2024-1,0,Current,Current,603978.01,0,0,3/26/2024,11344.86,FALSE,Same,FALSE,FALSE,Standard,0,Static
5/30/2024,ZAAUTO2024-1-00007,ZAAUTO2024-1,0,Current,Current,564704.85,0,0,5/11/2024,11744.46,FALSE,Same,FALSE,FALSE,Standard,0,Static
5/30/2024,ZAAUTO2024-1-00007,ZAAUTO2024-1,0,Current,Current,587723.88,0,0,5/28/2024,12730.34,FALSE,Same,FALSE,FALSE,Standard,0,Static
6/30/2024,ZAAUTO2024-1-00007,ZAAUTO2024-1,0,Current,Current,548743.7,0,0,6/15/2024,12302.25,FALSE,Same,FALSE,FALSE,Standard,0,Static
7/30/2024,ZAAUTO2024-1-00007,ZAAUTO2024-1,0,Current,Current,544676.95,0,0,6/25/2024,12703.05,FALSE,Same,FALSE,FALSE,Standard,0,Static
8/30/2024,ZAAUTO2024-1-00007,ZAAUTO2024-1,0,Current,Current,536916.6,0,0,8/21/2024,12779.86,FALSE,Same,FALSE,FALSE,Standard,0,Static
9/30/2024,ZAAUTO2024-1-00007,ZAAUTO2024-1,0,Current,Current,520697.93,0,0,9/20/2024,12872.94,FALSE,Same,FALSE,FALSE,Standard,0,Static
10/30/2024,ZAAUTO2024-1-00007,ZAAUTO2024-1,0,Current,Current,532238.63,0,0,10/4/2024,11117.32,FALSE,Same,FALSE,FALSE,Standard,0,Static
12/30/2023,ZAAUTO2024-1-00008,ZAAUTO2024-1,0,Current,Current,331643.97,0,0,12/1/2023,5878.41,FALSE,Same,FALSE,FALSE,Standard,0,Static
1/30/2024,ZAAUTO2024-1-00008,ZAAUTO2024-1,0,Current,Current,340754.67,0,0,1/16/2024,5761.08,FALSE,Same,FALSE,FALSE,Standard,0,Static
2/28/2024,ZAAUTO2024-1-00008,ZAAUTO2024-1,0,Current,Current,331743.84,0,0,2/3/2024,5858.6,FALSE,Same,FALSE,FALSE,Standard,0,Static
3/30/2024,ZAAUTO2024-1-00008,ZAAUTO2024-1,0,Current,Current,331221.21,0,0,3/13/2024,5879.79,FALSE,Same,FALSE,FALSE,Standard,0,Static
4/30/2024,ZAAUTO2024-1-00008,ZAAUTO2024-1,0,Current,Current,317921.65,0,0,3/27/2024,5861.27,FALSE,Same,FALSE,FALSE,Standard,0,Static
5/30/2024,ZAAUTO2024-1-00008,ZAAUTO2024-1,0,Current,Current,302064.22,0,0,5/14/2024,5720.02,FALSE,Same,FALSE,FALSE,Standard,0,Static
5/30/2024,ZAAUTO2024-1-00008,ZAAUTO2024-1,0,Current,Current,317509.75,0,0,5/14/2024,5590.12,FALSE,Same,FALSE,FALSE,Standard,0,Static
6/30/2024,ZAAUTO2024-1-00008,ZAAUTO2024-1,0,Current,Current,304327.5,0,0,6/8/2024,6229.18,FALSE,Same,FALSE,FALSE,Standard,0,Static
7/30/2024,ZAAUTO2024-1-00008,ZAAUTO2024-1,0,Current,Current,293167.14,0,0,6/28/2024,5661.76,FALSE,Same,FALSE,FALSE,Standard,0,Static
8/30/2024,ZAAUTO2024-1-00008,ZAAUTO2024-1,58,30-59 DPD,Current,293538.1,6171.89,1,8/14/2024,164.37,FALSE,Worse,FALSE,FALSE,SMA-1,1,Roll
9/30/2024,ZAAUTO2024-1-00008,ZAAUTO2024-1,73,60-89 DPD,30-59 DPD,276640.75,12343.78,2,8/27/2024,2543.52,FALSE,Worse,FALSE,FALSE,SMA-2,2,Roll
10/30/2024,ZAAUTO2024-1-00008,ZAAUTO2024-1,83,60-89 DPD,60-89 DPD,286389.39,12343.78,2,10/18/2024,1348.76,FALSE,Same,FALSE,FALSE,SMA-2,3,Static
12/30/2023,ZAAUTO2024-1-00009,ZAAUTO2024-1,0,Current,Current,840005.29,0,0,12/4/2023,18430.76,FALSE,Same,FALSE,FALSE,Standard,0,Static
1/30/2024,ZAAUTO2024-1-00009,ZAAUTO2024-1,0,Current,Current,837871.47,0,0,1/19/2024,18294.11,FALSE,Same,FALSE,FALSE,Standard,0,Static
2/28/2024,ZAAUTO2024-1-00009,ZAAUTO2024-1,0,Current,Current,815695.85,0,0,1/24/2024,18897.53,FALSE,Same,FALSE,FALSE,Standard,0,Static
3/30/2024,ZAAUTO2024-1-00009,ZAAUTO2024-1,0,Current,Current,798384.96,0,0,3/17/2024,17780.79,FALSE,Same,FALSE,FALSE,Standard,0,Static
4/30/2024,ZAAUTO2024-1-00009,ZAAUTO2024-1,0,Current,Current,796441.54,0,0,4/10/2024,17877.85,FALSE,Same,FALSE,FALSE,Standard,0,Static
5/30/2024,ZAAUTO2024-1-00009,ZAAUTO2024-1,0,Current,Current,771027.63,0,0,5/17/2024,18005.57,FALSE,Same,FALSE,FALSE,Standard,0,Static
5/30/2024,ZAAUTO2024-1-00009,ZAAUTO2024-1,0,Current,Current,772271.22,0,0,5/20/2024,18413.95,FALSE,Same,FALSE,FALSE,Standard,0,Static
6/30/2024,ZAAUTO2024-1-00009,ZAAUTO2024-1,0,Current,Current,727398.79,0,0,6/9/2024,16850.25,FALSE,Same,FALSE,FALSE,Standard,0,Static
7/30/2024,ZAAUTO2024-1-00009,ZAAUTO2024-1,0,Current,Current,744180.46,0,0,7/15/2024,18452.51,FALSE,Same,FALSE,FALSE,Standard,0,Static
8/30/2024,ZAAUTO2024-1-00009,ZAAUTO2024-1,0,Current,Current,689527.54,0,0,8/18/2024,16999.49,FALSE,Same,FALSE,FALSE,Standard,0,Static
9/30/2024,ZAAUTO2024-1-00009,ZAAUTO2024-1,0,Current,Current,663451.53,0,0,8/31/2024,18282.38,FALSE,Same,FALSE,FALSE,Standard,0,Static
10/30/2024,ZAAUTO2024-1-00009,ZAAUTO2024-1,0,Current,Current,680572.5,0,0,10/1/2024,17738.07,FALSE,Same,FALSE,FALSE,Standard,0,Static
12/30/2023,ZAAUTO2024-1-00010,ZAAUTO2024-1,0,Current,Current,314027.45,0,0,11/27/2023,8454.83,FALSE,Same,FALSE,FALSE,Standard,0,Static
1/30/2024,ZAAUTO2024-1-00010,ZAAUTO2024-1,0,Current,Current,317422.49,0,0,1/23/2024,8444.25,FALSE,Same,FALSE,FALSE,Standard,0,Static
2/28/2024,ZAAUTO2024-1-00010,ZAAUTO2024-1,0,Current,Current,317492.7,0,0,1/26/2024,9139.29,FALSE,Same,FALSE,FALSE,Standard,0,Static
3/30/2024,ZAAUTO2024-1-00010,ZAAUTO2024-1,0,Current,Current,307608.74,0,0,3/2/2024,8648.53,FALSE,Same,FALSE,FALSE,Standard,0,Static
4/30/2024,ZAAUTO2024-1-00010,ZAAUTO2024-1,0,Current,Current,304916.43,0,0,3/29/2024,8405.38,FALSE,Same,FALSE,FALSE,Standard,0,Static
5/30/2024,ZAAUTO2024-1-00010,ZAAUTO2024-1,0,Current,Current,303467.28,0,0,5/2/2024,9020.69,FALSE,Same,FALSE,FALSE,Standard,0,Static
5/30/2024,ZAAUTO2024-1-00010,ZAAUTO2024-1,53,30-59 DPD,Current,297082.1,8719.17,1,5/2/2024,1355.96,FALSE,Worse,FALSE,FALSE,SMA-1,1,Roll
6/30/2024,ZAAUTO2024-1-00010,ZAAUTO2024-1,67,60-89 DPD,30-59 DPD,291210.55,17438.34,2,6/13/2024,4006.36,FALSE,Worse,FALSE,FALSE,SMA-2,2,Roll
7/30/2024,ZAAUTO2024-1-00010,ZAAUTO2024-1,76,60-89 DPD,60-89 DPD,278739.14,17438.34,2,7/15/2024,1436.56,FALSE,Same,FALSE,FALSE,SMA-2,3,Static
8/30/2024,ZAAUTO2024-1-00010,ZAAUTO2024-1,62,60-89 DPD,60-89 DPD,277900.59,17438.34,2,8/15/2024,1421.48,FALSE,Same,FALSE,FALSE,SMA-2,4,Static
9/30/2024,ZAAUTO2024-1-00010,ZAAUTO2024-1,201,120+ DPD,60-89 DPD,275945.94,52315.02,6,9/25/2024,723.9,FALSE,Worse,FALSE,FALSE,NPA,5,Roll
10/30/2024,ZAAUTO2024-1-00010,ZAAUTO2024-1,179,120+ DPD,120+ DPD,260962.29,43595.85,5,10/21/2024,3695.63,FALSE,Same,FALSE,FALSE,NPA,6,Static
12/30/2023,ZAAUTO2024-1-00011,ZAAUTO2024-1,0,Current,Current,529232.53,0,0,12/30/2023,14542.69,FALSE,Same,FALSE,FALSE,Standard,0,Static
1/30/2024,ZAAUTO2024-1-00011,ZAAUTO2024-1,0,Current,Current,515093.11,0,0,1/6/2024,14355.65,FALSE,Same,FALSE,FALSE,Standard,0,Static
2/28/2024,ZAAUTO2024-1-00011,ZAAUTO2024-1,0,Current,Current,527852.33,0,0,2/2/2024,13695.36,FALSE,Same,FALSE,FALSE,Standard,0,Static
3/30/2024,ZAAUTO2024-1-00011,ZAAUTO2024-1,0,Current,Current,508516.29,0,0,3/16/2024,13590.64,FALSE,Same,FALSE,FALSE,Standard,0,Static
4/30/2024,ZAAUTO2024-1-00011,ZAAUTO2024-1,0,Current,Current,481087.7,0,0,3/30/2024,12628.77,FALSE,Same,FALSE,FALSE,Standard,0,Static
5/30/2024,ZAAUTO2024-1-00011,ZAAUTO2024-1,0,Current,Current,472216.12,0,0,5/5/2024,14084.88,FALSE,Same,FALSE,FALSE,Standard,0,Static
5/30/2024,ZAAUTO2024-1-00011,ZAAUTO2024-1,0,Current,Current,477872.72,0,0,5/22/2024,14622.25,FALSE,Same,FALSE,FALSE,Standard,0,Static
6/30/2024,ZAAUTO2024-1-00011,ZAAUTO2024-1,0,Current,Current,456488.54,0,0,6/5/2024,13807.78,FALSE,Same,FALSE,FALSE,Standard,0,Static
7/30/2024,ZAAUTO2024-1-00011,ZAAUTO2024-1,0,Current,Current,449331.58,0,0,7/25/2024,13914.31,FALSE,Same,FALSE,FALSE,Standard,0,Static
8/30/2024,ZAAUTO2024-1-00011,ZAAUTO2024-1,0,Current,Current,421778.47,0,0,8/1/2024,12948.63,FALSE,Same,FALSE,FALSE,Standard,0,Static
9/30/2024,ZAAUTO2024-1-00011,ZAAUTO2024-1,9,1-29 DPD,Current,418166.44,13964.41,1,9/17/2024,3809.76,FALSE,Worse,FALSE,FALSE,SMA-0,1,Roll
10/30/2024,ZAAUTO2024-1-00011,ZAAUTO2024-1,40,30-59 DPD,1-29 DPD,418214.79,13964.41,1,10/6/2024,2331.41,FALSE,Worse,FALSE,FALSE,SMA-1,2,Roll
12/30/2023,ZAAUTO2024-1-00012,ZAAUTO2024-1,0,Current,Current,355222.08,0,0,12/15/2023,14085.02,FALSE,Same,FALSE,FALSE,Standard,0,Static
1/30/2024,ZAAUTO2024-1-00012,ZAAUTO2024-1,1,1-29 DPD,Current,360529.35,15146.74,1,1/15/2024,1147.1,FALSE,Worse,FALSE,FALSE,SMA-0,1,Roll
2/28/2024,ZAAUTO2024-1-00012,ZAAUTO2024-1,0,Current,1-29 DPD,351609.22,0,0,2/15/2024,14688.63,TRUE,Better,FALSE,FALSE,Standard,0,Cure
3/30/2024,ZAAUTO2024-1-00012,ZAAUTO2024-1,0,Current,Current,331558.61,0,0,3/7/2024,14013.28,FALSE,Same,FALSE,FALSE,Standard,0,Static
4/30/2024,ZAAUTO2024-1-00012,ZAAUTO2024-1,20,1-29 DPD,Current,338170.6,15146.74,1,4/23/2024,7068.61,FALSE,Worse,FALSE,FALSE,SMA-0,1,Roll
5/30/2024,ZAAUTO2024-1-00012,ZAAUTO2024-1,0,Current,1-29 DPD,309776.36,0,0,5/11/2024,13877.67,TRUE,Better,FALSE,FALSE,Standard,0,Cure
5/30/2024,ZAAUTO2024-1-00012,ZAAUTO2024-1,0,Current,Current,296977.95,0,0,5/11/2024,14940.28,FALSE,Same,FALSE,FALSE,Standard,0,Static
6/30/2024,ZAAUTO2024-1-00012,ZAAUTO2024-1,0,Current,Current,305937.05,0,0,6/6/2024,14533.27,FALSE,Same,FALSE,FALSE,Standard,0,Static
7/30/2024,ZAAUTO2024-1-00012,ZAAUTO2024-1,0,Current,Current,291683.88,0,0,7/26/2024,14977.32,FALSE,Same,FALSE,FALSE,Standard,0,Static
8/30/2024,ZAAUTO2024-1-00012,ZAAUTO2024-1,0,Current,Current,283785.87,0,0,8/15/2024,13863.59,FALSE,Same,FALSE,FALSE,Standard,0,Static
9/30/2024,ZAAUTO2024-1-00012,ZAAUTO2024-1,25,1-29 DPD,Current,263481.78,15146.74,1,9/23/2024,7236.15,FALSE,Worse,FALSE,FALSE,SMA-0,1,Roll
10/30/2024,ZAAUTO2024-1-00012,ZAAUTO2024-1,0,Current,1-29 DPD,258433.58,0,0,10/28/2024,14420.92,TRUE,Better,FALSE,FALSE,Standard,0,Cure
12/30/2023,ZAAUTO2024-1-00013,ZAAUTO2024-1,14,1-29 DPD,Current,357613.7,9319.55,1,11/27/2023,5398.67,FALSE,Worse,FALSE,FALSE,SMA-0,1,Roll
1/30/2024,ZAAUTO2024-1-00013,ZAAUTO2024-1,9,1-29 DPD,1-29 DPD,361910.55,9319.55,1,12/27/2023,4331.59,FALSE,Same,FALSE,FALSE,SMA-0,2,Static
2/28/2024,ZAAUTO2024-1-00013,ZAAUTO2024-1,15,1-29 DPD,1-29 DPD,350258.07,9319.55,1,2/11/2024,1802.24,FALSE,Same,FALSE,FALSE,SMA-0,3,Static
3/30/2024,ZAAUTO2024-1-00013,ZAAUTO2024-1,8,1-29 DPD,1-29 DPD,352888.2,9319.55,1,3/25/2024,1559.69,FALSE,Same,FALSE,FALSE,SMA-0,4,Static
4/30/2024,ZAAUTO2024-1-00013,ZAAUTO2024-1,0,Current,1-29 DPD,336519.16,0,0,4/1/2024,9184.21,TRUE,Better,FALSE,FALSE,Standard,0,Cure
5/30/2024,ZAAUTO2024-1-00013,ZAAUTO2024-1,0,Current,Current,334566.92,0,0,5/9/2024,8427.72,FALSE,Same,FALSE,FALSE,Standard,0,Static
5/30/2024,ZAAUTO2024-1-00013,ZAAUTO2024-1,0,Current,Current,331599.75,0,0,5/19/2024,9069.16,FALSE,Same,FALSE,FALSE,Standard,0,Static
6/30/2024,ZAAUTO2024-1-00013,ZAAUTO2024-1,0,Current,Current,313181.25,0,0,6/14/2024,8863.37,FALSE,Same,FALSE,FALSE,Standard,0,Static
7/30/2024,ZAAUTO2024-1-00013,ZAAUTO2024-1,0,Current,Current,317722.78,0,0,7/13/2024,9164.55,FALSE,Same,FALSE,FALSE,Standard,0,Static
8/30/2024,ZAAUTO2024-1-00013,ZAAUTO2024-1,0,Current,Current,302633.98,0,0,8/18/2024,8507.28,FALSE,Same,FALSE,FALSE,Standard,0,Static
9/30/2024,ZAAUTO2024-1-00013,ZAAUTO2024-1,0,Current,Current,299808.94,0,0,8/30/2024,9163.69,FALSE,Same,FALSE,FALSE,Standard,0,Static
10/30/2024,ZAAUTO2024-1-00013,ZAAUTO2024-1,0,Current,Current,282790.8,0,0,9/30/2024,9290.52,FALSE,Same,FALSE,FALSE,Standard,0,Static
12/30/2023,ZAAUTO2024-1-00014,ZAAUTO2024-1,0,Current,Current,702941.77,0,0,12/1/2023,13850.04,FALSE,Same,FALSE,FALSE,Standard,0,Static
1/30/2024,ZAAUTO2024-1-00014,ZAAUTO2024-1,0,Current,Current,687593.71,0,0,1/23/2024,14844.73,FALSE,Same,FALSE,FALSE,Standard,0,Static
2/28/2024,ZAAUTO2024-1-00014,ZAAUTO2024-1,0,Current,Current,679397.9,0,0,1/25/2024,15351.81,FALSE,Same,FALSE,FALSE,Standard,0,Static
3/30/2024,ZAAUTO2024-1-00014,ZAAUTO2024-1,0,Current,Current,686031.64,0,0,3/18/2024,13729.6,FALSE,Same,FALSE,FALSE,Standard,0,Static
4/30/2024,ZAAUTO2024-1-00014,ZAAUTO2024-1,0,Current,Current,664599.18,0,0,3/28/2024,14569.77,FALSE,Same,FALSE,FALSE,Standard,0,Static
5/30/2024,ZAAUTO2024-1-00014,ZAAUTO2024-1,0,Current,Current,676134.75,0,0,5/18/2024,13905.98,FALSE,Same,FALSE,FALSE,Standard,0,Static
5/30/2024,ZAAUTO2024-1-00014,ZAAUTO2024-1,0,Current,Current,635920.84,0,0,5/11/2024,13282.94,FALSE,Same,FALSE,FALSE,Standard,0,Static
6/30/2024,ZAAUTO2024-1-00014,ZAAUTO2024-1,0,Current,Current,632262.99,0,0,6/13/2024,13352.22,FALSE,Same,FALSE,FALSE,Standard,0,Static
7/30/2024,ZAAUTO2024-1-00014,ZAAUTO2024-1,0,Current,Current,599592.62,0,0,7/12/2024,14792.02,FALSE,Same,FALSE,FALSE,Standard,0,Static
8/30/2024,ZAAUTO2024-1-00014,ZAAUTO2024-1,0,Current,Current,591518.67,0,0,7/30/2024,13478.27,FALSE,Same,FALSE,FALSE,Standard,0,Static
9/30/2024,ZAAUTO2024-1-00014,ZAAUTO2024-1,0,Current,Current,575457.23,0,0,9/12/2024,14288.41,FALSE,Same,FALSE,FALSE,Standard,0,Static
10/30/2024,ZAAUTO2024-1-00014,ZAAUTO2024-1,0,Current,Current,582108.58,0,0,10/19/2024,15384.1,FALSE,Same,FALSE,FALSE,Standard,0,Static
12/30/2023,ZAAUTO2024-1-00015,ZAAUTO2024-1,0,Current,Current,1182800,0,0,11/25/2023,23010.02,FALSE,Same,FALSE,FALSE,Standard,0,Static
1/30/2024,ZAAUTO2024-1-00015,ZAAUTO2024-1,0,Current,Current,1182800,0,0,1/16/2024,23048.29,FALSE,Same,FALSE,FALSE,Standard,0,Static
2/28/2024,ZAAUTO2024-1-00015,ZAAUTO2024-1,0,Current,Current,1182800,0,0,1/31/2024,21421.16,FALSE,Same,FALSE,FALSE,Standard,0,Static
3/30/2024,ZAAUTO2024-1-00015,ZAAUTO2024-1,0,Current,Current,1182800,0,0,3/3/2024,21448.46,FALSE,Same,FALSE,FALSE,Standard,0,Static
4/30/2024,ZAAUTO2024-1-00015,ZAAUTO2024-1,0,Current,Current,1182800,0,0,4/24/2024,23633.01,FALSE,Same,FALSE,FALSE,Standard,0,Static
5/30/2024,ZAAUTO2024-1-00015,ZAAUTO2024-1,0,Current,Current,1140864.01,0,0,5/17/2024,21309.9,FALSE,Same,FALSE,FALSE,Standard,0,Static
5/30/2024,ZAAUTO2024-1-00015,ZAAUTO2024-1,0,Current,Current,1113426.27,0,0,5/15/2024,21000.92,FALSE,Same,FALSE,FALSE,Standard,0,Static
6/30/2024,ZAAUTO2024-1-00015,ZAAUTO2024-1,0,Current,Current,1095978.82,0,0,6/30/2024,21799.3,FALSE,Same,FALSE,FALSE,Standard,0,Static
7/30/2024,ZAAUTO2024-1-00015,ZAAUTO2024-1,0,Current,Current,1127604,0,0,6/30/2024,21400.43,FALSE,Same,FALSE,FALSE,Standard,0,Static
8/30/2024,ZAAUTO2024-1-00015,ZAAUTO2024-1,0,Current,Current,1074255.79,0,0,8/12/2024,22800.97,FALSE,Same,FALSE,FALSE,Standard,0,Static
9/30/2024,ZAAUTO2024-1-00015,ZAAUTO2024-1,0,Current,Current,1074158.08,0,0,9/16/2024,23552.47,FALSE,Same,FALSE,FALSE,Standard,0,Static
10/30/2024,ZAAUTO2024-1-00015,ZAAUTO2024-1,0,Current,Current,1081889,0,0,10/18/2024,21855.84,FALSE,Same,FALSE,FALSE,Standard,0,Static
12/30/2023,ZAAUTO2024-1-00016,ZAAUTO2024-1,0,Current,Current,1011084.34,0,0,12/5/2023,27365.2,FALSE,Same,FALSE,FALSE,Standard,0,Static
1/30/2024,ZAAUTO2024-1-00016,ZAAUTO2024-1,0,Current,Current,976359.84,0,0,12/30/2023,25375.02,FALSE,Same,FALSE,FALSE,Standard,0,Static
2/28/2024,ZAAUTO2024-1-00016,ZAAUTO2024-1,0,Current,Current,961600.84,0,0,2/1/2024,26544.79,FALSE,Same,FALSE,FALSE,Standard,0,Static
3/30/2024,ZAAUTO2024-1-00016,ZAAUTO2024-1,0,Current,Current,940449.1,0,0,3/29/2024,24009.53,FALSE,Same,FALSE,FALSE,Standard,0,Static
4/30/2024,ZAAUTO2024-1-00016,ZAAUTO2024-1,51,30-59 DPD,Current,933967.52,26277.28,1,4/29/2024,15759.63,FALSE,Worse,FALSE,FALSE,SMA-1,1,Roll
5/30/2024,ZAAUTO2024-1-00016,ZAAUTO2024-1,51,30-59 DPD,30-59 DPD,911157.35,26277.28,1,5/28/2024,12031.46,FALSE,Same,FALSE,FALSE,SMA-1,2,Static
5/30/2024,ZAAUTO2024-1-00016,ZAAUTO2024-1,65,60-89 DPD,30-59 DPD,867607.29,52554.56,2,5/2/2024,14443.14,FALSE,Worse,FALSE,FALSE,SMA-2,3,Roll
6/30/2024,ZAAUTO2024-1-00016,ZAAUTO2024-1,95,90-119 DPD,60-89 DPD,878000.21,78831.84,3,6/3/2024,10008.25,FALSE,Worse,FALSE,FALSE,NPA,4,Roll
7/30/2024,ZAAUTO2024-1-00016,ZAAUTO2024-1,105,90-119 DPD,90-119 DPD,854227.25,78831.84,3,6/30/2024,5486.08,FALSE,Same,FALSE,FALSE,NPA,5,Static
8/30/2024,ZAAUTO2024-1-00016,ZAAUTO2024-1,100,90-119 DPD,90-119 DPD,795051.04,78831.84,3,8/24/2024,13523.34,FALSE,Same,FALSE,FALSE,NPA,6,Static
9/30/2024,ZAAUTO2024-1-00016,ZAAUTO2024-1,100,90-119 DPD,90-119 DPD,778990.04,78831.84,3,8/30/2024,4544.15,FALSE,Same,FALSE,FALSE,NPA,7,Static
10/30/2024,ZAAUTO2024-1-00016,ZAAUTO2024-1,102,90-119 DPD,90-119 DPD,779525.02,78831.84,3,9/25/2024,578.58,FALSE,Same,FALSE,FALSE,NPA,8,Static
12/30/2023,ZAAUTO2024-1-00017,ZAAUTO2024-1,0,Current,Current,475342.19,0,0,11/29/2023,14477.1,FALSE,Same,FALSE,FALSE,Standard,0,Static
1/30/2024,ZAAUTO2024-1-00017,ZAAUTO2024-1,0,Current,Current,470999.08,0,0,1/17/2024,13694.07,FALSE,Same,FALSE,FALSE,Standard,0,Static
2/28/2024,ZAAUTO2024-1-00017,ZAAUTO2024-1,0,Current,Current,441777.34,0,0,2/10/2024,14067.85,FALSE,Same,FALSE,FALSE,Standard,0,Static
3/30/2024,ZAAUTO2024-1-00017,ZAAUTO2024-1,0,Current,Current,451161,0,0,3/23/2024,13173.61,FALSE,Same,FALSE,FALSE,Standard,0,Static
4/30/2024,ZAAUTO2024-1-00017,ZAAUTO2024-1,0,Current,Current,440141.94,0,0,4/15/2024,14661.46,FALSE,Same,FALSE,FALSE,Standard,0,Static
5/30/2024,ZAAUTO2024-1-00017,ZAAUTO2024-1,0,Current,Current,421584.14,0,0,5/30/2024,14317.24,FALSE,Same,FALSE,FALSE,Standard,0,Static
5/30/2024,ZAAUTO2024-1-00017,ZAAUTO2024-1,0,Current,Current,406450.76,0,0,5/23/2024,14118.83,FALSE,Same,FALSE,FALSE,Standard,0,Static
6/30/2024,ZAAUTO2024-1-00017,ZAAUTO2024-1,0,Current,Current,398630.2,0,0,6/21/2024,14199.52,FALSE,Same,FALSE,FALSE,Standard,0,Static
7/30/2024,ZAAUTO2024-1-00017,ZAAUTO2024-1,0,Current,Current,407161.54,0,0,6/28/2024,14651.91,FALSE,Same,FALSE,FALSE,Standard,0,Static
8/30/2024,ZAAUTO2024-1-00017,ZAAUTO2024-1,0,Current,Current,389852.78,0,0,7/31/2024,15252.45,FALSE,Same,FALSE,FALSE,Standard,0,Static
9/30/2024,ZAAUTO2024-1-00017,ZAAUTO2024-1,0,Current,Current,376444.51,0,0,8/26/2024,13426.58,FALSE,Same,FALSE,FALSE,Standard,0,Static
10/30/2024,ZAAUTO2024-1-00017,ZAAUTO2024-1,0,Current,Current,366409.33,0,0,9/28/2024,14741.24,FALSE,Same,FALSE,FALSE,Standard,0,Static
12/30/2023,ZAAUTO2024-1-00018,ZAAUTO2024-1,0,Current,Current,444800,0,0,12/21/2023,8295.17,FALSE,Same,FALSE,FALSE,Standard,0,Static
1/30/2024,ZAAUTO2024-1-00018,ZAAUTO2024-1,0,Current,Current,444800,0,0,1/9/2024,8430.76,FALSE,Same,FALSE,FALSE,Standard,0,Static
2/28/2024,ZAAUTO2024-1-00018,ZAAUTO2024-1,0,Current,Current,444800,0,0,1/30/2024,8920.93,FALSE,Same,FALSE,FALSE,Standard,0,Static
3/30/2024,ZAAUTO2024-1-00018,ZAAUTO2024-1,0,Current,Current,444800,0,0,3/15/2024,8456.34,FALSE,Same,FALSE,FALSE,Standard,0,Static
4/30/2024,ZAAUTO2024-1-00018,ZAAUTO2024-1,0,Current,Current,436279.68,0,0,4/4/2024,7776.73,FALSE,Same,FALSE,FALSE,Standard,0,Static
5/30/2024,ZAAUTO2024-1-00018,ZAAUTO2024-1,0,Current,Current,444800,0,0,5/6/2024,8217.36,FALSE,Same,FALSE,FALSE,Standard,0,Static
5/30/2024,ZAAUTO2024-1-00018,ZAAUTO2024-1,0,Current,Current,436576.25,0,0,5/21/2024,8357.94,FALSE,Same,FALSE,FALSE,Standard,0,Static
6/30/2024,ZAAUTO2024-1-00018,ZAAUTO2024-1,0,Current,Current,411001.26,0,0,5/29/2024,8962.75,FALSE,Same,FALSE,FALSE,Standard,0,Static
7/30/2024,ZAAUTO2024-1-00018,ZAAUTO2024-1,0,Current,Current,413416.62,0,0,7/24/2024,8845.44,FALSE,Same,FALSE,FALSE,Standard,0,Static
8/30/2024,ZAAUTO2024-1-00018,ZAAUTO2024-1,0,Current,Current,410093.21,0,0,7/28/2024,8892.09,FALSE,Same,FALSE,FALSE,Standard,0,Static
9/30/2024,ZAAUTO2024-1-00018,ZAAUTO2024-1,0,Current,Current,391310.02,0,0,9/21/2024,8248.11,FALSE,Same,FALSE,FALSE,Standard,0,Static
10/30/2024,ZAAUTO2024-1-00018,ZAAUTO2024-1,21,1-29 DPD,Current,412012.12,8578.41,1,10/26/2024,2416.49,FALSE,Worse,FALSE,FALSE,SMA-0,1,Roll
12/30/2023,ZAAUTO2024-1-00019,ZAAUTO2024-1,0,Current,Current,621260.11,0,0,12/28/2023,18719.45,FALSE,Same,FALSE,FALSE,Standard,0,Static
1/30/2024,ZAAUTO2024-1-00019,ZAAUTO2024-1,0,Current,Current,581109.95,0,0,1/12/2024,19794.3,FALSE,Same,FALSE,FALSE,Standard,0,Static
2/28/2024,ZAAUTO2024-1-00019,ZAAUTO2024-1,0,Current,Current,589463.19,0,0,2/1/2024,19740.3,FALSE,Same,FALSE,FALSE,Standard,0,Static
3/30/2024,ZAAUTO2024-1-00019,ZAAUTO2024-1,0,Current,Current,576813.75,0,0,3/24/2024,18227.86,FALSE,Same,FALSE,FALSE,Standard,0,Static
4/30/2024,ZAAUTO2024-1-00019,ZAAUTO2024-1,0,Current,Current,560994.3,0,0,4/29/2024,17102.88,FALSE,Same,FALSE,FALSE,Standard,0,Static
5/30/2024,ZAAUTO2024-1-00019,ZAAUTO2024-1,0,Current,Current,551768.64,0,0,5/12/2024,17986.81,FALSE,Same,FALSE,FALSE,Standard,0,Static
5/30/2024,ZAAUTO2024-1-00019,ZAAUTO2024-1,0,Current,Current,524828.13,0,0,5/15/2024,18475.35,FALSE,Same,FALSE,FALSE,Standard,0,Static
6/30/2024,ZAAUTO2024-1-00019,ZAAUTO2024-1,0,Current,Current,516866.99,0,0,6/19/2024,17453.63,FALSE,Same,FALSE,FALSE,Standard,0,Static
7/30/2024,ZAAUTO2024-1-00019,ZAAUTO2024-1,0,Current,Current,486482.13,0,0,7/6/2024,18725.82,FALSE,Same,FALSE,FALSE,Standard,0,Static
8/30/2024,ZAAUTO2024-1-00019,ZAAUTO2024-1,0,Current,Current,479520.04,0,0,8/21/2024,17629.6,FALSE,Same,FALSE,FALSE,Standard,0,Static
9/30/2024,ZAAUTO2024-1-00019,ZAAUTO2024-1,21,1-29 DPD,Current,467233.74,18858.65,1,9/14/2024,7545.43,FALSE,Worse,FALSE,FALSE,SMA-0,1,Roll
10/30/2024,ZAAUTO2024-1-00019,ZAAUTO2024-1,0,Current,1-29 DPD,475692.22,0,0,10/1/2024,19522.12,TRUE,Better,FALSE,FALSE,Standard,0,Cure
12/30/2023,ZAAUTO2024-1-00020,ZAAUTO2024-1,0,Current,Current,678565.45,0,0,12/15/2023,41942.79,FALSE,Same,FALSE,FALSE,Standard,0,Static
1/30/2024,ZAAUTO2024-1-00020,ZAAUTO2024-1,0,Current,Current,653709.63,0,0,1/12/2024,45960.87,FALSE,Same,FALSE,FALSE,Standard,0,Static
2/28/2024,ZAAUTO2024-1-00020,ZAAUTO2024-1,0,Current,Current,631948.32,0,0,2/3/2024,41240.28,FALSE,Same,FALSE,FALSE,Standard,0,Static
3/30/2024,ZAAUTO2024-1-00020,ZAAUTO2024-1,0,Current,Current,625147.73,0,0,3/27/2024,45421.41,FALSE,Same,FALSE,FALSE,Standard,0,Static
4/30/2024,ZAAUTO2024-1-00020,ZAAUTO2024-1,0,Current,Current,613693.98,0,0,4/12/2024,44534.91,FALSE,Same,FALSE,FALSE,Standard,0,Static
5/30/2024,ZAAUTO2024-1-00020,ZAAUTO2024-1,0,Current,Current,572933.13,0,0,5/8/2024,40875.65,FALSE,Same,FALSE,FALSE,Standard,0,Static
5/30/2024,ZAAUTO2024-1-00020,ZAAUTO2024-1,0,Current,Current,552644.73,0,0,5/14/2024,43890.94,FALSE,Same,FALSE,FALSE,Standard,0,Static
6/30/2024,ZAAUTO2024-1-00020,ZAAUTO2024-1,0,Current,Current,554613.77,0,0,6/22/2024,43565.49,FALSE,Same,FALSE,FALSE,Standard,0,Static
7/30/2024,ZAAUTO2024-1-00020,ZAAUTO2024-1,0,Current,Current,542100.71,0,0,7/28/2024,41466.72,FALSE,Same,FALSE,FALSE,Standard,0,Static
8/30/2024,ZAAUTO2024-1-00020,ZAAUTO2024-1,0,Current,Current,505808.66,0,0,8/7/2024,44249.78,FALSE,Same,FALSE,FALSE,Standard,0,Static
9/30/2024,ZAAUTO2024-1-00020,ZAAUTO2024-1,3,1-29 DPD,Current,503128.95,43818,1,9/10/2024,19651.87,FALSE,Worse,FALSE,FALSE,SMA-0,1,Roll
10/30/2024,ZAAUTO2024-1-00020,ZAAUTO2024-1,6,1-29 DPD,1-29 DPD,459858.39,43818,1,9/26/2024,23042.85,FALSE,Same,FALSE,FALSE,SMA-0,2,Static
12/30/2023,ZAAUTO2024-1-00021,ZAAUTO2024-1,0,Current,Current,1281433.89,0,0,12/16/2023,51097.08,FALSE,Same,FALSE,FALSE,Standard,0,Static
1/30/2024,ZAAUTO2024-1-00021,ZAAUTO2024-1,0,Current,Current,1320599.4,0,0,1/5/2024,51895.02,FALSE,Same,FALSE,FALSE,Standard,0,Static
2/28/2024,ZAAUTO2024-1-00021,ZAAUTO2024-1,0,Current,Current,1306133.38,0,0,2/5/2024,45363.02,FALSE,Same,FALSE,FALSE,Standard,0,Static
3/30/2024,ZAAUTO2024-1-00021,ZAAUTO2024-1,0,Current,Current,1247615.46,0,0,3/14/2024,48687.01,FALSE,Same,FALSE,FALSE,Standard,0,Static
4/30/2024,ZAAUTO2024-1-00021,ZAAUTO2024-1,15,1-29 DPD,Current,1224067.21,49656.01,1,4/14/2024,17416.15,FALSE,Worse,FALSE,FALSE,SMA-0,1,Roll
5/30/2024,ZAAUTO2024-1-00021,ZAAUTO2024-1,0,Current,1-29 DPD,1242000.34,0,0,5/7/2024,45497.41,TRUE,Better,FALSE,FALSE,Standard,0,Cure
5/30/2024,ZAAUTO2024-1-00021,ZAAUTO2024-1,0,Current,Current,1170190.87,0,0,5/29/2024,49305.04,FALSE,Same,FALSE,FALSE,Standard,0,Static
6/30/2024,ZAAUTO2024-1-00021,ZAAUTO2024-1,0,Current,Current,1208216.59,0,0,6/10/2024,51507.6,FALSE,Same,FALSE,FALSE,Standard,0,Static
7/30/2024,ZAAUTO2024-1-00021,ZAAUTO2024-1,0,Current,Current,1127130.31,0,0,7/26/2024,49423.15,FALSE,Same,FALSE,FALSE,Standard,0,Static
8/30/2024,ZAAUTO2024-1-00021,ZAAUTO2024-1,0,Current,Current,1125607.53,0,0,8/11/2024,49526.21,FALSE,Same,FALSE,FALSE,Standard,0,Static
9/30/2024,ZAAUTO2024-1-00021,ZAAUTO2024-1,0,Current,Current,1076889.04,0,0,9/28/2024,51738.54,FALSE,Same,FALSE,FALSE,Standard,0,Static
10/30/2024,ZAAUTO2024-1-00021,ZAAUTO2024-1,0,Current,Current,1070526.32,0,0,9/29/2024,45555.32,FALSE,Same,FALSE,FALSE,Standard,0,Static
12/30/2023,ZAAUTO2024-1-00022,ZAAUTO2024-1,0,Current,Current,1070892.88,0,0,12/4/2023,56366.53,FALSE,Same,FALSE,FALSE,Standard,0,Static
1/30/2024,ZAAUTO2024-1-00022,ZAAUTO2024-1,0,Current,Current,1005577.53,0,0,1/7/2024,50503.42,FALSE,Same,FALSE,FALSE,Standard,0,Static
2/28/2024,ZAAUTO2024-1-00022,ZAAUTO2024-1,0,Current,Current,993131.84,0,0,2/13/2024,55687.41,FALSE,Same,FALSE,FALSE,Standard,0,Static
3/30/2024,ZAAUTO2024-1-00022,ZAAUTO2024-1,0,Current,Current,944842.65,0,0,3/7/2024,53161.26,FALSE,Same,FALSE,FALSE,Standard,0,Static
4/30/2024,ZAAUTO2024-1-00022,ZAAUTO2024-1,0,Current,Current,980208.25,0,0,4/8/2024,49230.37,FALSE,Same,FALSE,FALSE,Standard,0,Static
5/30/2024,ZAAUTO2024-1-00022,ZAAUTO2024-1,0,Current,Current,908788.85,0,0,5/23/2024,56447.42,FALSE,Same,FALSE,FALSE,Standard,0,Static
5/30/2024,ZAAUTO2024-1-00022,ZAAUTO2024-1,0,Current,Current,919691.51,0,0,5/25/2024,54122.25,FALSE,Same,FALSE,FALSE,Standard,0,Static
6/30/2024,ZAAUTO2024-1-00022,ZAAUTO2024-1,0,Current,Current,883268.47,0,0,6/29/2024,49149.37,FALSE,Same,FALSE,FALSE,Standard,0,Static
7/30/2024,ZAAUTO2024-1-00022,ZAAUTO2024-1,0,Current,Current,839888.27,0,0,7/22/2024,55131.21,FALSE,Same,FALSE,FALSE,Standard,0,Static
8/30/2024,ZAAUTO2024-1-00022,ZAAUTO2024-1,0,Current,Current,808134.47,0,0,7/26/2024,50421.28,FALSE,Same,FALSE,FALSE,Standard,0,Static
9/30/2024,ZAAUTO2024-1-00022,ZAAUTO2024-1,0,Current,Current,784742.09,0,0,9/16/2024,51407.44,FALSE,Same,FALSE,FALSE,Standard,0,Static
10/30/2024,ZAAUTO2024-1-00022,ZAAUTO2024-1,0,Current,Current,756945.56,0,0,10/30/2024,50990.85,FALSE,Same,FALSE,FALSE,Standard,0,Static
12/30/2023,ZAAUTO2024-1-00023,ZAAUTO2024-1,0,Current,Current,1012434.77,0,0,12/22/2023,27119.96,FALSE,Same,FALSE,FALSE,Standard,0,Static
1/30/2024,ZAAUTO2024-1-00023,ZAAUTO2024-1,0,Current,Current,1015803.15,0,0,1/26/2024,26052.04,FALSE,Same,FALSE,FALSE,Standard,0,Static
2/28/2024,ZAAUTO2024-1-00023,ZAAUTO2024-1,0,Current,Current,1017967.18,0,0,1/27/2024,26524.39,FALSE,Same,FALSE,FALSE,Standard,0,Static
3/30/2024,ZAAUTO2024-1-00023,ZAAUTO2024-1,0,Current,Current,979213.76,0,0,3/16/2024,27939.38,FALSE,Same,FALSE,FALSE,Standard,0,Static
4/30/2024,ZAAUTO2024-1-00023,ZAAUTO2024-1,0,Current,Current,935509.23,0,0,3/28/2024,25349.62,FALSE,Same,FALSE,FALSE,Standard,0,Static
5/30/2024,ZAAUTO2024-1-00023,ZAAUTO2024-1,0,Current,Current,960896.23,0,0,5/29/2024,24380.93,FALSE,Same,FALSE,FALSE,Standard,0,Static
5/30/2024,ZAAUTO2024-1-00023,ZAAUTO2024-1,0,Current,Current,934130.02,0,0,5/5/2024,25851.02,FALSE,Same,FALSE,FALSE,Standard,0,Static
6/30/2024,ZAAUTO2024-1-00023,ZAAUTO2024-1,0,Current,Current,894220.66,0,0,6/2/2024,24431.88,FALSE,Same,FALSE,FALSE,Standard,0,Static
7/30/2024,ZAAUTO2024-1-00023,ZAAUTO2024-1,0,Current,Current,877232.35,0,0,7/21/2024,24400.47,FALSE,Same,FALSE,FALSE,Standard,0,Static
8/30/2024,ZAAUTO2024-1-00023,ZAAUTO2024-1,9,1-29 DPD,Current,896339.28,26818.05,1,7/26/2024,11459.13,FALSE,Worse,FALSE,FALSE,SMA-0,1,Roll
9/30/2024,ZAAUTO2024-1-00023,ZAAUTO2024-1,13,1-29 DPD,1-29 DPD,903490.82,26818.05,1,8/28/2024,4745.15,FALSE,Same,FALSE,FALSE,SMA-0,2,Static
10/30/2024,ZAAUTO2024-1-00023,ZAAUTO2024-1,0,Current,1-29 DPD,857469.37,0,0,10/3/2024,24535.21,TRUE,Better,FALSE,FALSE,Standard,0,Cure
12/30/2023,ZAAUTO2024-1-00024,ZAAUTO2024-1,0,Current,Current,518100,0,0,12/3/2023,15998.23,FALSE,Same,FALSE,FALSE,Standard,0,Static
1/30/2024,ZAAUTO2024-1-00024,ZAAUTO2024-1,0,Current,Current,518100,0,0,1/21/2024,16946.84,FALSE,Same,FALSE,FALSE,Standard,0,Static
2/28/2024,ZAAUTO2024-1-00024,ZAAUTO2024-1,0,Current,Current,518100,0,0,2/23/2024,17314.2,FALSE,Same,FALSE,FALSE,Standard,0,Static
3/30/2024,ZAAUTO2024-1-00024,ZAAUTO2024-1,0,Current,Current,517877.1,0,0,3/24/2024,17093.24,FALSE,Same,FALSE,FALSE,Standard,0,Static
4/30/2024,ZAAUTO2024-1-00024,ZAAUTO2024-1,0,Current,Current,518100,0,0,4/22/2024,16616.23,FALSE,Same,FALSE,FALSE,Standard,0,Static
5/30/2024,ZAAUTO2024-1-00024,ZAAUTO2024-1,0,Current,Current,518100,0,0,4/25/2024,16629.69,FALSE,Same,FALSE,FALSE,Standard,0,Static
5/30/2024,ZAAUTO2024-1-00024,ZAAUTO2024-1,22,1-29 DPD,Current,496627.96,16895.76,1,5/8/2024,8856.16,FALSE,Worse,FALSE,FALSE,SMA-0,1,Roll
6/30/2024,ZAAUTO2024-1-00024,ZAAUTO2024-1,25,1-29 DPD,1-29 DPD,499920.65,16895.76,1,6/27/2024,9817.1,FALSE,Same,FALSE,FALSE,SMA-0,2,Static
7/30/2024,ZAAUTO2024-1-00024,ZAAUTO2024-1,20,1-29 DPD,1-29 DPD,488420.79,16895.76,1,7/24/2024,5858.62,FALSE,Same,FALSE,FALSE,SMA-0,3,Static
8/30/2024,ZAAUTO2024-1-00024,ZAAUTO2024-1,7,1-29 DPD,1-29 DPD,475405.3,16895.76,1,7/31/2024,2273.27,FALSE,Same,FALSE,FALSE,SMA-0,4,Static
9/30/2024,ZAAUTO2024-1-00024,ZAAUTO2024-1,4,1-29 DPD,1-29 DPD,474599.03,16895.76,1,8/26/2024,3726.13,FALSE,Same,FALSE,FALSE,SMA-0,5,Static
10/30/2024,ZAAUTO2024-1-00024,ZAAUTO2024-1,25,1-29 DPD,1-29 DPD,464625.5,16895.76,1,10/16/2024,8183.17,FALSE,Same,FALSE,FALSE,SMA-0,6,Static
12/30/2023,ZAAUTO2024-1-00025,ZAAUTO2024-1,0,Current,Current,1028958.92,0,0,12/9/2023,24745.33,FALSE,Same,FALSE,FALSE,Standard,0,Static
1/30/2024,ZAAUTO2024-1-00025,ZAAUTO2024-1,0,Current,Current,1003232.8,0,0,1/21/2024,25584.19,FALSE,Same,FALSE,FALSE,Standard,0,Static
2/28/2024,ZAAUTO2024-1-00025,ZAAUTO2024-1,0,Current,Current,1002707.76,0,0,2/19/2024,26264.66,FALSE,Same,FALSE,FALSE,Standard,0,Static
3/30/2024,ZAAUTO2024-1-00025,ZAAUTO2024-1,0,Current,Current,1026483.47,0,0,3/25/2024,26284.7,FALSE,Same,FALSE,FALSE,Standard,0,Static
4/30/2024,ZAAUTO2024-1-00025,ZAAUTO2024-1,0,Current,Current,956767.51,0,0,4/4/2024,25145.17,FALSE,Same,FALSE,FALSE,Standard,0,Static
5/30/2024,ZAAUTO2024-1-00025,ZAAUTO2024-1,0,Current,Current,936521.32,0,0,5/11/2024,26189.18,FALSE,Same,FALSE,FALSE,Standard,0,Static
5/30/2024,ZAAUTO2024-1-00025,ZAAUTO2024-1,25,1-29 DPD,Current,972834.58,25975.16,1,5/25/2024,13766.97,FALSE,Worse,FALSE,FALSE,SMA-0,1,Roll
6/30/2024,ZAAUTO2024-1-00025,ZAAUTO2024-1,5,1-29 DPD,1-29 DPD,904040.86,25975.16,1,6/27/2024,10503.87,FALSE,Same,FALSE,FALSE,SMA-0,2,Static
7/30/2024,ZAAUTO2024-1-00025,ZAAUTO2024-1,9,1-29 DPD,1-29 DPD,906276.12,25975.16,1,7/3/2024,7569.08,FALSE,Same,FALSE,FALSE,SMA-0,3,Static
8/30/2024,ZAAUTO2024-1-00025,ZAAUTO2024-1,15,1-29 DPD,1-29 DPD,887861.35,25975.16,1,8/17/2024,11765.86,FALSE,Same,FALSE,FALSE,SMA-0,4,Static
9/30/2024,ZAAUTO2024-1-00025,ZAAUTO2024-1,0,Current,1-29 DPD,852604.24,0,0,9/3/2024,23809.7,TRUE,Better,FALSE,FALSE,Standard,0,Cure
10/30/2024,ZAAUTO2024-1-00025,ZAAUTO2024-1,0,Current,Current,870910.61,0,0,9/29/2024,25430.72,FALSE,Same,FALSE,FALSE,Standard,0,Static
12/30/2023,ZAAUTO2024-1-00026,ZAAUTO2024-1,0,Current,Current,2039691.85,0,0,12/22/2023,55342.8,FALSE,Same,FALSE,FALSE,Standard,0,Static
1/30/2024,ZAAUTO2024-1-00026,ZAAUTO2024-1,0,Current,Current,2037593.92,0,0,12/29/2023,56891.28,FALSE,Same,FALSE,FALSE,Standard,0,Static
2/28/2024,ZAAUTO2024-1-00026,ZAAUTO2024-1,0,Current,Current,1990745.28,0,0,2/6/2024,52670.02,FALSE,Same,FALSE,FALSE,Standard,0,Static
3/30/2024,ZAAUTO2024-1-00026,ZAAUTO2024-1,0,Current,Current,1975495.65,0,0,3/28/2024,55828.66,FALSE,Same,FALSE,FALSE,Standard,0,Static
4/30/2024,ZAAUTO2024-1-00026,ZAAUTO2024-1,0,Current,Current,1879318.88,0,0,4/26/2024,59522.89,FALSE,Same,FALSE,FALSE,Standard,0,Static
5/30/2024,ZAAUTO2024-1-00026,ZAAUTO2024-1,0,Current,Current,1853363.22,0,0,5/5/2024,58199.12,FALSE,Same,FALSE,FALSE,Standard,0,Static
5/30/2024,ZAAUTO2024-1-00026,ZAAUTO2024-1,0,Current,Current,1791626.16,0,0,5/23/2024,55558.14,FALSE,Same,FALSE,FALSE,Standard,0,Static
6/30/2024,ZAAUTO2024-1-00026,ZAAUTO2024-1,0,Current,Current,1819236.47,0,0,6/20/2024,58995.61,FALSE,Same,FALSE,FALSE,Standard,0,Static
7/30/2024,ZAAUTO2024-1-00026,ZAAUTO2024-1,20,1-29 DPD,Current,1714748.88,57827.59,1,7/7/2024,3057.8,FALSE,Worse,FALSE,FALSE,SMA-0,1,Roll
8/30/2024,ZAAUTO2024-1-00026,ZAAUTO2024-1,0,Current,1-29 DPD,1719442.3,0,0,8/15/2024,55823.95,TRUE,Better,FALSE,FALSE,Standard,0,Cure
9/30/2024,ZAAUTO2024-1-00026,ZAAUTO2024-1,0,Current,Current,1625501.54,0,0,9/25/2024,55477.77,FALSE,Same,FALSE,FALSE,Standard,0,Static
10/30/2024,ZAAUTO2024-1-00026,ZAAUTO2024-1,0,Current,Current,1574295.91,0,0,10/9/2024,53966.78,FALSE,Same,FALSE,FALSE,Standard,0,Static
12/30/2023,ZAAUTO2024-1-00027,ZAAUTO2024-1,0,Current,Current,570334.42,0,0,12/19/2023,26559.22,FALSE,Same,FALSE,FALSE,Standard,0,Static
1/30/2024,ZAAUTO2024-1-00027,ZAAUTO2024-1,0,Current,Current,575439.15,0,0,1/26/2024,24848.57,FALSE,Same,FALSE,FALSE,Standard,0,Static
2/28/2024,ZAAUTO2024-1-00027,ZAAUTO2024-1,25,1-29 DPD,Current,554579.47,26817.75,1,1/30/2024,12139.52,FALSE,Worse,FALSE,FALSE,SMA-0,1,Roll
3/30/2024,ZAAUTO2024-1-00027,ZAAUTO2024-1,25,1-29 DPD,1-29 DPD,537190.11,26817.75,1,3/10/2024,13906.29,FALSE,Same,FALSE,FALSE,SMA-0,2,Static
4/30/2024,ZAAUTO2024-1-00027,ZAAUTO2024-1,0,Current,1-29 DPD,523454.59,0,0,4/21/2024,25904.99,TRUE,Better,FALSE,FALSE,Standard,0,Cure
5/30/2024,ZAAUTO2024-1-00027,ZAAUTO2024-1,0,Current,Current,502243.95,0,0,5/11/2024,27339.34,FALSE,Same,FALSE,FALSE,Standard,0,Static
5/30/2024,ZAAUTO2024-1-00027,ZAAUTO2024-1,0,Current,Current,491116.95,0,0,5/8/2024,26176.82,FALSE,Same,FALSE,FALSE,Standard,0,Static
6/30/2024,ZAAUTO2024-1-00027,ZAAUTO2024-1,0,Current,Current,466171.22,0,0,6/2/2024,24287.26,FALSE,Same,FALSE,FALSE,Standard,0,Static
7/30/2024,ZAAUTO2024-1-00027,ZAAUTO2024-1,0,Current,Current,452864.91,0,0,7/12/2024,24444.64,FALSE,Same,FALSE,FALSE,Standard,0,Static
8/30/2024,ZAAUTO2024-1-00027,ZAAUTO2024-1,0,Current,Current,453154.57,0,0,8/25/2024,26609.95,FALSE,Same,FALSE,FALSE,Standard,0,Static
9/30/2024,ZAAUTO2024-1-00027,ZAAUTO2024-1,0,Current,Current,426525.58,0,0,9/1/2024,26470.44,FALSE,Same,FALSE,FALSE,Standard,0,Static
10/30/2024,ZAAUTO2024-1-00027,ZAAUTO2024-1,0,Current,Current,424166.7,0,0,10/28/2024,25945.1,FALSE,Same,FALSE,FALSE,Standard,0,Static
12/30/2023,ZAAUTO2024-1-00028,ZAAUTO2024-1,0,Current,Current,1970200,0,0,12/15/2023,41178.22,FALSE,Same,FALSE,FALSE,Standard,0,Static
1/30/2024,ZAAUTO2024-1-00028,ZAAUTO2024-1,0,Current,Current,1970200,0,0,12/28/2023,40043.28,FALSE,Same,FALSE,FALSE,Standard,0,Static
2/28/2024,ZAAUTO2024-1-00028,ZAAUTO2024-1,0,Current,Current,1950390.82,0,0,2/5/2024,42469.35,FALSE,Same,FALSE,FALSE,Standard,0,Static
3/30/2024,ZAAUTO2024-1-00028,ZAAUTO2024-1,0,Current,Current,1953996.97,0,0,3/9/2024,41001.89,FALSE,Same,FALSE,FALSE,Standard,0,Static
4/30/2024,ZAAUTO2024-1-00028,ZAAUTO2024-1,0,Current,Current,1878911.94,0,0,4/9/2024,37238.75,FALSE,Same,FALSE,FALSE,Standard,0,Static
5/30/2024,ZAAUTO2024-1-00028,ZAAUTO2024-1,0,Current,Current,1856452.84,0,0,5/6/2024,38578.5,FALSE,Same,FALSE,FALSE,Standard,0,Static
5/30/2024,ZAAUTO2024-1-00028,ZAAUTO2024-1,0,Current,Current,1912357.91,0,0,5/21/2024,38880.64,FALSE,Same,FALSE,FALSE,Standard,0,Static
6/30/2024,ZAAUTO2024-1-00028,ZAAUTO2024-1,0,Current,Current,1864215.33,0,0,6/21/2024,42462.04,FALSE,Same,FALSE,FALSE,Standard,0,Static
7/30/2024,ZAAUTO2024-1-00028,ZAAUTO2024-1,0,Current,Current,1799606.78,0,0,7/5/2024,37625.76,FALSE,Same,FALSE,FALSE,Standard,0,Static
8/30/2024,ZAAUTO2024-1-00028,ZAAUTO2024-1,0,Current,Current,1821739.52,0,0,8/25/2024,38734.65,FALSE,Same,FALSE,FALSE,Standard,0,Static
9/30/2024,ZAAUTO2024-1-00028,ZAAUTO2024-1,0,Current,Current,1750511.81,0,0,9/9/2024,41826.28,FALSE,Same,FALSE,FALSE,Standard,0,Static
10/30/2024,ZAAUTO2024-1-00028,ZAAUTO2024-1,0,Current,Current,1757877.05,0,0,9/27/2024,37407.83,FALSE,Same,FALSE,FALSE,Standard,0,Static
12/30/2023,ZAAUTO2024-1-00029,ZAAUTO2024-1,0,Current,Current,926773.32,0,0,11/28/2023,23696.68,FALSE,Same,FALSE,FALSE,Standard,0,Static
1/30/2024,ZAAUTO2024-1-00029,ZAAUTO2024-1,0,Current,Current,912798.04,0,0,12/28/2023,21130.88,FALSE,Same,FALSE,FALSE,Standard,0,Static
2/28/2024,ZAAUTO2024-1-00029,ZAAUTO2024-1,11,1-29 DPD,Current,898355.71,23331.97,1,2/20/2024,8360.96,FALSE,Worse,FALSE,FALSE,SMA-0,1,Roll
3/30/2024,ZAAUTO2024-1-00029,ZAAUTO2024-1,0,Current,1-29 DPD,837248.72,0,0,3/19/2024,23908.31,TRUE,Better,FALSE,FALSE,Standard,0,Cure
4/30/2024,ZAAUTO2024-1-00029,ZAAUTO2024-1,0,Current,Current,857942.39,0,0,4/20/2024,23522.77,FALSE,Same,FALSE,FALSE,Standard,0,Static
5/30/2024,ZAAUTO2024-1-00029,ZAAUTO2024-1,0,Current,Current,798356.11,0,0,5/7/2024,23365.9,FALSE,Same,FALSE,FALSE,Standard,0,Static
5/30/2024,ZAAUTO2024-1-00029,ZAAUTO2024-1,8,1-29 DPD,Current,835480.9,23331.97,1,5/12/2024,10532.86,FALSE,Worse,FALSE,FALSE,SMA-0,1,Roll
6/30/2024,ZAAUTO2024-1-00029,ZAAUTO2024-1,0,Current,1-29 DPD,807858.02,0,0,6/16/2024,22867.7,TRUE,Better,FALSE,FALSE,Standard,0,Cure
7/30/2024,ZAAUTO2024-1-00029,ZAAUTO2024-1,0,Current,Current,764776.32,0,0,6/30/2024,24162.5,FALSE,Same,FALSE,FALSE,Standard,0,Static
8/30/2024,ZAAUTO2024-1-00029,ZAAUTO2024-1,0,Current,Current,742163.68,0,0,8/2/2024,22614.56,FALSE,Same,FALSE,FALSE,Standard,0,Static
9/30/2024,ZAAUTO2024-1-00029,ZAAUTO2024-1,0,Current,Current,730539.65,0,0,9/6/2024,22758.84,FALSE,Same,FALSE,FALSE,Standard,0,Static
10/30/2024,ZAAUTO2024-1-00029,ZAAUTO2024-1,0,Current,Current,721241.43,0,0,10/20/2024,23857.73,FALSE,Same,FALSE,FALSE,Standard,0,Static
12/30/2023,ZAAUTO2024-1-00030,ZAAUTO2024-1,0,Current,Current,1288842.6,0,0,11/28/2023,56022.77,FALSE,Same,FALSE,FALSE,Standard,0,Static
1/30/2024,ZAAUTO2024-1-00030,ZAAUTO2024-1,0,Current,Current,1271295.45,0,0,1/16/2024,62122.81,FALSE,Same,FALSE,FALSE,Standard,0,Static
2/28/2024,ZAAUTO2024-1-00030,ZAAUTO2024-1,0,Current,Current,1277946.78,0,0,2/27/2024,58461.02,FALSE,Same,FALSE,FALSE,Standard,0,Static
3/30/2024,ZAAUTO2024-1-00030,ZAAUTO2024-1,0,Current,Current,1202008.93,0,0,3/7/2024,56828.65,FALSE,Same,FALSE,FALSE,Standard,0,Static
4/30/2024,ZAAUTO2024-1-00030,ZAAUTO2024-1,0,Current,Current,1219290.37,0,0,4/7/2024,56726.23,FALSE,Same,FALSE,FALSE,Standard,0,Static
5/30/2024,ZAAUTO2024-1-00030,ZAAUTO2024-1,0,Current,Current,1130117.41,0,0,5/24/2024,62327.62,FALSE,Same,FALSE,FALSE,Standard,0,Static
5/30/2024,ZAAUTO2024-1-00030,ZAAUTO2024-1,0,Current,Current,1123693.4,0,0,5/21/2024,55933.92,FALSE,Same,FALSE,FALSE,Standard,0,Static
6/30/2024,ZAAUTO2024-1-00030,ZAAUTO2024-1,0,Current,Current,1062479.89,0,0,5/31/2024,61023.46,FALSE,Same,FALSE,FALSE,Standard,0,Static
7/30/2024,ZAAUTO2024-1-00030,ZAAUTO2024-1,0,Current,Current,1018949.13,0,0,6/30/2024,58768.18,FALSE,Same,FALSE,FALSE,Standard,0,Static
8/30/2024,ZAAUTO2024-1-00030,ZAAUTO2024-1,0,Current,Current,977160.35,0,0,8/25/2024,54853.12,FALSE,Same,FALSE,FALSE,Standard,0,Static
9/30/2024,ZAAUTO2024-1-00030,ZAAUTO2024-1,7,1-29 DPD,Current,1003066.34,60755.48,1,8/26/2024,34274.33,FALSE,Worse,FALSE,FALSE,SMA-0,1,Roll
10/30/2024,ZAAUTO2024-1-00030,ZAAUTO2024-1,20,1-29 DPD,1-29 DPD,948587.41,60755.48,1,10/23/2024,28294.04,FALSE,Same,FALSE,FALSE,SMA-0,2,Static
12/30/2023,ZAAUTO2024-1-00031,ZAAUTO2024-1,0,Current,Current,1026880.02,0,0,12/12/2023,21965.19,FALSE,Same,FALSE,FALSE,Standard,0,Static
1/30/2024,ZAAUTO2024-1-00031,ZAAUTO2024-1,0,Current,Current,1003158.2,0,0,1/15/2024,22448.36,FALSE,Same,FALSE,FALSE,Standard,0,Static
2/28/2024,ZAAUTO2024-1-00031,ZAAUTO2024-1,0,Current,Current,957151.27,0,0,2/23/2024,22287.18,FALSE,Same,FALSE,FALSE,Standard,0,Static
3/30/2024,ZAAUTO2024-1-00031,ZAAUTO2024-1,0,Current,Current,953230.56,0,0,2/26/2024,22357.55,FALSE,Same,FALSE,FALSE,Standard,0,Static
4/30/2024,ZAAUTO2024-1-00031,ZAAUTO2024-1,0,Current,Current,965900.2,0,0,3/29/2024,22391.95,FALSE,Same,FALSE,FALSE,Standard,0,Static
5/30/2024,ZAAUTO2024-1-00031,ZAAUTO2024-1,0,Current,Current,923252.57,0,0,4/30/2024,20647.45,FALSE,Same,FALSE,FALSE,Standard,0,Static
5/30/2024,ZAAUTO2024-1-00031,ZAAUTO2024-1,0,Current,Current,907010.28,0,0,5/7/2024,21365.3,FALSE,Same,FALSE,FALSE,Standard,0,Static
6/30/2024,ZAAUTO2024-1-00031,ZAAUTO2024-1,0,Current,Current,867345.12,0,0,6/26/2024,21676.72,FALSE,Same,FALSE,FALSE,Standard,0,Static
7/30/2024,ZAAUTO2024-1-00031,ZAAUTO2024-1,0,Current,Current,896691.44,0,0,7/24/2024,23134.51,FALSE,Same,FALSE,FALSE,Standard,0,Static
8/30/2024,ZAAUTO2024-1-00031,ZAAUTO2024-1,0,Current,Current,880426.76,0,0,8/9/2024,20954.5,FALSE,Same,FALSE,FALSE,Standard,0,Static
9/30/2024,ZAAUTO2024-1-00031,ZAAUTO2024-1,0,Current,Current,840897.49,0,0,9/9/2024,23278.03,FALSE,Same,FALSE,FALSE,Standard,0,Static
10/30/2024,ZAAUTO2024-1-00031,ZAAUTO2024-1,0,Current,Current,814432.03,0,0,10/1/2024,23849.64,FALSE,Same,FALSE,FALSE,Standard,0,Static
12/30/2023,ZAAUTO2024-1-00032,ZAAUTO2024-1,0,Current,Current,1299828.54,0,0,11/26/2023,22290.95,FALSE,Same,FALSE,FALSE,Standard,0,Static
1/30/2024,ZAAUTO2024-1-00032,ZAAUTO2024-1,0,Current,Current,1245311.45,0,0,1/18/2024,21646.03,FALSE,Same,FALSE,FALSE,Standard,0,Static
2/28/2024,ZAAUTO2024-1-00032,ZAAUTO2024-1,0,Current,Current,1298719.67,0,0,2/25/2024,23642.16,FALSE,Same,FALSE,FALSE,Standard,0,Static
3/30/2024,ZAAUTO2024-1-00032,ZAAUTO2024-1,0,Current,Current,1229687.43,0,0,3/23/2024,23413.32,FALSE,Same,FALSE,FALSE,Standard,0,Static
4/30/2024,ZAAUTO2024-1-00032,ZAAUTO2024-1,0,Current,Current,1217491.42,0,0,4/5/2024,23220.37,FALSE,Same,FALSE,FALSE,Standard,0,Static
5/30/2024,ZAAUTO2024-1-00032,ZAAUTO2024-1,0,Current,Current,1235082.56,0,0,5/6/2024,21828.28,FALSE,Same,FALSE,FALSE,Standard,0,Static
5/30/2024,ZAAUTO2024-1-00032,ZAAUTO2024-1,0,Current,Current,1153548.84,0,0,4/29/2024,21925.76,FALSE,Same,FALSE,FALSE,Standard,0,Static
6/30/2024,ZAAUTO2024-1-00032,ZAAUTO2024-1,0,Current,Current,1182695.69,0,0,6/13/2024,23419.54,FALSE,Same,FALSE,FALSE,Standard,0,Static
7/30/2024,ZAAUTO2024-1-00032,ZAAUTO2024-1,0,Current,Current,1154986.59,0,0,7/25/2024,22143.6,FALSE,Same,FALSE,FALSE,Standard,0,Static
8/30/2024,ZAAUTO2024-1-00032,ZAAUTO2024-1,0,Current,Current,1154294.91,0,0,8/19/2024,22539.14,FALSE,Same,FALSE,FALSE,Standard,0,Static
9/30/2024,ZAAUTO2024-1-00032,ZAAUTO2024-1,0,Current,Current,1079586.5,0,0,9/25/2024,21790,FALSE,Same,FALSE,FALSE,Standard,0,Static
10/30/2024,ZAAUTO2024-1-00032,ZAAUTO2024-1,0,Current,Current,1056330.95,0,0,10/2/2024,22735.92,FALSE,Same,FALSE,FALSE,Standard,0,Static
12/30/2023,ZAAUTO2024-1-00033,ZAAUTO2024-1,0,Current,Current,631139.85,0,0,12/7/2023,12554.97,FALSE,Same,FALSE,FALSE,Standard,0,Static
1/30/2024,ZAAUTO2024-1-00033,ZAAUTO2024-1,24,1-29 DPD,Current,622736.02,12851.02,1,1/29/2024,1100.92,FALSE,Worse,FALSE,FALSE,SMA-0,1,Roll
2/28/2024,ZAAUTO2024-1-00033,ZAAUTO2024-1,20,1-29 DPD,1-29 DPD,612414.34,12851.02,1,1/31/2024,268.32,FALSE,Same,FALSE,FALSE,SMA-0,2,Static
3/30/2024,ZAAUTO2024-1-00033,ZAAUTO2024-1,0,Current,1-29 DPD,576337.12,0,0,3/7/2024,12264.02,TRUE,Better,FALSE,FALSE,Standard,0,Cure
4/30/2024,ZAAUTO2024-1-00033,ZAAUTO2024-1,19,1-29 DPD,Current,565065.7,12851.02,1,4/21/2024,5235.98,FALSE,Worse,FALSE,FALSE,SMA-0,1,Roll
5/30/2024,ZAAUTO2024-1-00033,ZAAUTO2024-1,0,Current,1-29 DPD,592673.13,0,0,5/7/2024,12421.68,TRUE,Better,FALSE,FALSE,Standard,0,Cure
5/30/2024,ZAAUTO2024-1-00033,ZAAUTO2024-1,0,Current,Current,547252.35,0,0,5/22/2024,12586.53,FALSE,Same,FALSE,FALSE,Standard,0,Static
6/30/2024,ZAAUTO2024-1-00033,ZAAUTO2024-1,0,Current,Current,550067.15,0,0,6/13/2024,12047.08,FALSE,Same,FALSE,FALSE,Standard,0,Static
7/30/2024,ZAAUTO2024-1-00033,ZAAUTO2024-1,0,Current,Current,529003.98,0,0,7/19/2024,12527.9,FALSE,Same,FALSE,FALSE,Standard,0,Static
8/30/2024,ZAAUTO2024-1-00033,ZAAUTO2024-1,0,Current,Current,529523.68,0,0,7/26/2024,11792.92,FALSE,Same,FALSE,FALSE,Standard,0,Static
9/30/2024,ZAAUTO2024-1-00033,ZAAUTO2024-1,0,Current,Current,533908.19,0,0,9/2/2024,11979.54,FALSE,Same,FALSE,FALSE,Standard,0,Static
10/30/2024,ZAAUTO2024-1-00033,ZAAUTO2024-1,0,Current,Current,517622.58,0,0,9/29/2024,11951.79,FALSE,Same,FALSE,FALSE,Standard,0,Static
12/30/2023,ZAAUTO2024-1-00034,ZAAUTO2024-1,0,Current,Current,835014.46,0,0,12/11/2023,34151,FALSE,Same,FALSE,FALSE,Standard,0,Static
1/30/2024,ZAAUTO2024-1-00034,ZAAUTO2024-1,23,1-29 DPD,Current,844812.67,33230.38,1,1/19/2024,15824.9,FALSE,Worse,FALSE,FALSE,SMA-0,1,Roll
2/28/2024,ZAAUTO2024-1-00034,ZAAUTO2024-1,17,1-29 DPD,1-29 DPD,801174.03,33230.38,1,2/16/2024,15792.39,FALSE,Same,FALSE,FALSE,SMA-0,2,Static
3/30/2024,ZAAUTO2024-1-00034,ZAAUTO2024-1,8,1-29 DPD,1-29 DPD,818510.38,33230.38,1,3/29/2024,7195.64,FALSE,Same,FALSE,FALSE,SMA-0,3,Static
4/30/2024,ZAAUTO2024-1-00034,ZAAUTO2024-1,19,1-29 DPD,1-29 DPD,779405.09,33230.38,1,3/26/2024,2587.41,FALSE,Same,FALSE,FALSE,SMA-0,4,Static
5/30/2024,ZAAUTO2024-1-00034,ZAAUTO2024-1,29,1-29 DPD,1-29 DPD,748820.22,33230.38,1,5/11/2024,7938.6,FALSE,Same,FALSE,FALSE,SMA-0,5,Static
5/30/2024,ZAAUTO2024-1-00034,ZAAUTO2024-1,23,1-29 DPD,1-29 DPD,768043.37,33230.38,1,4/27/2024,8190.53,FALSE,Same,FALSE,FALSE,SMA-0,6,Static
6/30/2024,ZAAUTO2024-1-00034,ZAAUTO2024-1,0,Current,1-29 DPD,736283.37,0,0,6/26/2024,30532.04,TRUE,Better,FALSE,FALSE,Standard,0,Cure
7/30/2024,ZAAUTO2024-1-00034,ZAAUTO2024-1,0,Current,Current,716387.82,0,0,7/26/2024,32150.27,FALSE,Same,FALSE,FALSE,Standard,0,Static
8/30/2024,ZAAUTO2024-1-00034,ZAAUTO2024-1,0,Current,Current,719694.1,0,0,8/8/2024,30547.03,FALSE,Same,FALSE,FALSE,Standard,0,Static
9/30/2024,ZAAUTO2024-1-00034,ZAAUTO2024-1,0,Current,Current,711632.52,0,0,8/26/2024,33096.43,FALSE,Same,FALSE,FALSE,Standard,0,Static
10/30/2024,ZAAUTO2024-1-00034,ZAAUTO2024-1,0,Current,Current,664772.11,0,0,10/22/2024,32063.75,FALSE,Same,FALSE,FALSE,Standard,0,Static
12/30/2023,ZAAUTO2024-1-00035,ZAAUTO2024-1,0,Current,Current,853013.41,0,0,11/25/2023,18575.5,FALSE,Same,FALSE,FALSE,Standard,0,Static
1/30/2024,ZAAUTO2024-1-00035,ZAAUTO2024-1,0,Current,Current,863172.61,0,0,12/27/2023,18039.58,FALSE,Same,FALSE,FALSE,Standard,0,Static
2/28/2024,ZAAUTO2024-1-00035,ZAAUTO2024-1,0,Current,Current,851181.17,0,0,2/19/2024,18269.82,FALSE,Same,FALSE,FALSE,Standard,0,Static
3/30/2024,ZAAUTO2024-1-00035,ZAAUTO2024-1,0,Current,Current,837245.4,0,0,3/9/2024,20257.29,FALSE,Same,FALSE,FALSE,Standard,0,Static
4/30/2024,ZAAUTO2024-1-00035,ZAAUTO2024-1,0,Current,Current,820764.34,0,0,4/29/2024,18003.45,FALSE,Same,FALSE,FALSE,Standard,0,Static
5/30/2024,ZAAUTO2024-1-00035,ZAAUTO2024-1,0,Current,Current,829872.93,0,0,5/14/2024,19690.65,FALSE,Same,FALSE,FALSE,Standard,0,Static
5/30/2024,ZAAUTO2024-1-00035,ZAAUTO2024-1,0,Current,Current,806417.44,0,0,5/4/2024,19592.89,FALSE,Same,FALSE,FALSE,Standard,0,Static
6/30/2024,ZAAUTO2024-1-00035,ZAAUTO2024-1,0,Current,Current,752580.41,0,0,5/27/2024,18620.56,FALSE,Same,FALSE,FALSE,Standard,0,Static
7/30/2024,ZAAUTO2024-1-00035,ZAAUTO2024-1,0,Current,Current,790585.94,0,0,6/30/2024,18487.95,FALSE,Same,FALSE,FALSE,Standard,0,Static
8/30/2024,ZAAUTO2024-1-00035,ZAAUTO2024-1,0,Current,Current,769347.44,0,0,8/5/2024,18643.54,FALSE,Same,FALSE,FALSE,Standard,0,Static
9/30/2024,ZAAUTO2024-1-00035,ZAAUTO2024-1,0,Current,Current,717609.97,0,0,9/27/2024,18230.98,FALSE,Same,FALSE,FALSE,Standard,0,Static
10/30/2024,ZAAUTO2024-1-00035,ZAAUTO2024-1,0,Current,Current,722874.54,0,0,10/1/2024,18366.99,FALSE,Same,FALSE,FALSE,Standard,0,Static
12/30/2023,ZAAUTO2024-1-00036,ZAAUTO2024-1,0,Current,Current,777688.9,0,0,12/15/2023,16747.71,FALSE,Same,FALSE,FALSE,Standard,0,Static
1/30/2024,ZAAUTO2024-1-00036,ZAAUTO2024-1,0,Current,Current,750967.06,0,0,1/6/2024,18720.29,FALSE,Same,FALSE,FALSE,Standard,0,Static
2/28/2024,ZAAUTO2024-1-00036,ZAAUTO2024-1,0,Current,Current,756301.53,0,0,2/18/2024,18582.06,FALSE,Same,FALSE,FALSE,Standard,0,Static
3/30/2024,ZAAUTO2024-1-00036,ZAAUTO2024-1,0,Current,Current,768699.55,0,0,3/10/2024,16881.23,FALSE,Same,FALSE,FALSE,Standard,0,Static
4/30/2024,ZAAUTO2024-1-00036,ZAAUTO2024-1,0,Current,Current,713009,0,0,3/29/2024,17636.62,FALSE,Same,FALSE,FALSE,Standard,0,Static
5/30/2024,ZAAUTO2024-1-00036,ZAAUTO2024-1,29,1-29 DPD,Current,705946.47,18181.67,1,5/29/2024,982.35,FALSE,Worse,FALSE,FALSE,SMA-0,1,Roll
5/30/2024,ZAAUTO2024-1-00036,ZAAUTO2024-1,0,Current,1-29 DPD,695354.02,0,0,5/1/2024,18999.9,TRUE,Better,FALSE,FALSE,Standard,0,Cure
6/30/2024,ZAAUTO2024-1-00036,ZAAUTO2024-1,0,Current,Current,671775.45,0,0,6/8/2024,16496.21,FALSE,Same,FALSE,FALSE,Standard,0,Static
7/30/2024,ZAAUTO2024-1-00036,ZAAUTO2024-1,0,Current,Current,660220.68,0,0,6/30/2024,17142.81,FALSE,Same,FALSE,FALSE,Standard,0,Static
8/30/2024,ZAAUTO2024-1-00036,ZAAUTO2024-1,30,30-59 DPD,Current,671802.56,18181.67,1,8/3/2024,1461.1,FALSE,Worse,FALSE,FALSE,SMA-0,1,Roll
9/30/2024,ZAAUTO2024-1-00036,ZAAUTO2024-1,68,60-89 DPD,30-59 DPD,650969.96,36363.34,2,9/5/2024,3992.01,FALSE,Worse,FALSE,FALSE,SMA-2,2,Roll
10/30/2024,ZAAUTO2024-1-00036,ZAAUTO2024-1,72,60-89 DPD,60-89 DPD,605643.16,36363.34,2,9/25/2024,2123.5,FALSE,Same,FALSE,FALSE,SMA-2,3,Static
12/30/2023,ZAAUTO2024-1-00037,ZAAUTO2024-1,0,Current,Current,446858.15,0,0,12/7/2023,10099.84,FALSE,Same,FALSE,FALSE,Standard,0,Static
1/30/2024,ZAAUTO2024-1-00037,ZAAUTO2024-1,0,Current,Current,433960.7,0,0,12/29/2023,9571.18,FALSE,Same,FALSE,FALSE,Standard,0,Static
2/28/2024,ZAAUTO2024-1-00037,ZAAUTO2024-1,2,1-29 DPD,Current,420809.85,9967.82,1,2/20/2024,4267.77,FALSE,Worse,FALSE,FALSE,SMA-0,1,Roll
3/30/2024,ZAAUTO2024-1-00037,ZAAUTO2024-1,0,Current,1-29 DPD,435487.26,0,0,2/26/2024,9654.31,TRUE,Better,FALSE,FALSE,Standard,0,Cure
4/30/2024,ZAAUTO2024-1-00037,ZAAUTO2024-1,20,1-29 DPD,Current,429365.86,9967.82,1,4/22/2024,1961.46,FALSE,Worse,FALSE,FALSE,SMA-0,1,Roll
5/30/2024,ZAAUTO2024-1-00037,ZAAUTO2024-1,20,1-29 DPD,1-29 DPD,403837.28,9967.82,1,5/5/2024,5924.57,FALSE,Same,FALSE,FALSE,SMA-0,2,Static
5/30/2024,ZAAUTO2024-1-00037,ZAAUTO2024-1,0,Current,1-29 DPD,407342.56,0,0,5/11/2024,9858.76,TRUE,Better,FALSE,FALSE,Standard,0,Cure
6/30/2024,ZAAUTO2024-1-00037,ZAAUTO2024-1,0,Current,Current,392151.51,0,0,5/29/2024,9766.98,FALSE,Same,FALSE,FALSE,Standard,0,Static
7/30/2024,ZAAUTO2024-1-00037,ZAAUTO2024-1,0,Current,Current,389051.91,0,0,7/11/2024,9681.08,FALSE,Same,FALSE,FALSE,Standard,0,Static
8/30/2024,ZAAUTO2024-1-00037,ZAAUTO2024-1,0,Current,Current,361908.14,0,0,8/9/2024,9978.5,FALSE,Same,FALSE,FALSE,Standard,0,Static
9/30/2024,ZAAUTO2024-1-00037,ZAAUTO2024-1,0,Current,Current,378688.38,0,0,9/11/2024,10162.32,FALSE,Same,FALSE,FALSE,Standard,0,Static
10/30/2024,ZAAUTO2024-1-00037,ZAAUTO2024-1,0,Current,Current,363343.04,0,0,10/29/2024,9863.52,FALSE,Same,FALSE,FALSE,Standard,0,Static
12/30/2023,ZAAUTO2024-1-00038,ZAAUTO2024-1,0,Current,Current,1433156.66,0,0,12/15/2023,24231.32,FALSE,Same,FALSE,FALSE,Standard,0,Static
1/30/2024,ZAAUTO2024-1-00038,ZAAUTO2024-1,0,Current,Current,1422312.25,0,0,1/23/2024,24870.95,FALSE,Same,FALSE,FALSE,Standard,0,Static
2/28/2024,ZAAUTO2024-1-00038,ZAAUTO2024-1,0,Current,Current,1350005.5,0,0,2/2/2024,24712.86,FALSE,Same,FALSE,FALSE,Standard,0,Static
3/30/2024,ZAAUTO2024-1-00038,ZAAUTO2024-1,0,Current,Current,1351010.84,0,0,3/4/2024,26120.51,FALSE,Same,FALSE,FALSE,Standard,0,Static
4/30/2024,ZAAUTO2024-1-00038,ZAAUTO2024-1,0,Current,Current,1320624.19,0,0,3/31/2024,27610.96,FALSE,Same,FALSE,FALSE,Standard,0,Static
5/30/2024,ZAAUTO2024-1-00038,ZAAUTO2024-1,0,Current,Current,1309101.95,0,0,5/27/2024,26939.89,FALSE,Same,FALSE,FALSE,Standard,0,Static
5/30/2024,ZAAUTO2024-1-00038,ZAAUTO2024-1,0,Current,Current,1266481.38,0,0,4/25/2024,25410.35,FALSE,Same,FALSE,FALSE,Standard,0,Static
6/30/2024,ZAAUTO2024-1-00038,ZAAUTO2024-1,0,Current,Current,1256400.77,0,0,5/28/2024,25618.35,FALSE,Same,FALSE,FALSE,Standard,0,Static
7/30/2024,ZAAUTO2024-1-00038,ZAAUTO2024-1,6,1-29 DPD,Current,1215864.71,26782.77,1,6/26/2024,5501.08,FALSE,Worse,FALSE,FALSE,SMA-0,1,Roll
8/30/2024,ZAAUTO2024-1-00038,ZAAUTO2024-1,0,Current,1-29 DPD,1184247.59,0,0,8/14/2024,26555.42,TRUE,Better,FALSE,FALSE,Standard,0,Cure
9/30/2024,ZAAUTO2024-1-00038,ZAAUTO2024-1,0,Current,Current,1148245.01,0,0,9/15/2024,25225.38,FALSE,Same,FALSE,FALSE,Standard,0,Static
10/30/2024,ZAAUTO2024-1-00038,ZAAUTO2024-1,0,Current,Current,1134712.1,0,0,10/11/2024,27202.62,FALSE,Same,FALSE,FALSE,Standard,0,Static
12/30/2023,ZAAUTO2024-1-00039,ZAAUTO2024-1,0,Current,Current,1595588.7,0,0,12/8/2023,26036.61,FALSE,Same,FALSE,FALSE,Standard,0,Static
1/30/2024,ZAAUTO2024-1-00039,ZAAUTO2024-1,0,Current,Current,1608000,0,0,1/12/2024,22620.24,FALSE,Same,FALSE,FALSE,Standard,0,Static
2/28/2024,ZAAUTO2024-1-00039,ZAAUTO2024-1,0,Current,Current,1608000,0,0,2/23/2024,23759.46,FALSE,Same,FALSE,FALSE,Standard,0,Static
3/30/2024,ZAAUTO2024-1-00039,ZAAUTO2024-1,0,Current,Current,1530072.04,0,0,3/14/2024,25260.63,FALSE,Same,FALSE,FALSE,Standard,0,Static
4/30/2024,ZAAUTO2024-1-00039,ZAAUTO2024-1,0,Current,Current,1481860.47,0,0,3/27/2024,23477.81,FALSE,Same,FALSE,FALSE,Standard,0,Static
5/30/2024,ZAAUTO2024-1-00039,ZAAUTO2024-1,0,Current,Current,1495409.1,0,0,5/13/2024,22976.67,FALSE,Same,FALSE,FALSE,Standard,0,Static
5/30/2024,ZAAUTO2024-1-00039,ZAAUTO2024-1,0,Current,Current,1477133.06,0,0,5/15/2024,23370.46,FALSE,Same,FALSE,FALSE,Standard,0,Static
6/30/2024,ZAAUTO2024-1-00039,ZAAUTO2024-1,0,Current,Current,1458726.83,0,0,5/28/2024,23307.62,FALSE,Same,FALSE,FALSE,Standard,0,Static
7/30/2024,ZAAUTO2024-1-00039,ZAAUTO2024-1,0,Current,Current,1390658.23,0,0,7/24/2024,24010.06,FALSE,Same,FALSE,FALSE,Standard,0,Static
8/30/2024,ZAAUTO2024-1-00039,ZAAUTO2024-1,0,Current,Current,1415344.32,0,0,8/24/2024,25012.99,FALSE,Same,FALSE,FALSE,Standard,0,Static
9/30/2024,ZAAUTO2024-1-00039,ZAAUTO2024-1,0,Current,Current,1334758.4,0,0,8/26/2024,26123.84,FALSE,Same,FALSE,FALSE,Standard,0,Static
10/30/2024,ZAAUTO2024-1-00039,ZAAUTO2024-1,0,Current,Current,1313571.17,0,0,9/30/2024,24250.22,FALSE,Same,FALSE,FALSE,Standard,0,Static
12/30/2023,ZAAUTO2024-1-00040,ZAAUTO2024-1,0,Current,Current,884845.97,0,0,12/19/2023,28984.68,FALSE,Same,FALSE,FALSE,Standard,0,Static
1/30/2024,ZAAUTO2024-1-00040,ZAAUTO2024-1,0,Current,Current,861478.22,0,0,1/5/2024,28374.54,FALSE,Same,FALSE,FALSE,Standard,0,Static
2/28/2024,ZAAUTO2024-1-00040,ZAAUTO2024-1,0,Current,Current,856375.3,0,0,2/10/2024,28745.67,FALSE,Same,FALSE,FALSE,Standard,0,Static
3/30/2024,ZAAUTO2024-1-00040,ZAAUTO2024-1,0,Current,Current,830945.39,0,0,3/24/2024,28961.83,FALSE,Same,FALSE,FALSE,Standard,0,Static
4/30/2024,ZAAUTO2024-1-00040,ZAAUTO2024-1,0,Current,Current,836123.07,0,0,4/1/2024,29215.33,FALSE,Same,FALSE,FALSE,Standard,0,Static
5/30/2024,ZAAUTO2024-1-00040,ZAAUTO2024-1,0,Current,Current,833668.48,0,0,4/29/2024,28797.99,FALSE,Same,FALSE,FALSE,Standard,0,Static
5/30/2024,ZAAUTO2024-1-00040,ZAAUTO2024-1,0,Current,Current,794963.46,0,0,4/28/2024,27037.15,FALSE,Same,FALSE,FALSE,Standard,0,Static
6/30/2024,ZAAUTO2024-1-00040,ZAAUTO2024-1,0,Current,Current,783758.88,0,0,6/23/2024,26463.07,FALSE,Same,FALSE,FALSE,Standard,0,Static
7/30/2024,ZAAUTO2024-1-00040,ZAAUTO2024-1,0,Current,Current,799235.67,0,0,7/14/2024,28084.6,FALSE,Same,FALSE,FALSE,Standard,0,Static
8/30/2024,ZAAUTO2024-1-00040,ZAAUTO2024-1,1,1-29 DPD,Current,784361.74,27867.52,1,8/12/2024,9493.59,FALSE,Worse,FALSE,FALSE,SMA-0,1,Roll
9/30/2024,ZAAUTO2024-1-00040,ZAAUTO2024-1,0,Current,1-29 DPD,770291.46,0,0,9/19/2024,27634.64,TRUE,Better,FALSE,FALSE,Standard,0,Cure
10/30/2024,ZAAUTO2024-1-00040,ZAAUTO2024-1,0,Current,Current,748840.68,0,0,10/5/2024,28537.69,FALSE,Same,FALSE,FALSE,Standard,0,Static
12/30/2023,ZAAUTO2024-1-00041,ZAAUTO2024-1,10,1-29 DPD,Current,1284828.01,30861.65,1,12/30/2023,4843.18,FALSE,Worse,FALSE,FALSE,SMA-0,1,Roll
1/30/2024,ZAAUTO2024-1-00041,ZAAUTO2024-1,0,Current,1-29 DPD,1244730.61,0,0,1/15/2024,28063.07,TRUE,Better,FALSE,FALSE,Standard,0,Cure
2/28/2024,ZAAUTO2024-1-00041,ZAAUTO2024-1,0,Current,Current,1203649.43,0,0,2/9/2024,28514.85,FALSE,Same,FALSE,FALSE,Standard,0,Static
3/30/2024,ZAAUTO2024-1-00041,ZAAUTO2024-1,0,Current,Current,1233248.7,0,0,3/11/2024,30971.01,FALSE,Same,FALSE,FALSE,Standard,0,Static
4/30/2024,ZAAUTO2024-1-00041,ZAAUTO2024-1,0,Current,Current,1208891.2,0,0,4/12/2024,29476.94,FALSE,Same,FALSE,FALSE,Standard,0,Static
5/30/2024,ZAAUTO2024-1-00041,ZAAUTO2024-1,0,Current,Current,1153677.7,0,0,5/22/2024,29989.11,FALSE,Same,FALSE,FALSE,Standard,0,Static
5/30/2024,ZAAUTO2024-1-00041,ZAAUTO2024-1,0,Current,Current,1153263.06,0,0,5/7/2024,29700.54,FALSE,Same,FALSE,FALSE,Standard,0,Static
6/30/2024,ZAAUTO2024-1-00041,ZAAUTO2024-1,0,Current,Current,1140879.68,0,0,5/31/2024,31281.45,FALSE,Same,FALSE,FALSE,Standard,0,Static
7/30/2024,ZAAUTO2024-1-00041,ZAAUTO2024-1,26,1-29 DPD,Current,1129862.86,30861.65,1,7/17/2024,14107.35,FALSE,Worse,FALSE,FALSE,SMA-0,1,Roll
8/30/2024,ZAAUTO2024-1-00041,ZAAUTO2024-1,22,1-29 DPD,1-29 DPD,1116631.11,30861.65,1,8/25/2024,9730.8,FALSE,Same,FALSE,FALSE,SMA-0,2,Static
9/30/2024,ZAAUTO2024-1-00041,ZAAUTO2024-1,46,30-59 DPD,1-29 DPD,1092304.57,30861.65,1,9/26/2024,16984.61,FALSE,Worse,FALSE,FALSE,SMA-1,3,Roll
10/30/2024,ZAAUTO2024-1-00041,ZAAUTO2024-1,33,30-59 DPD,30-59 DPD,1023741.48,30861.65,1,9/25/2024,16718.77,FALSE,Same,FALSE,FALSE,SMA-1,4,Static
12/30/2023,ZAAUTO2024-1-00042,ZAAUTO2024-1,0,Current,Current,385497.81,0,0,12/4/2023,13384.9,FALSE,Same,FALSE,FALSE,Standard,0,Static
1/30/2024,ZAAUTO2024-1-00042,ZAAUTO2024-1,0,Current,Current,377571.49,0,0,1/1/2024,13832.61,FALSE,Same,FALSE,FALSE,Standard,0,Static
2/28/2024,ZAAUTO2024-1-00042,ZAAUTO2024-1,0,Current,Current,378563.26,0,0,2/27/2024,13258.76,FALSE,Same,FALSE,FALSE,Standard,0,Static
3/30/2024,ZAAUTO2024-1-00042,ZAAUTO2024-1,0,Current,Current,386262.83,0,0,3/17/2024,13636.8,FALSE,Same,FALSE,FALSE,Standard,0,Static
4/30/2024,ZAAUTO2024-1-00042,ZAAUTO2024-1,0,Current,Current,359726.47,0,0,4/8/2024,13889.86,FALSE,Same,FALSE,FALSE,Standard,0,Static
5/30/2024,ZAAUTO2024-1-00042,ZAAUTO2024-1,0,Current,Current,366780.62,0,0,5/27/2024,14375.35,FALSE,Same,FALSE,FALSE,Standard,0,Static
5/30/2024,ZAAUTO2024-1-00042,ZAAUTO2024-1,0,Current,Current,348666.21,0,0,4/30/2024,12503.75,FALSE,Same,FALSE,FALSE,Standard,0,Static
6/30/2024,ZAAUTO2024-1-00042,ZAAUTO2024-1,0,Current,Current,351363.97,0,0,6/22/2024,14025.52,FALSE,Same,FALSE,FALSE,Standard,0,Static
7/30/2024,ZAAUTO2024-1-00042,ZAAUTO2024-1,0,Current,Current,359443.14,0,0,7/4/2024,13214.22,FALSE,Same,FALSE,FALSE,Standard,0,Static
8/30/2024,ZAAUTO2024-1-00042,ZAAUTO2024-1,0,Current,Current,351098.01,0,0,8/2/2024,14240.68,FALSE,Same,FALSE,FALSE,Standard,0,Static
9/30/2024,ZAAUTO2024-1-00042,ZAAUTO2024-1,0,Current,Current,345270.22,0,0,9/6/2024,12604.32,FALSE,Same,FALSE,FALSE,Standard,0,Static
10/30/2024,ZAAUTO2024-1-00042,ZAAUTO2024-1,0,Current,Current,340411.49,0,0,9/26/2024,12713.65,FALSE,Same,FALSE,FALSE,Standard,0,Static
12/30/2023,ZAAUTO2024-1-00043,ZAAUTO2024-1,0,Current,Current,606112.5,0,0,12/6/2023,11118.28,FALSE,Same,FALSE,FALSE,Standard,0,Static
1/30/2024,ZAAUTO2024-1-00043,ZAAUTO2024-1,0,Current,Current,589350.04,0,0,1/8/2024,10029.43,FALSE,Same,FALSE,FALSE,Standard,0,Static
2/28/2024,ZAAUTO2024-1-00043,ZAAUTO2024-1,7,1-29 DPD,Current,609204.17,10862.96,1,2/21/2024,209.99,FALSE,Worse,FALSE,FALSE,SMA-0,1,Roll
3/30/2024,ZAAUTO2024-1-00043,ZAAUTO2024-1,22,1-29 DPD,1-29 DPD,578220.09,10862.96,1,3/29/2024,1568.61,FALSE,Same,FALSE,FALSE,SMA-0,2,Static
4/30/2024,ZAAUTO2024-1-00043,ZAAUTO2024-1,3,1-29 DPD,1-29 DPD,556046.29,10862.96,1,4/28/2024,2909.8,FALSE,Same,FALSE,FALSE,SMA-0,3,Static
5/30/2024,ZAAUTO2024-1-00043,ZAAUTO2024-1,22,1-29 DPD,1-29 DPD,571130.91,10862.96,1,5/27/2024,1595.12,FALSE,Same,FALSE,FALSE,SMA-0,4,Static
5/30/2024,ZAAUTO2024-1-00043,ZAAUTO2024-1,0,Current,1-29 DPD,535782.76,0,0,5/2/2024,10158.51,TRUE,Better,FALSE,FALSE,Standard,0,Cure
6/30/2024,ZAAUTO2024-1-00043,ZAAUTO2024-1,0,Current,Current,533497.95,0,0,6/27/2024,10005.01,FALSE,Same,FALSE,FALSE,Standard,0,Static
7/30/2024,ZAAUTO2024-1-00043,ZAAUTO2024-1,0,Current,Current,553924.8,0,0,7/16/2024,11105.94,FALSE,Same,FALSE,FALSE,Standard,0,Static
8/30/2024,ZAAUTO2024-1-00043,ZAAUTO2024-1,83,60-89 DPD,Current,528721.12,21725.92,2,8/10/2024,1544.09,FALSE,Worse,FALSE,FALSE,SMA-2,1,Roll
9/30/2024,ZAAUTO2024-1-00043,ZAAUTO2024-1,118,90-119 DPD,60-89 DPD,503499.77,32588.88,3,8/28/2024,1440.71,FALSE,Worse,FALSE,FALSE,NPA,2,Roll
10/30/2024,ZAAUTO2024-1-00043,ZAAUTO2024-1,99,90-119 DPD,90-119 DPD,499210.01,32588.88,3,9/25/2024,6182.24,FALSE,Same,FALSE,FALSE,NPA,3,Static
12/30/2023,ZAAUTO2024-1-00044,ZAAUTO2024-1,0,Current,Current,1187158.81,0,0,12/6/2023,26787.27,FALSE,Same,FALSE,FALSE,Standard,0,Static
1/30/2024,ZAAUTO2024-1-00044,ZAAUTO2024-1,0,Current,Current,1198861.05,0,0,1/15/2024,29669.91,FALSE,Same,FALSE,FALSE,Standard,0,Static
2/28/2024,ZAAUTO2024-1-00044,ZAAUTO2024-1,10,1-29 DPD,Current,1203591.15,28878.6,1,2/19/2024,13961.81,FALSE,Worse,FALSE,FALSE,SMA-0,1,Roll
3/30/2024,ZAAUTO2024-1-00044,ZAAUTO2024-1,2,1-29 DPD,1-29 DPD,1157002.4,28878.6,1,3/4/2024,9656.2,FALSE,Same,FALSE,FALSE,SMA-0,2,Static
4/30/2024,ZAAUTO2024-1-00044,ZAAUTO2024-1,5,1-29 DPD,1-29 DPD,1121063.36,28878.6,1,4/14/2024,3523.25,FALSE,Same,FALSE,FALSE,SMA-0,3,Static
5/30/2024,ZAAUTO2024-1-00044,ZAAUTO2024-1,21,1-29 DPD,1-29 DPD,1075003.55,28878.6,1,5/2/2024,14678.42,FALSE,Same,FALSE,FALSE,SMA-0,4,Static
5/30/2024,ZAAUTO2024-1-00044,ZAAUTO2024-1,0,Current,1-29 DPD,1054820.33,0,0,5/18/2024,26213.99,TRUE,Better,FALSE,FALSE,Standard,0,Cure
6/30/2024,ZAAUTO2024-1-00044,ZAAUTO2024-1,0,Current,Current,1055118.29,0,0,6/28/2024,29775.08,FALSE,Same,FALSE,FALSE,Standard,0,Static
7/30/2024,ZAAUTO2024-1-00044,ZAAUTO2024-1,0,Current,Current,1019434.61,0,0,6/25/2024,26930.81,FALSE,Same,FALSE,FALSE,Standard,0,Static
8/30/2024,ZAAUTO2024-1-00044,ZAAUTO2024-1,0,Current,Current,999551.21,0,0,8/9/2024,27304.09,FALSE,Same,FALSE,FALSE,Standard,0,Static
9/30/2024,ZAAUTO2024-1-00044,ZAAUTO2024-1,0,Current,Current,1027825.98,0,0,9/17/2024,30050.32,FALSE,Same,FALSE,FALSE,Standard,0,Static
10/30/2024,ZAAUTO2024-1-00044,ZAAUTO2024-1,0,Current,Current,1009004.21,0,0,10/23/2024,29226.06,FALSE,Same,FALSE,FALSE,Standard,0,Static
12/30/2023,ZAAUTO2024-1-00045,ZAAUTO2024-1,0,Current,Current,788993.71,0,0,11/29/2023,20714.55,FALSE,Same,FALSE,FALSE,Standard,0,Static
1/30/2024,ZAAUTO2024-1-00045,ZAAUTO2024-1,0,Current,Current,801695.64,0,0,12/31/2023,21661.61,FALSE,Same,FALSE,FALSE,Standard,0,Static
2/28/2024,ZAAUTO2024-1-00045,ZAAUTO2024-1,0,Current,Current,762799.35,0,0,2/15/2024,20409.24,FALSE,Same,FALSE,FALSE,Standard,0,Static
3/30/2024,ZAAUTO2024-1-00045,ZAAUTO2024-1,0,Current,Current,755882.35,0,0,3/16/2024,21596.33,FALSE,Same,FALSE,FALSE,Standard,0,Static
4/30/2024,ZAAUTO2024-1-00045,ZAAUTO2024-1,0,Current,Current,722667.92,0,0,3/26/2024,22216.25,FALSE,Same,FALSE,FALSE,Standard,0,Static
5/30/2024,ZAAUTO2024-1-00045,ZAAUTO2024-1,0,Current,Current,740402.9,0,0,5/4/2024,20167.33,FALSE,Same,FALSE,FALSE,Standard,0,Static
5/30/2024,ZAAUTO2024-1-00045,ZAAUTO2024-1,0,Current,Current,708491.52,0,0,5/16/2024,20438.51,FALSE,Same,FALSE,FALSE,Standard,0,Static
6/30/2024,ZAAUTO2024-1-00045,ZAAUTO2024-1,0,Current,Current,728857.09,0,0,5/30/2024,20985.69,FALSE,Same,FALSE,FALSE,Standard,0,Static
7/30/2024,ZAAUTO2024-1-00045,ZAAUTO2024-1,0,Current,Current,721909.39,0,0,7/9/2024,20046.03,FALSE,Same,FALSE,FALSE,Standard,0,Static
8/30/2024,ZAAUTO2024-1-00045,ZAAUTO2024-1,0,Current,Current,703434.41,0,0,7/30/2024,20697.97,FALSE,Same,FALSE,FALSE,Standard,0,Static
9/30/2024,ZAAUTO2024-1-00045,ZAAUTO2024-1,0,Current,Current,686756.55,0,0,9/8/2024,19763.91,FALSE,Same,FALSE,FALSE,Standard,0,Static
10/30/2024,ZAAUTO2024-1-00045,ZAAUTO2024-1,0,Current,Current,673832.2,0,0,9/29/2024,19811.27,FALSE,Same,FALSE,FALSE,Standard,0,Static
12/30/2023,ZAAUTO2024-1-00046,ZAAUTO2024-1,0,Current,Current,252633.68,0,0,12/21/2023,8968.21,FALSE,Same,FALSE,FALSE,Standard,0,Static
1/30/2024,ZAAUTO2024-1-00046,ZAAUTO2024-1,0,Current,Current,253630.96,0,0,1/7/2024,9044.79,FALSE,Same,FALSE,FALSE,Standard,0,Static
2/28/2024,ZAAUTO2024-1-00046,ZAAUTO2024-1,0,Current,Current,248831.33,0,0,1/29/2024,9938.5,FALSE,Same,FALSE,FALSE,Standard,0,Static
3/30/2024,ZAAUTO2024-1-00046,ZAAUTO2024-1,0,Current,Current,231075.27,0,0,2/25/2024,9777.86,FALSE,Same,FALSE,FALSE,Standard,0,Static
4/30/2024,ZAAUTO2024-1-00046,ZAAUTO2024-1,0,Current,Current,224147.61,0,0,3/28/2024,10032.39,FALSE,Same,FALSE,FALSE,Standard,0,Static
5/30/2024,ZAAUTO2024-1-00046,ZAAUTO2024-1,77,60-89 DPD,Current,232732.7,19899.04,2,5/29/2024,2998.09,FALSE,Worse,FALSE,FALSE,SMA-2,1,Roll
5/30/2024,ZAAUTO2024-1-00046,ZAAUTO2024-1,112,90-119 DPD,60-89 DPD,220682.43,29848.56,3,5/19/2024,638.86,FALSE,Worse,FALSE,FALSE,NPA,2,Roll
6/30/2024,ZAAUTO2024-1-00046,ZAAUTO2024-1,93,90-119 DPD,90-119 DPD,211243.6,29848.56,3,6/15/2024,1145.78,FALSE,Same,FALSE,FALSE,NPA,3,Static
7/30/2024,ZAAUTO2024-1-00046,ZAAUTO2024-1,254,120+ DPD,90-119 DPD,200184.65,79596.16,8,7/8/2024,1595.85,FALSE,Worse,FALSE,FALSE,NPA,4,Roll
8/30/2024,ZAAUTO2024-1-00046,ZAAUTO2024-1,221,120+ DPD,120+ DPD,190778.04,69646.64,7,8/5/2024,2740.08,FALSE,Same,FALSE,FALSE,NPA,5,Static
9/30/2024,ZAAUTO2024-1-00046,ZAAUTO2024-1,182,120+ DPD,120+ DPD,196157.23,59697.12,6,9/16/2024,1790.76,FALSE,Same,FALSE,FALSE,NPA,6,Static
10/30/2024,ZAAUTO2024-1-00046,ZAAUTO2024-1,331,120+ DPD,120+ DPD,186955.47,109444.72,11,10/28/2024,558.17,FALSE,Same,FALSE,FALSE,NPA,7,Static
12/30/2023,ZAAUTO2024-1-00047,ZAAUTO2024-1,0,Current,Current,2288035,0,0,12/28/2023,72274.89,FALSE,Same,FALSE,FALSE,Standard,0,Static
1/30/2024,ZAAUTO2024-1-00047,ZAAUTO2024-1,0,Current,Current,2304820.27,0,0,12/31/2023,72754.37,FALSE,Same,FALSE,FALSE,Standard,0,Static
2/28/2024,ZAAUTO2024-1-00047,ZAAUTO2024-1,0,Current,Current,2264633.37,0,0,2/11/2024,80042.65,FALSE,Same,FALSE,FALSE,Standard,0,Static
3/30/2024,ZAAUTO2024-1-00047,ZAAUTO2024-1,0,Current,Current,2165548.33,0,0,3/28/2024,71690.04,FALSE,Same,FALSE,FALSE,Standard,0,Static
4/30/2024,ZAAUTO2024-1-00047,ZAAUTO2024-1,0,Current,Current,2165897,0,0,4/29/2024,80763.77,FALSE,Same,FALSE,FALSE,Standard,0,Static
5/30/2024,ZAAUTO2024-1-00047,ZAAUTO2024-1,0,Current,Current,2083528.23,0,0,5/5/2024,80385.63,FALSE,Same,FALSE,FALSE,Standard,0,Static
5/30/2024,ZAAUTO2024-1-00047,ZAAUTO2024-1,0,Current,Current,1999240.12,0,0,5/15/2024,76183.8,FALSE,Same,FALSE,FALSE,Standard,0,Static
6/30/2024,ZAAUTO2024-1-00047,ZAAUTO2024-1,0,Current,Current,2034931.99,0,0,5/27/2024,73457.83,FALSE,Same,FALSE,FALSE,Standard,0,Static
7/30/2024,ZAAUTO2024-1-00047,ZAAUTO2024-1,0,Current,Current,1978369.22,0,0,7/22/2024,78780.25,FALSE,Same,FALSE,FALSE,Standard,0,Static
8/30/2024,ZAAUTO2024-1-00047,ZAAUTO2024-1,0,Current,Current,1926092.79,0,0,8/25/2024,75419.22,FALSE,Same,FALSE,FALSE,Standard,0,Static
9/30/2024,ZAAUTO2024-1-00047,ZAAUTO2024-1,0,Current,Current,1920604.06,0,0,9/27/2024,70742.55,FALSE,Same,FALSE,FALSE,Standard,0,Static
10/30/2024,ZAAUTO2024-1-00047,ZAAUTO2024-1,0,Current,Current,1780868.47,0,0,10/26/2024,73560.65,FALSE,Same,FALSE,FALSE,Standard,0,Static
12/30/2023,ZAAUTO2024-1-00048,ZAAUTO2024-1,0,Current,Current,929543.78,0,0,12/6/2023,21790.49,FALSE,Same,FALSE,FALSE,Standard,0,Static
1/30/2024,ZAAUTO2024-1-00048,ZAAUTO2024-1,0,Current,Current,911676.44,0,0,1/15/2024,24037.02,FALSE,Same,FALSE,FALSE,Standard,0,Static
2/28/2024,ZAAUTO2024-1-00048,ZAAUTO2024-1,0,Current,Current,863844.18,0,0,2/19/2024,22844.29,FALSE,Same,FALSE,FALSE,Standard,0,Static
3/30/2024,ZAAUTO2024-1-00048,ZAAUTO2024-1,0,Current,Current,894204.73,0,0,3/21/2024,24132.07,FALSE,Same,FALSE,FALSE,Standard,0,Static
4/30/2024,ZAAUTO2024-1-00048,ZAAUTO2024-1,0,Current,Current,851513.71,0,0,4/24/2024,21811.36,FALSE,Same,FALSE,FALSE,Standard,0,Static
5/30/2024,ZAAUTO2024-1-00048,ZAAUTO2024-1,39,30-59 DPD,Current,845651.97,23870.73,1,5/13/2024,1464.2,FALSE,Worse,FALSE,FALSE,SMA-1,1,Roll
5/30/2024,ZAAUTO2024-1-00048,ZAAUTO2024-1,62,60-89 DPD,30-59 DPD,816663.86,47741.46,2,5/2/2024,7977.38,FALSE,Worse,FALSE,FALSE,SMA-2,2,Roll
6/30/2024,ZAAUTO2024-1-00048,ZAAUTO2024-1,106,90-119 DPD,60-89 DPD,816083.45,71612.19,3,6/29/2024,1283.56,FALSE,Worse,FALSE,FALSE,NPA,3,Roll
7/30/2024,ZAAUTO2024-1-00048,ZAAUTO2024-1,107,90-119 DPD,90-119 DPD,784326.58,71612.19,3,7/10/2024,12370.55,FALSE,Same,FALSE,FALSE,NPA,4,Static
8/30/2024,ZAAUTO2024-1-00048,ZAAUTO2024-1,90,90-119 DPD,90-119 DPD,782172.82,71612.19,3,8/6/2024,11159.6,FALSE,Same,FALSE,FALSE,SMA-2,5,Static
9/30/2024,ZAAUTO2024-1-00048,ZAAUTO2024-1,113,90-119 DPD,90-119 DPD,802389.37,71612.19,3,9/15/2024,8191.87,FALSE,Same,FALSE,FALSE,NPA,6,Static
10/30/2024,ZAAUTO2024-1-00048,ZAAUTO2024-1,95,90-119 DPD,90-119 DPD,776475.2,71612.19,3,10/20/2024,1988.53,FALSE,Same,FALSE,FALSE,NPA,7,Static
12/30/2023,ZAAUTO2024-1-00049,ZAAUTO2024-1,0,Current,Current,1393200,0,0,12/24/2023,26228.71,FALSE,Same,FALSE,FALSE,Standard,0,Static
1/30/2024,ZAAUTO2024-1-00049,ZAAUTO2024-1,0,Current,Current,1363925.98,0,0,1/5/2024,27069.71,FALSE,Same,FALSE,FALSE,Standard,0,Static
2/28/2024,ZAAUTO2024-1-00049,ZAAUTO2024-1,0,Current,Current,1393200,0,0,2/7/2024,27531.42,FALSE,Same,FALSE,FALSE,Standard,0,Static
3/30/2024,ZAAUTO2024-1-00049,ZAAUTO2024-1,0,Current,Current,1365535.42,0,0,3/22/2024,26933.84,FALSE,Same,FALSE,FALSE,Standard,0,Static
4/30/2024,ZAAUTO2024-1-00049,ZAAUTO2024-1,0,Current,Current,1361632.06,0,0,4/18/2024,27697.23,FALSE,Same,FALSE,FALSE,Standard,0,Static
5/30/2024,ZAAUTO2024-1-00049,ZAAUTO2024-1,0,Current,Current,1300637.98,0,0,5/5/2024,29790.73,FALSE,Same,FALSE,FALSE,Standard,0,Static
5/30/2024,ZAAUTO2024-1-00049,ZAAUTO2024-1,0,Current,Current,1291124.85,0,0,4/29/2024,29786.61,FALSE,Same,FALSE,FALSE,Standard,0,Static
6/30/2024,ZAAUTO2024-1-00049,ZAAUTO2024-1,0,Current,Current,1315813.19,0,0,6/10/2024,27257.11,FALSE,Same,FALSE,FALSE,Standard,0,Static
7/30/2024,ZAAUTO2024-1-00049,ZAAUTO2024-1,0,Current,Current,1297930.23,0,0,7/5/2024,27209.92,FALSE,Same,FALSE,FALSE,Standard,0,Static
8/30/2024,ZAAUTO2024-1-00049,ZAAUTO2024-1,0,Current,Current,1287139.41,0,0,8/18/2024,28181.23,FALSE,Same,FALSE,FALSE,Standard,0,Static
9/30/2024,ZAAUTO2024-1-00049,ZAAUTO2024-1,0,Current,Current,1232192.98,0,0,8/26/2024,25764.57,FALSE,Same,FALSE,FALSE,Standard,0,Static
10/30/2024,ZAAUTO2024-1-00049,ZAAUTO2024-1,0,Current,Current,1227125.47,0,0,10/17/2024,27523.86,FALSE,Same,FALSE,FALSE,Standard,0,Static
12/30/2023,ZAAUTO2024-1-00050,ZAAUTO2024-1,0,Current,Current,471057.28,0,0,11/30/2023,10383.59,FALSE,Same,FALSE,FALSE,Standard,0,Static
1/30/2024,ZAAUTO2024-1-00050,ZAAUTO2024-1,0,Current,Current,479302.53,0,0,1/4/2024,10322.7,FALSE,Same,FALSE,FALSE,Standard,0,Static
2/28/2024,ZAAUTO2024-1-00050,ZAAUTO2024-1,0,Current,Current,480225.76,0,0,2/5/2024,10571.93,FALSE,Same,FALSE,FALSE,Standard,0,Static
3/30/2024,ZAAUTO2024-1-00050,ZAAUTO2024-1,0,Current,Current,473148.05,0,0,3/25/2024,9637.62,FALSE,Same,FALSE,FALSE,Standard,0,Static
4/30/2024,ZAAUTO2024-1-00050,ZAAUTO2024-1,0,Current,Current,447099.98,0,0,4/8/2024,9727.49,FALSE,Same,FALSE,FALSE,Standard,0,Static
5/30/2024,ZAAUTO2024-1-00050,ZAAUTO2024-1,0,Current,Current,451199.83,0,0,5/5/2024,10990.25,FALSE,Same,FALSE,FALSE,Standard,0,Static
5/30/2024,ZAAUTO2024-1-00050,ZAAUTO2024-1,0,Current,Current,434720.07,0,0,5/3/2024,9632.22,FALSE,Same,FALSE,FALSE,Standard,0,Static
6/30/2024,ZAAUTO2024-1-00050,ZAAUTO2024-1,0,Current,Current,420022.77,0,0,6/16/2024,10270.69,FALSE,Same,FALSE,FALSE,Standard,0,Static
7/30/2024,ZAAUTO2024-1-00050,ZAAUTO2024-1,0,Current,Current,425293.47,0,0,7/16/2024,10168.32,FALSE,Same,FALSE,FALSE,Standard,0,Static
8/30/2024,ZAAUTO2024-1-00050,ZAAUTO2024-1,0,Current,Current,413869.35,0,0,7/29/2024,9702.9,FALSE,Same,FALSE,FALSE,Standard,0,Static
9/30/2024,ZAAUTO2024-1-00050,ZAAUTO2024-1,0,Current,Current,423949.19,0,0,8/31/2024,9630.02,FALSE,Same,FALSE,FALSE,Standard,0,Static
10/30/2024,ZAAUTO2024-1-00050,ZAAUTO2024-1,0,Current,Current,399437.18,0,0,10/25/2024,9648.19,FALSE,Same,FALSE,FALSE,Standard,0,Static
12/30/2023,ZAAUTO2024-1-00051,ZAAUTO2024-1,0,Current,Current,863165.81,0,0,12/23/2023,17552.26,FALSE,Same,FALSE,FALSE,Standard,0,Static
1/30/2024,ZAAUTO2024-1-00051,ZAAUTO2024-1,0,Current,Current,821133.99,0,0,1/24/2024,19459.89,FALSE,Same,FALSE,FALSE,Standard,0,Static
2/28/2024,ZAAUTO2024-1-00051,ZAAUTO2024-1,0,Current,Current,796770.17,0,0,2/13/2024,18990.25,FALSE,Same,FALSE,FALSE,Standard,0,Static
3/30/2024,ZAAUTO2024-1-00051,ZAAUTO2024-1,0,Current,Current,805044.44,0,0,3/9/2024,19118.06,FALSE,Same,FALSE,FALSE,Standard,0,Static
4/30/2024,ZAAUTO2024-1-00051,ZAAUTO2024-1,0,Current,Current,813602.71,0,0,4/16/2024,19811.42,FALSE,Same,FALSE,FALSE,Standard,0,Static
5/30/2024,ZAAUTO2024-1-00051,ZAAUTO2024-1,0,Current,Current,780912.02,0,0,5/19/2024,19353.05,FALSE,Same,FALSE,FALSE,Standard,0,Static
5/30/2024,ZAAUTO2024-1-00051,ZAAUTO2024-1,0,Current,Current,755958.54,0,0,5/29/2024,19635.48,FALSE,Same,FALSE,FALSE,Standard,0,Static
6/30/2024,ZAAUTO2024-1-00051,ZAAUTO2024-1,0,Current,Current,765763.2,0,0,6/2/2024,19212.35,FALSE,Same,FALSE,FALSE,Standard,0,Static
7/30/2024,ZAAUTO2024-1-00051,ZAAUTO2024-1,0,Current,Current,725535.88,0,0,7/17/2024,18086.17,FALSE,Same,FALSE,FALSE,Standard,0,Static
8/30/2024,ZAAUTO2024-1-00051,ZAAUTO2024-1,0,Current,Current,730018.72,0,0,8/26/2024,19169.06,FALSE,Same,FALSE,FALSE,Standard,0,Static
9/30/2024,ZAAUTO2024-1-00051,ZAAUTO2024-1,0,Current,Current,717967.4,0,0,8/27/2024,18031.31,FALSE,Same,FALSE,FALSE,Standard,0,Static
10/30/2024,ZAAUTO2024-1-00051,ZAAUTO2024-1,0,Current,Current,680331.2,0,0,10/1/2024,17818.54,FALSE,Same,FALSE,FALSE,Standard,0,Static
12/30/2023,ZAAUTO2024-1-00052,ZAAUTO2024-1,0,Current,Current,1066300,0,0,12/25/2023,23229.49,FALSE,Same,FALSE,FALSE,Standard,0,Static
1/30/2024,ZAAUTO2024-1-00052,ZAAUTO2024-1,0,Current,Current,1066300,0,0,1/15/2024,21952.69,FALSE,Same,FALSE,FALSE,Standard,0,Static
2/28/2024,ZAAUTO2024-1-00052,ZAAUTO2024-1,0,Current,Current,1066300,0,0,2/19/2024,22667.96,FALSE,Same,FALSE,FALSE,Standard,0,Static
3/30/2024,ZAAUTO2024-1-00052,ZAAUTO2024-1,0,Current,Current,1066300,0,0,3/22/2024,22890.72,FALSE,Same,FALSE,FALSE,Standard,0,Static
4/30/2024,ZAAUTO2024-1-00052,ZAAUTO2024-1,0,Current,Current,1066300,0,0,3/30/2024,23102.04,FALSE,Same,FALSE,FALSE,Standard,0,Static
5/30/2024,ZAAUTO2024-1-00052,ZAAUTO2024-1,0,Current,Current,1066300,0,0,5/19/2024,22821.46,FALSE,Same,FALSE,FALSE,Standard,0,Static
5/30/2024,ZAAUTO2024-1-00052,ZAAUTO2024-1,0,Current,Current,1065275.36,0,0,5/22/2024,21540.88,FALSE,Same,FALSE,FALSE,Standard,0,Static
6/30/2024,ZAAUTO2024-1-00052,ZAAUTO2024-1,0,Current,Current,1066300,0,0,6/27/2024,23902.87,FALSE,Same,FALSE,FALSE,Standard,0,Static
7/30/2024,ZAAUTO2024-1-00052,ZAAUTO2024-1,1,1-29 DPD,Current,1033419.34,23210.54,1,7/18/2024,11352.96,FALSE,Worse,FALSE,FALSE,SMA-0,1,Roll
8/30/2024,ZAAUTO2024-1-00052,ZAAUTO2024-1,0,Current,1-29 DPD,1052378.38,0,0,7/29/2024,23163.2,TRUE,Better,FALSE,FALSE,Standard,0,Cure
9/30/2024,ZAAUTO2024-1-00052,ZAAUTO2024-1,14,1-29 DPD,Current,1016207.33,23210.54,1,9/4/2024,9889.67,FALSE,Worse,FALSE,FALSE,SMA-0,1,Roll
10/30/2024,ZAAUTO2024-1-00052,ZAAUTO2024-1,15,1-29 DPD,1-29 DPD,986494.3,23210.54,1,10/25/2024,7873.91,FALSE,Same,FALSE,FALSE,SMA-0,2,Static
12/30/2023,ZAAUTO2024-1-00053,ZAAUTO2024-1,0,Current,Current,586552.35,0,0,11/26/2023,19829.44,FALSE,Same,FALSE,FALSE,Standard,0,Static
1/30/2024,ZAAUTO2024-1-00053,ZAAUTO2024-1,0,Current,Current,575854.33,0,0,1/28/2024,19645.54,FALSE,Same,FALSE,FALSE,Standard,0,Static
2/28/2024,ZAAUTO2024-1-00053,ZAAUTO2024-1,0,Current,Current,563960.07,0,0,2/15/2024,20313.29,FALSE,Same,FALSE,FALSE,Standard,0,Static
3/30/2024,ZAAUTO2024-1-00053,ZAAUTO2024-1,0,Current,Current,535708.43,0,0,3/15/2024,18302.05,FALSE,Same,FALSE,FALSE,Standard,0,Static
4/30/2024,ZAAUTO2024-1-00053,ZAAUTO2024-1,0,Current,Current,555278.13,0,0,4/2/2024,18200.64,FALSE,Same,FALSE,FALSE,Standard,0,Static
5/30/2024,ZAAUTO2024-1-00053,ZAAUTO2024-1,0,Current,Current,534630.83,0,0,5/25/2024,18712.86,FALSE,Same,FALSE,FALSE,Standard,0,Static
5/30/2024,ZAAUTO2024-1-00053,ZAAUTO2024-1,0,Current,Current,523948.4,0,0,5/15/2024,18046.8,FALSE,Same,FALSE,FALSE,Standard,0,Static
6/30/2024,ZAAUTO2024-1-00053,ZAAUTO2024-1,0,Current,Current,499438.21,0,0,6/8/2024,19939.19,FALSE,Same,FALSE,FALSE,Standard,0,Static
7/30/2024,ZAAUTO2024-1-00053,ZAAUTO2024-1,0,Current,Current,479840.33,0,0,7/3/2024,17919.23,FALSE,Same,FALSE,FALSE,Standard,0,Static
8/30/2024,ZAAUTO2024-1-00053,ZAAUTO2024-1,0,Current,Current,449253.47,0,0,8/17/2024,19801.1,FALSE,Same,FALSE,FALSE,Standard,0,Static
9/30/2024,ZAAUTO2024-1-00053,ZAAUTO2024-1,0,Current,Current,455721.45,0,0,9/8/2024,18983.75,FALSE,Same,FALSE,FALSE,Standard,0,Static
10/30/2024,ZAAUTO2024-1-00053,ZAAUTO2024-1,0,Current,Current,433971.21,0,0,10/20/2024,18377.44,FALSE,Same,FALSE,FALSE,Standard,0,Static
12/30/2023,ZAAUTO2024-1-00054,ZAAUTO2024-1,28,1-29 DPD,Current,1219812.85,21066.85,1,12/22/2023,3155.95,FALSE,Worse,FALSE,FALSE,SMA-0,1,Roll
1/30/2024,ZAAUTO2024-1-00054,ZAAUTO2024-1,23,1-29 DPD,1-29 DPD,1172773.24,21066.85,1,1/15/2024,9625.11,FALSE,Same,FALSE,FALSE,SMA-0,2,Static
2/28/2024,ZAAUTO2024-1-00054,ZAAUTO2024-1,22,1-29 DPD,1-29 DPD,1160218.9,21066.85,1,2/19/2024,7298.72,FALSE,Same,FALSE,FALSE,SMA-0,3,Static
3/30/2024,ZAAUTO2024-1-00054,ZAAUTO2024-1,9,1-29 DPD,1-29 DPD,1160927.49,21066.85,1,3/6/2024,5713.23,FALSE,Same,FALSE,FALSE,SMA-0,4,Static
4/30/2024,ZAAUTO2024-1-00054,ZAAUTO2024-1,0,Current,1-29 DPD,1142569.36,0,0,4/25/2024,20233.18,TRUE,Better,FALSE,FALSE,Standard,0,Cure
5/30/2024,ZAAUTO2024-1-00054,ZAAUTO2024-1,24,1-29 DPD,Current,1095620.6,21066.85,1,5/7/2024,5747.4,FALSE,Worse,FALSE,FALSE,SMA-0,1,Roll
5/30/2024,ZAAUTO2024-1-00054,ZAAUTO2024-1,16,1-29 DPD,1-29 DPD,1081074.52,21066.85,1,5/30/2024,10983.09,FALSE,Same,FALSE,FALSE,SMA-0,2,Static
6/30/2024,ZAAUTO2024-1-00054,ZAAUTO2024-1,0,Current,1-29 DPD,1102395.16,0,0,6/25/2024,21269.93,TRUE,Better,FALSE,FALSE,Standard,0,Cure
7/30/2024,ZAAUTO2024-1-00054,ZAAUTO2024-1,0,Current,Current,1054073.84,0,0,7/8/2024,21646.52,FALSE,Same,FALSE,FALSE,Standard,0,Static
8/30/2024,ZAAUTO2024-1-00054,ZAAUTO2024-1,0,Current,Current,1060361.64,0,0,8/5/2024,19648.51,FALSE,Same,FALSE,FALSE,Standard,0,Static
9/30/2024,ZAAUTO2024-1-00054,ZAAUTO2024-1,0,Current,Current,1014783.39,0,0,9/17/2024,20523.48,FALSE,Same,FALSE,FALSE,Standard,0,Static
10/30/2024,ZAAUTO2024-1-00054,ZAAUTO2024-1,0,Current,Current,988622.7,0,0,10/12/2024,20027.48,FALSE,Same,FALSE,FALSE,Standard,0,Static
12/30/2023,ZAAUTO2024-1-00055,ZAAUTO2024-1,0,Current,Current,533848.9,0,0,12/30/2023,12484.93,FALSE,Same,FALSE,FALSE,Standard,0,Static
1/30/2024,ZAAUTO2024-1-00055,ZAAUTO2024-1,0,Current,Current,524396.52,0,0,1/22/2024,12289.06,FALSE,Same,FALSE,FALSE,Standard,0,Static
2/28/2024,ZAAUTO2024-1-00055,ZAAUTO2024-1,0,Current,Current,510821,0,0,2/11/2024,10880.53,FALSE,Same,FALSE,FALSE,Standard,0,Static
3/30/2024,ZAAUTO2024-1-00055,ZAAUTO2024-1,0,Current,Current,504082.01,0,0,3/25/2024,11377.84,FALSE,Same,FALSE,FALSE,Standard,0,Static
4/30/2024,ZAAUTO2024-1-00055,ZAAUTO2024-1,0,Current,Current,514499.5,0,0,4/20/2024,10806.33,FALSE,Same,FALSE,FALSE,Standard,0,Static
5/30/2024,ZAAUTO2024-1-00055,ZAAUTO2024-1,0,Current,Current,495546.58,0,0,5/16/2024,11480.31,FALSE,Same,FALSE,FALSE,Standard,0,Static
5/30/2024,ZAAUTO2024-1-00055,ZAAUTO2024-1,0,Current,Current,468169.55,0,0,5/24/2024,10715.8,FALSE,Same,FALSE,FALSE,Standard,0,Static
6/30/2024,ZAAUTO2024-1-00055,ZAAUTO2024-1,0,Current,Current,472413.07,0,0,6/22/2024,11773.96,FALSE,Same,FALSE,FALSE,Standard,0,Static
7/30/2024,ZAAUTO2024-1-00055,ZAAUTO2024-1,0,Current,Current,464849.79,0,0,7/2/2024,10730.44,FALSE,Same,FALSE,FALSE,Standard,0,Static
8/30/2024,ZAAUTO2024-1-00055,ZAAUTO2024-1,0,Current,Current,461551.41,0,0,8/23/2024,12478.35,FALSE,Same,FALSE,FALSE,Standard,0,Static
9/30/2024,ZAAUTO2024-1-00055,ZAAUTO2024-1,0,Current,Current,443775.37,0,0,9/22/2024,11566.86,FALSE,Same,FALSE,FALSE,Standard,0,Static
10/30/2024,ZAAUTO2024-1-00055,ZAAUTO2024-1,0,Current,Current,428831.62,0,0,10/25/2024,12018.74,FALSE,Same,FALSE,FALSE,Standard,0,Static
12/30/2023,ZAAUTO2024-1-00056,ZAAUTO2024-1,0,Current,Current,1483600,0,0,12/2/2023,24327.26,FALSE,Same,FALSE,FALSE,Standard,0,Static
1/30/2024,ZAAUTO2024-1-00056,ZAAUTO2024-1,0,Current,Current,1483600,0,0,1/21/2024,26505.6,FALSE,Same,FALSE,FALSE,Standard,0,Static
2/28/2024,ZAAUTO2024-1-00056,ZAAUTO2024-1,0,Current,Current,1483600,0,0,1/31/2024,26276.04,FALSE,Same,FALSE,FALSE,Standard,0,Static
3/30/2024,ZAAUTO2024-1-00056,ZAAUTO2024-1,3,1-29 DPD,Current,1483600,25535.65,1,3/22/2024,11528.51,FALSE,Worse,FALSE,FALSE,SMA-0,1,Roll
4/30/2024,ZAAUTO2024-1-00056,ZAAUTO2024-1,0,Current,1-29 DPD,1470648.43,0,0,4/6/2024,24328.59,TRUE,Better,FALSE,FALSE,Standard,0,Cure
5/30/2024,ZAAUTO2024-1-00056,ZAAUTO2024-1,0,Current,Current,1432202.69,0,0,5/22/2024,23931.19,FALSE,Same,FALSE,FALSE,Standard,0,Static
5/30/2024,ZAAUTO2024-1-00056,ZAAUTO2024-1,0,Current,Current,1432074.18,0,0,5/15/2024,25101.79,FALSE,Same,FALSE,FALSE,Standard,0,Static
6/30/2024,ZAAUTO2024-1-00056,ZAAUTO2024-1,0,Current,Current,1405504.08,0,0,6/12/2024,25965.81,FALSE,Same,FALSE,FALSE,Standard,0,Static
7/30/2024,ZAAUTO2024-1-00056,ZAAUTO2024-1,0,Current,Current,1392259.68,0,0,7/11/2024,23769.01,FALSE,Same,FALSE,FALSE,Standard,0,Static
8/30/2024,ZAAUTO2024-1-00056,ZAAUTO2024-1,0,Current,Current,1362016.78,0,0,8/18/2024,25846.59,FALSE,Same,FALSE,FALSE,Standard,0,Static
9/30/2024,ZAAUTO2024-1-00056,ZAAUTO2024-1,0,Current,Current,1310502.5,0,0,9/27/2024,25984.32,FALSE,Same,FALSE,FALSE,Standard,0,Static
10/30/2024,ZAAUTO2024-1-00056,ZAAUTO2024-1,0,Current,Current,1335210.62,0,0,10/15/2024,24877.68,FALSE,Same,FALSE,FALSE,Standard,0,Static
12/30/2023,ZAAUTO2024-1-00057,ZAAUTO2024-1,0,Current,Current,492259.58,0,0,11/30/2023,11823.37,FALSE,Same,FALSE,FALSE,Standard,0,Static
1/30/2024,ZAAUTO2024-1-00057,ZAAUTO2024-1,0,Current,Current,487619.76,0,0,1/29/2024,11199.28,FALSE,Same,FALSE,FALSE,Standard,0,Static
2/28/2024,ZAAUTO2024-1-00057,ZAAUTO2024-1,0,Current,Current,454641.41,0,0,2/15/2024,10268.4,FALSE,Same,FALSE,FALSE,Standard,0,Static
3/30/2024,ZAAUTO2024-1-00057,ZAAUTO2024-1,0,Current,Current,448923.6,0,0,3/5/2024,11061.99,FALSE,Same,FALSE,FALSE,Standard,0,Static
4/30/2024,ZAAUTO2024-1-00057,ZAAUTO2024-1,21,1-29 DPD,Current,462772.33,11334.1,1,4/4/2024,2880.51,FALSE,Worse,FALSE,FALSE,SMA-0,1,Roll
5/30/2024,ZAAUTO2024-1-00057,ZAAUTO2024-1,13,1-29 DPD,1-29 DPD,435063.61,11334.1,1,4/26/2024,3656.3,FALSE,Same,FALSE,FALSE,SMA-0,2,Static
5/30/2024,ZAAUTO2024-1-00057,ZAAUTO2024-1,5,1-29 DPD,1-29 DPD,433882.6,11334.1,1,5/11/2024,537.38,FALSE,Same,FALSE,FALSE,SMA-0,3,Static
6/30/2024,ZAAUTO2024-1-00057,ZAAUTO2024-1,0,Current,1-29 DPD,446302.6,0,0,6/21/2024,11112.61,TRUE,Better,FALSE,FALSE,Standard,0,Cure
7/30/2024,ZAAUTO2024-1-00057,ZAAUTO2024-1,0,Current,Current,422518.7,0,0,7/26/2024,10728.01,FALSE,Same,FALSE,FALSE,Standard,0,Static
8/30/2024,ZAAUTO2024-1-00057,ZAAUTO2024-1,0,Current,Current,416452.39,0,0,8/15/2024,10299.14,FALSE,Same,FALSE,FALSE,Standard,0,Static
9/30/2024,ZAAUTO2024-1-00057,ZAAUTO2024-1,0,Current,Current,398716.27,0,0,9/3/2024,10397.88,FALSE,Same,FALSE,FALSE,Standard,0,Static
10/30/2024,ZAAUTO2024-1-00057,ZAAUTO2024-1,0,Current,Current,406500.04,0,0,10/27/2024,10726.52,FALSE,Same,FALSE,FALSE,Standard,0,Static
12/30/2023,ZAAUTO2024-1-00058,ZAAUTO2024-1,0,Current,Current,309791.34,0,0,12/13/2023,5159.02,FALSE,Same,FALSE,FALSE,Standard,0,Static
1/30/2024,ZAAUTO2024-1-00058,ZAAUTO2024-1,0,Current,Current,305015.42,0,0,1/29/2024,4854.11,FALSE,Same,FALSE,FALSE,Standard,0,Static
2/28/2024,ZAAUTO2024-1-00058,ZAAUTO2024-1,0,Current,Current,307271.52,0,0,1/26/2024,4646.36,FALSE,Same,FALSE,FALSE,Standard,0,Static
3/30/2024,ZAAUTO2024-1-00058,ZAAUTO2024-1,0,Current,Current,308708.59,0,0,3/26/2024,4977.58,FALSE,Same,FALSE,FALSE,Standard,0,Static
4/30/2024,ZAAUTO2024-1-00058,ZAAUTO2024-1,17,1-29 DPD,Current,296440.52,5108.24,1,3/30/2024,2633.89,FALSE,Worse,FALSE,FALSE,SMA-0,1,Roll
5/30/2024,ZAAUTO2024-1-00058,ZAAUTO2024-1,0,Current,1-29 DPD,287737.09,0,0,5/20/2024,4792.9,TRUE,Better,FALSE,FALSE,Standard,0,Cure
5/30/2024,ZAAUTO2024-1-00058,ZAAUTO2024-1,0,Current,Current,281826.99,0,0,5/23/2024,4772.43,FALSE,Same,FALSE,FALSE,Standard,0,Static
6/30/2024,ZAAUTO2024-1-00058,ZAAUTO2024-1,0,Current,Current,285487.14,0,0,6/28/2024,5255.37,FALSE,Same,FALSE,FALSE,Standard,0,Static
7/30/2024,ZAAUTO2024-1-00058,ZAAUTO2024-1,0,Current,Current,270879.62,0,0,7/28/2024,4958.9,FALSE,Same,FALSE,FALSE,Standard,0,Static
8/30/2024,ZAAUTO2024-1-00058,ZAAUTO2024-1,0,Current,Current,273607.99,0,0,8/21/2024,4734.54,FALSE,Same,FALSE,FALSE,Standard,0,Static
9/30/2024,ZAAUTO2024-1-00058,ZAAUTO2024-1,0,Current,Current,280071.76,0,0,9/28/2024,5021.04,FALSE,Same,FALSE,FALSE,Standard,0,Static
10/30/2024,ZAAUTO2024-1-00058,ZAAUTO2024-1,59,30-59 DPD,Current,270549.98,5108.24,1,10/4/2024,688.13,FALSE,Worse,FALSE,FALSE,SMA-1,1,Roll
12/30/2023,ZAAUTO2024-1-00059,ZAAUTO2024-1,0,Current,Current,783072.86,0,0,12/1/2023,27865.35,FALSE,Same,FALSE,FALSE,Standard,0,Static
1/30/2024,ZAAUTO2024-1-00059,ZAAUTO2024-1,0,Current,Current,782029.12,0,0,1/11/2024,25678.95,FALSE,Same,FALSE,FALSE,Standard,0,Static
2/28/2024,ZAAUTO2024-1-00059,ZAAUTO2024-1,0,Current,Current,748422.72,0,0,2/28/2024,25847.85,FALSE,Same,FALSE,FALSE,Standard,0,Static
3/30/2024,ZAAUTO2024-1-00059,ZAAUTO2024-1,0,Current,Current,713377.27,0,0,3/11/2024,27352.14,FALSE,Same,FALSE,FALSE,Standard,0,Static
4/30/2024,ZAAUTO2024-1-00059,ZAAUTO2024-1,0,Current,Current,689740.69,0,0,4/7/2024,26751.96,FALSE,Same,FALSE,FALSE,Standard,0,Static
5/30/2024,ZAAUTO2024-1-00059,ZAAUTO2024-1,0,Current,Current,680764.28,0,0,5/18/2024,27323.27,FALSE,Same,FALSE,FALSE,Standard,0,Static
5/30/2024,ZAAUTO2024-1-00059,ZAAUTO2024-1,0,Current,Current,661760.07,0,0,5/15/2024,24961.68,FALSE,Same,FALSE,FALSE,Standard,0,Static
6/30/2024,ZAAUTO2024-1-00059,ZAAUTO2024-1,0,Current,Current,657676.79,0,0,6/29/2024,25296.22,FALSE,Same,FALSE,FALSE,Standard,0,Static
7/30/2024,ZAAUTO2024-1-00059,ZAAUTO2024-1,0,Current,Current,609832.55,0,0,7/30/2024,28210.15,FALSE,Same,FALSE,FALSE,Standard,0,Static
8/30/2024,ZAAUTO2024-1-00059,ZAAUTO2024-1,0,Current,Current,573971.55,0,0,8/6/2024,27796.25,FALSE,Same,FALSE,FALSE,Standard,0,Static
9/30/2024,ZAAUTO2024-1-00059,ZAAUTO2024-1,0,Current,Current,582806.99,0,0,9/24/2024,25183.38,FALSE,Same,FALSE,FALSE,Standard,0,Static
10/30/2024,ZAAUTO2024-1-00059,ZAAUTO2024-1,0,Current,Current,570991,0,0,10/4/2024,26347.48,FALSE,Same,FALSE,FALSE,Standard,0,Static
12/30/2023,ZAAUTO2024-1-00060,ZAAUTO2024-1,0,Current,Current,197010.77,0,0,12/22/2023,5326.04,FALSE,Same,FALSE,FALSE,Standard,0,Static
1/30/2024,ZAAUTO2024-1-00060,ZAAUTO2024-1,13,1-29 DPD,Current,191752.59,5349.67,1,1/27/2024,1396.21,FALSE,Worse,FALSE,FALSE,SMA-0,1,Roll
2/28/2024,ZAAUTO2024-1-00060,ZAAUTO2024-1,0,Current,1-29 DPD,198967.64,0,0,2/13/2024,5048.76,TRUE,Better,FALSE,FALSE,Standard,0,Cure
3/30/2024,ZAAUTO2024-1-00060,ZAAUTO2024-1,0,Current,Current,192175.55,0,0,3/5/2024,5377,FALSE,Same,FALSE,FALSE,Standard,0,Static
4/30/2024,ZAAUTO2024-1-00060,ZAAUTO2024-1,0,Current,Current,185436.56,0,0,4/10/2024,5178.02,FALSE,Same,FALSE,FALSE,Standard,0,Static
5/30/2024,ZAAUTO2024-1-00060,ZAAUTO2024-1,0,Current,Current,173916.44,0,0,5/18/2024,4923.93,FALSE,Same,FALSE,FALSE,Standard,0,Static
5/30/2024,ZAAUTO2024-1-00060,ZAAUTO2024-1,0,Current,Current,175463.94,0,0,5/24/2024,4939.41,FALSE,Same,FALSE,FALSE,Standard,0,Static
6/30/2024,ZAAUTO2024-1-00060,ZAAUTO2024-1,0,Current,Current,163060.88,0,0,6/1/2024,5066.7,FALSE,Same,FALSE,FALSE,Standard,0,Static
7/30/2024,ZAAUTO2024-1-00060,ZAAUTO2024-1,4,1-29 DPD,Current,162344.95,5349.67,1,7/17/2024,1450.56,FALSE,Worse,FALSE,FALSE,SMA-0,1,Roll
8/30/2024,ZAAUTO2024-1-00060,ZAAUTO2024-1,15,1-29 DPD,1-29 DPD,154199.06,5349.67,1,8/23/2024,290.23,FALSE,Same,FALSE,FALSE,SMA-0,2,Static
9/30/2024,ZAAUTO2024-1-00060,ZAAUTO2024-1,0,Current,1-29 DPD,155020.49,0,0,9/11/2024,5477.84,TRUE,Better,FALSE,FALSE,Standard,0,Cure
10/30/2024,ZAAUTO2024-1-00060,ZAAUTO2024-1,0,Current,Current,148641.65,0,0,10/28/2024,4987.25,FALSE,Same,FALSE,FALSE,Standard,0,Static
12/30/2023,ZAAUTO2024-1-00061,ZAAUTO2024-1,18,1-29 DPD,Current,1213934.78,29486.38,1,12/15/2023,1675.86,FALSE,Worse,FALSE,FALSE,SMA-0,1,Roll
1/30/2024,ZAAUTO2024-1-00061,ZAAUTO2024-1,4,1-29 DPD,1-29 DPD,1195527.52,29486.38,1,1/22/2024,2148.73,FALSE,Same,FALSE,FALSE,SMA-0,2,Static
2/28/2024,ZAAUTO2024-1-00061,ZAAUTO2024-1,0,Current,1-29 DPD,1111855.47,0,0,2/14/2024,27115.89,TRUE,Better,FALSE,FALSE,Standard,0,Cure
3/30/2024,ZAAUTO2024-1-00061,ZAAUTO2024-1,0,Current,Current,1150830.1,0,0,3/7/2024,29573.15,FALSE,Same,FALSE,FALSE,Standard,0,Static
4/30/2024,ZAAUTO2024-1-00061,ZAAUTO2024-1,0,Current,Current,1136581.65,0,0,4/25/2024,29113.34,FALSE,Same,FALSE,FALSE,Standard,0,Static
5/30/2024,ZAAUTO2024-1-00061,ZAAUTO2024-1,0,Current,Current,1061148.69,0,0,5/26/2024,26634.16,FALSE,Same,FALSE,FALSE,Standard,0,Static
5/30/2024,ZAAUTO2024-1-00061,ZAAUTO2024-1,0,Current,Current,1024287.95,0,0,5/2/2024,30117.24,FALSE,Same,FALSE,FALSE,Standard,0,Static
6/30/2024,ZAAUTO2024-1-00061,ZAAUTO2024-1,3,1-29 DPD,Current,1064129.63,29486.38,1,6/9/2024,2167.74,FALSE,Worse,FALSE,FALSE,SMA-0,1,Roll
7/30/2024,ZAAUTO2024-1-00061,ZAAUTO2024-1,0,Current,1-29 DPD,1043502.31,0,0,7/27/2024,27280.75,TRUE,Better,FALSE,FALSE,Standard,0,Cure
8/30/2024,ZAAUTO2024-1-00061,ZAAUTO2024-1,0,Current,Current,994246.45,0,0,8/5/2024,28732.09,FALSE,Same,FALSE,FALSE,Standard,0,Static
9/30/2024,ZAAUTO2024-1-00061,ZAAUTO2024-1,0,Current,Current,958349.25,0,0,9/3/2024,27302.06,FALSE,Same,FALSE,FALSE,Standard,0,Static
10/30/2024,ZAAUTO2024-1-00061,ZAAUTO2024-1,0,Current,Current,924619.49,0,0,10/19/2024,27753.97,FALSE,Same,FALSE,FALSE,Standard,0,Static
12/30/2023,ZAAUTO2024-1-00062,ZAAUTO2024-1,0,Current,Current,399232.03,0,0,11/27/2023,11676.23,FALSE,Same,FALSE,FALSE,Standard,0,Static
1/30/2024,ZAAUTO2024-1-00062,ZAAUTO2024-1,0,Current,Current,398522.56,0,0,12/27/2023,12695.84,FALSE,Same,FALSE,FALSE,Standard,0,Static
2/28/2024,ZAAUTO2024-1-00062,ZAAUTO2024-1,0,Current,Current,387817.57,0,0,2/6/2024,12106.97,FALSE,Same,FALSE,FALSE,Standard,0,Static
3/30/2024,ZAAUTO2024-1-00062,ZAAUTO2024-1,0,Current,Current,371852.7,0,0,3/8/2024,12916,FALSE,Same,FALSE,FALSE,Standard,0,Static
4/30/2024,ZAAUTO2024-1-00062,ZAAUTO2024-1,0,Current,Current,354400.23,0,0,4/6/2024,11716,FALSE,Same,FALSE,FALSE,Standard,0,Static
5/30/2024,ZAAUTO2024-1-00062,ZAAUTO2024-1,0,Current,Current,332528.42,0,0,5/16/2024,11265.46,FALSE,Same,FALSE,FALSE,Standard,0,Static
5/30/2024,ZAAUTO2024-1-00062,ZAAUTO2024-1,0,Current,Current,341269.54,0,0,5/13/2024,11320.18,FALSE,Same,FALSE,FALSE,Standard,0,Static
6/30/2024,ZAAUTO2024-1-00062,ZAAUTO2024-1,0,Current,Current,334982.3,0,0,5/28/2024,11878.55,FALSE,Same,FALSE,FALSE,Standard,0,Static
7/30/2024,ZAAUTO2024-1-00062,ZAAUTO2024-1,0,Current,Current,315325.51,0,0,7/16/2024,13030.54,FALSE,Same,FALSE,FALSE,Standard,0,Static
8/30/2024,ZAAUTO2024-1-00062,ZAAUTO2024-1,0,Current,Current,294616.3,0,0,8/15/2024,11708.7,FALSE,Same,FALSE,FALSE,Standard,0,Static
9/30/2024,ZAAUTO2024-1-00062,ZAAUTO2024-1,0,Current,Current,299597.95,0,0,9/27/2024,12638.3,FALSE,Same,FALSE,FALSE,Standard,0,Static
10/30/2024,ZAAUTO2024-1-00062,ZAAUTO2024-1,0,Current,Current,291789.94,0,0,10/6/2024,11873.64,FALSE,Same,FALSE,FALSE,Standard,0,Static
12/30/2023,ZAAUTO2024-1-00063,ZAAUTO2024-1,0,Current,Current,446746.3,0,0,12/18/2023,13937.39,FALSE,Same,FALSE,FALSE,Standard,0,Static
1/30/2024,ZAAUTO2024-1-00063,ZAAUTO2024-1,0,Current,Current,446092.29,0,0,12/30/2023,13336.87,FALSE,Same,FALSE,FALSE,Standard,0,Static
2/28/2024,ZAAUTO2024-1-00063,ZAAUTO2024-1,0,Current,Current,418304.61,0,0,2/26/2024,12415.68,FALSE,Same,FALSE,FALSE,Standard,0,Static
3/30/2024,ZAAUTO2024-1-00063,ZAAUTO2024-1,0,Current,Current,411911.25,0,0,3/16/2024,12272.31,FALSE,Same,FALSE,FALSE,Standard,0,Static
4/30/2024,ZAAUTO2024-1-00063,ZAAUTO2024-1,0,Current,Current,410958.6,0,0,4/9/2024,14102.92,FALSE,Same,FALSE,FALSE,Standard,0,Static
5/30/2024,ZAAUTO2024-1-00063,ZAAUTO2024-1,0,Current,Current,394758.52,0,0,5/22/2024,12926.36,FALSE,Same,FALSE,FALSE,Standard,0,Static
5/30/2024,ZAAUTO2024-1-00063,ZAAUTO2024-1,0,Current,Current,385973.16,0,0,5/10/2024,12353.1,FALSE,Same,FALSE,FALSE,Standard,0,Static
6/30/2024,ZAAUTO2024-1-00063,ZAAUTO2024-1,0,Current,Current,377058.23,0,0,6/21/2024,13810.32,FALSE,Same,FALSE,FALSE,Standard,0,Static
7/30/2024,ZAAUTO2024-1-00063,ZAAUTO2024-1,0,Current,Current,387771.91,0,0,7/7/2024,14189.89,FALSE,Same,FALSE,FALSE,Standard,0,Static
8/30/2024,ZAAUTO2024-1-00063,ZAAUTO2024-1,0,Current,Current,366840.61,0,0,8/5/2024,13426.35,FALSE,Same,FALSE,FALSE,Standard,0,Static
9/30/2024,ZAAUTO2024-1-00063,ZAAUTO2024-1,0,Current,Current,357675.46,0,0,9/10/2024,12509.86,FALSE,Same,FALSE,FALSE,Standard,0,Static
10/30/2024,ZAAUTO2024-1-00063,ZAAUTO2024-1,0,Current,Current,344985.01,0,0,10/3/2024,13845.95,FALSE,Same,FALSE,FALSE,Standard,0,Static
12/30/2023,ZAAUTO2024-1-00064,ZAAUTO2024-1,0,Current,Current,527870.41,0,0,12/22/2023,28912.83,FALSE,Same,FALSE,FALSE,Standard,0,Static
1/30/2024,ZAAUTO2024-1-00064,ZAAUTO2024-1,0,Current,Current,488747.11,0,0,1/5/2024,32062.83,FALSE,Same,FALSE,FALSE,Standard,0,Static
2/28/2024,ZAAUTO2024-1-00064,ZAAUTO2024-1,0,Current,Current,501958.98,0,0,2/26/2024,28933.3,FALSE,Same,FALSE,FALSE,Standard,0,Static
3/30/2024,ZAAUTO2024-1-00064,ZAAUTO2024-1,0,Current,Current,472095.51,0,0,3/16/2024,31074.79,FALSE,Same,FALSE,FALSE,Standard,0,Static
4/30/2024,ZAAUTO2024-1-00064,ZAAUTO2024-1,4,1-29 DPD,Current,478469.7,31201.25,1,4/21/2024,6199.72,FALSE,Worse,FALSE,FALSE,SMA-0,1,Roll
5/30/2024,ZAAUTO2024-1-00064,ZAAUTO2024-1,3,1-29 DPD,1-29 DPD,441485.57,31201.25,1,5/10/2024,3142.98,FALSE,Same,FALSE,FALSE,SMA-0,2,Static
5/30/2024,ZAAUTO2024-1-00064,ZAAUTO2024-1,29,1-29 DPD,1-29 DPD,449992.73,31201.25,1,5/9/2024,8361.25,FALSE,Same,FALSE,FALSE,SMA-0,3,Static
6/30/2024,ZAAUTO2024-1-00064,ZAAUTO2024-1,9,1-29 DPD,1-29 DPD,412754.32,31201.25,1,6/26/2024,6561.27,FALSE,Same,FALSE,FALSE,SMA-0,4,Static
7/30/2024,ZAAUTO2024-1-00064,ZAAUTO2024-1,0,Current,1-29 DPD,415550.01,0,0,7/30/2024,28306.46,TRUE,Better,FALSE,FALSE,Standard,0,Cure
8/30/2024,ZAAUTO2024-1-00064,ZAAUTO2024-1,15,1-29 DPD,Current,399533.61,31201.25,1,8/20/2024,16559.48,FALSE,Worse,FALSE,FALSE,SMA-0,1,Roll
9/30/2024,ZAAUTO2024-1-00064,ZAAUTO2024-1,16,1-29 DPD,1-29 DPD,389109.03,31201.25,1,9/8/2024,10221.98,FALSE,Same,FALSE,FALSE,SMA-0,2,Static
10/30/2024,ZAAUTO2024-1-00064,ZAAUTO2024-1,0,Current,1-29 DPD,354296.88,0,0,9/30/2024,31772.53,TRUE,Better,FALSE,FALSE,Standard,0,Cure
12/30/2023,ZAAUTO2024-1-00065,ZAAUTO2024-1,0,Current,Current,631294.3,0,0,12/26/2023,25335.2,FALSE,Same,FALSE,FALSE,Standard,0,Static
1/30/2024,ZAAUTO2024-1-00065,ZAAUTO2024-1,0,Current,Current,647982.24,0,0,1/25/2024,24526.06,FALSE,Same,FALSE,FALSE,Standard,0,Static
2/28/2024,ZAAUTO2024-1-00065,ZAAUTO2024-1,0,Current,Current,634578.43,0,0,1/29/2024,25944.52,FALSE,Same,FALSE,FALSE,Standard,0,Static
3/30/2024,ZAAUTO2024-1-00065,ZAAUTO2024-1,0,Current,Current,593781.58,0,0,3/20/2024,25568.44,FALSE,Same,FALSE,FALSE,Standard,0,Static
4/30/2024,ZAAUTO2024-1-00065,ZAAUTO2024-1,0,Current,Current,577252.08,0,0,4/27/2024,23610.13,FALSE,Same,FALSE,FALSE,Standard,0,Static
5/30/2024,ZAAUTO2024-1-00065,ZAAUTO2024-1,0,Current,Current,551448.45,0,0,5/18/2024,24802.09,FALSE,Same,FALSE,FALSE,Standard,0,Static
5/30/2024,ZAAUTO2024-1-00065,ZAAUTO2024-1,0,Current,Current,548606.21,0,0,4/26/2024,24244.79,FALSE,Same,FALSE,FALSE,Standard,0,Static
6/30/2024,ZAAUTO2024-1-00065,ZAAUTO2024-1,0,Current,Current,521549.43,0,0,6/15/2024,23589.46,FALSE,Same,FALSE,FALSE,Standard,0,Static
7/30/2024,ZAAUTO2024-1-00065,ZAAUTO2024-1,0,Current,Current,509140.34,0,0,6/25/2024,26468.29,FALSE,Same,FALSE,FALSE,Standard,0,Static
8/30/2024,ZAAUTO2024-1-00065,ZAAUTO2024-1,0,Current,Current,484097.12,0,0,8/7/2024,23233.06,FALSE,Same,FALSE,FALSE,Standard,0,Static
9/30/2024,ZAAUTO2024-1-00065,ZAAUTO2024-1,0,Current,Current,465531.12,0,0,8/31/2024,23990.97,FALSE,Same,FALSE,FALSE,Standard,0,Static
10/30/2024,ZAAUTO2024-1-00065,ZAAUTO2024-1,0,Current,Current,447255.81,0,0,10/20/2024,25687.91,FALSE,Same,FALSE,FALSE,Standard,0,Static
12/30/2023,ZAAUTO2024-1-00066,ZAAUTO2024-1,0,Current,Current,1320900,0,0,12/28/2023,42552.45,FALSE,Same,FALSE,FALSE,Standard,0,Static
1/30/2024,ZAAUTO2024-1-00066,ZAAUTO2024-1,0,Current,Current,1320900,0,0,1/16/2024,46450.7,FALSE,Same,FALSE,FALSE,Standard,0,Static
2/28/2024,ZAAUTO2024-1-00066,ZAAUTO2024-1,0,Current,Current,1320900,0,0,2/19/2024,45874.28,FALSE,Same,FALSE,FALSE,Standard,0,Static
3/30/2024,ZAAUTO2024-1-00066,ZAAUTO2024-1,0,Current,Current,1320900,0,0,3/25/2024,45302.95,FALSE,Same,FALSE,FALSE,Standard,0,Static
4/30/2024,ZAAUTO2024-1-00066,ZAAUTO2024-1,0,Current,Current,1320900,0,0,4/4/2024,47358.55,FALSE,Same,FALSE,FALSE,Standard,0,Static
5/30/2024,ZAAUTO2024-1-00066,ZAAUTO2024-1,0,Current,Current,1289742.13,0,0,4/25/2024,41177.96,FALSE,Same,FALSE,FALSE,Standard,0,Static
5/30/2024,ZAAUTO2024-1-00066,ZAAUTO2024-1,0,Current,Current,1251928.55,0,0,4/27/2024,43607.8,FALSE,Same,FALSE,FALSE,Standard,0,Static
6/30/2024,ZAAUTO2024-1-00066,ZAAUTO2024-1,0,Current,Current,1245673.61,0,0,5/31/2024,44654.62,FALSE,Same,FALSE,FALSE,Standard,0,Static
7/30/2024,ZAAUTO2024-1-00066,ZAAUTO2024-1,0,Current,Current,1200044.58,0,0,7/11/2024,41300.05,FALSE,Same,FALSE,FALSE,Standard,0,Static
8/30/2024,ZAAUTO2024-1-00066,ZAAUTO2024-1,0,Current,Current,1237953.85,0,0,8/28/2024,44174.88,FALSE,Same,FALSE,FALSE,Standard,0,Static
9/30/2024,ZAAUTO2024-1-00066,ZAAUTO2024-1,29,1-29 DPD,Current,1185403.75,45292.93,1,9/21/2024,3268.75,FALSE,Worse,FALSE,FALSE,SMA-0,1,Roll
10/30/2024,ZAAUTO2024-1-00066,ZAAUTO2024-1,0,Current,1-29 DPD,1185755.91,0,0,10/19/2024,47211.5,TRUE,Better,FALSE,FALSE,Standard,0,Cure
12/30/2023,ZAAUTO2024-1-00067,ZAAUTO2024-1,0,Current,Current,991320.63,0,0,12/26/2023,21081.29,FALSE,Same,FALSE,FALSE,Standard,0,Static
1/30/2024,ZAAUTO2024-1-00067,ZAAUTO2024-1,0,Current,Current,960151.36,0,0,12/26/2023,21909.36,FALSE,Same,FALSE,FALSE,Standard,0,Static
2/28/2024,ZAAUTO2024-1-00067,ZAAUTO2024-1,0,Current,Current,922162.38,0,0,1/30/2024,23956.3,FALSE,Same,FALSE,FALSE,Standard,0,Static
3/30/2024,ZAAUTO2024-1-00067,ZAAUTO2024-1,0,Current,Current,886005.03,0,0,2/26/2024,23487.11,FALSE,Same,FALSE,FALSE,Standard,0,Static
4/30/2024,ZAAUTO2024-1-00067,ZAAUTO2024-1,0,Current,Current,873813.09,0,0,4/21/2024,21293.15,FALSE,Same,FALSE,FALSE,Standard,0,Static
5/30/2024,ZAAUTO2024-1-00067,ZAAUTO2024-1,0,Current,Current,884796.49,0,0,5/24/2024,23983.2,FALSE,Same,FALSE,FALSE,Standard,0,Static
5/30/2024,ZAAUTO2024-1-00067,ZAAUTO2024-1,0,Current,Current,863878.08,0,0,5/24/2024,23501.17,FALSE,Same,FALSE,FALSE,Standard,0,Static
6/30/2024,ZAAUTO2024-1-00067,ZAAUTO2024-1,0,Current,Current,862749.34,0,0,6/8/2024,23820.31,FALSE,Same,FALSE,FALSE,Standard,0,Static
7/30/2024,ZAAUTO2024-1-00067,ZAAUTO2024-1,0,Current,Current,807766.78,0,0,6/29/2024,22760.98,FALSE,Same,FALSE,FALSE,Standard,0,Static
8/30/2024,ZAAUTO2024-1-00067,ZAAUTO2024-1,0,Current,Current,800745.75,0,0,8/19/2024,21733.73,FALSE,Same,FALSE,FALSE,Standard,0,Static
9/30/2024,ZAAUTO2024-1-00067,ZAAUTO2024-1,0,Current,Current,763209.32,0,0,9/5/2024,20914.2,FALSE,Same,FALSE,FALSE,Standard,0,Static
10/30/2024,ZAAUTO2024-1-00067,ZAAUTO2024-1,0,Current,Current,784918.36,0,0,10/9/2024,23171.35,FALSE,Same,FALSE,FALSE,Standard,0,Static
12/30/2023,ZAAUTO2024-1-00068,ZAAUTO2024-1,8,1-29 DPD,Current,1516251.12,35264.62,1,12/2/2023,16377.54,FALSE,Worse,FALSE,FALSE,SMA-0,1,Roll
1/30/2024,ZAAUTO2024-1-00068,ZAAUTO2024-1,0,Current,1-29 DPD,1509272.75,0,0,1/4/2024,34938.31,TRUE,Better,FALSE,FALSE,Standard,0,Cure
2/28/2024,ZAAUTO2024-1-00068,ZAAUTO2024-1,0,Current,Current,1456965.09,0,0,1/31/2024,32856.35,FALSE,Same,FALSE,FALSE,Standard,0,Static
3/30/2024,ZAAUTO2024-1-00068,ZAAUTO2024-1,0,Current,Current,1506713.19,0,0,2/28/2024,35755.64,FALSE,Same,FALSE,FALSE,Standard,0,Static
4/30/2024,ZAAUTO2024-1-00068,ZAAUTO2024-1,0,Current,Current,1482542.45,0,0,4/27/2024,34463.78,FALSE,Same,FALSE,FALSE,Standard,0,Static
5/30/2024,ZAAUTO2024-1-00068,ZAAUTO2024-1,0,Current,Current,1382536.6,0,0,5/11/2024,35491.56,FALSE,Same,FALSE,FALSE,Standard,0,Static
5/30/2024,ZAAUTO2024-1-00068,ZAAUTO2024-1,0,Current,Current,1379374.27,0,0,4/27/2024,36389.56,FALSE,Same,FALSE,FALSE,Standard,0,Static
6/30/2024,ZAAUTO2024-1-00068,ZAAUTO2024-1,0,Current,Current,1315387.23,0,0,6/18/2024,36367.59,FALSE,Same,FALSE,FALSE,Standard,0,Static
7/30/2024,ZAAUTO2024-1-00068,ZAAUTO2024-1,0,Current,Current,1304631.25,0,0,7/27/2024,33057.88,FALSE,Same,FALSE,FALSE,Standard,0,Static
8/30/2024,ZAAUTO2024-1-00068,ZAAUTO2024-1,0,Current,Current,1300977.6,0,0,8/7/2024,35465.46,FALSE,Same,FALSE,FALSE,Standard,0,Static
9/30/2024,ZAAUTO2024-1-00068,ZAAUTO2024-1,0,Current,Current,1256539.34,0,0,9/1/2024,34410.12,FALSE,Same,FALSE,FALSE,Standard,0,Static
10/30/2024,ZAAUTO2024-1-00068,ZAAUTO2024-1,0,Current,Current,1261107.37,0,0,10/23/2024,35341.36,FALSE,Same,FALSE,FALSE,Standard,0,Static
12/30/2023,ZAAUTO2024-1-00069,ZAAUTO2024-1,0,Current,Current,1165555.57,0,0,12/27/2023,21825.48,FALSE,Same,FALSE,FALSE,Standard,0,Static
1/30/2024,ZAAUTO2024-1-00069,ZAAUTO2024-1,0,Current,Current,1190075.53,0,0,1/17/2024,24283.96,FALSE,Same,FALSE,FALSE,Standard,0,Static
2/28/2024,ZAAUTO2024-1-00069,ZAAUTO2024-1,0,Current,Current,1174103.32,0,0,2/15/2024,22201.5,FALSE,Same,FALSE,FALSE,Standard,0,Static
3/30/2024,ZAAUTO2024-1-00069,ZAAUTO2024-1,0,Current,Current,1132541.08,0,0,3/29/2024,24310.58,FALSE,Same,FALSE,FALSE,Standard,0,Static
4/30/2024,ZAAUTO2024-1-00069,ZAAUTO2024-1,0,Current,Current,1154918.17,0,0,4/30/2024,22927.54,FALSE,Same,FALSE,FALSE,Standard,0,Static
5/30/2024,ZAAUTO2024-1-00069,ZAAUTO2024-1,0,Current,Current,1067115.65,0,0,5/19/2024,23377.46,FALSE,Same,FALSE,FALSE,Standard,0,Static
5/30/2024,ZAAUTO2024-1-00069,ZAAUTO2024-1,0,Current,Current,1036180,0,0,5/14/2024,23402.96,FALSE,Same,FALSE,FALSE,Standard,0,Static
6/30/2024,ZAAUTO2024-1-00069,ZAAUTO2024-1,10,1-29 DPD,Current,1067522.52,23609.51,1,6/13/2024,6003.52,FALSE,Worse,FALSE,FALSE,SMA-0,1,Roll
7/30/2024,ZAAUTO2024-1-00069,ZAAUTO2024-1,0,Current,1-29 DPD,1020523.5,0,0,7/8/2024,22874.07,TRUE,Better,FALSE,FALSE,Standard,0,Cure
8/30/2024,ZAAUTO2024-1-00069,ZAAUTO2024-1,0,Current,Current,987323.44,0,0,8/11/2024,23646.8,FALSE,Same,FALSE,FALSE,Standard,0,Static
9/30/2024,ZAAUTO2024-1-00069,ZAAUTO2024-1,0,Current,Current,1008149.18,0,0,9/5/2024,23318.48,FALSE,Same,FALSE,FALSE,Standard,0,Static
10/30/2024,ZAAUTO2024-1-00069,ZAAUTO2024-1,0,Current,Current,929646.74,0,0,10/7/2024,23236.92,FALSE,Same,FALSE,FALSE,Standard,0,Static
12/30/2023,ZAAUTO2024-1-00070,ZAAUTO2024-1,7,1-29 DPD,Current,617819.23,18065.18,1,12/15/2023,9751.81,FALSE,Worse,FALSE,FALSE,SMA-0,1,Roll
1/30/2024,ZAAUTO2024-1-00070,ZAAUTO2024-1,26,1-29 DPD,1-29 DPD,635748.57,18065.18,1,1/5/2024,7159.56,FALSE,Same,FALSE,FALSE,SMA-0,2,Static
2/28/2024,ZAAUTO2024-1-00070,ZAAUTO2024-1,0,Current,1-29 DPD,614217.98,0,0,2/27/2024,18034.65,TRUE,Better,FALSE,FALSE,Standard,0,Cure
3/30/2024,ZAAUTO2024-1-00070,ZAAUTO2024-1,0,Current,Current,613810.46,0,0,3/14/2024,18716.19,FALSE,Same,FALSE,FALSE,Standard,0,Static
4/30/2024,ZAAUTO2024-1-00070,ZAAUTO2024-1,0,Current,Current,575347.21,0,0,4/28/2024,17838.53,FALSE,Same,FALSE,FALSE,Standard,0,Static
5/30/2024,ZAAUTO2024-1-00070,ZAAUTO2024-1,0,Current,Current,585587.84,0,0,5/18/2024,17188.57,FALSE,Same,FALSE,FALSE,Standard,0,Static
5/30/2024,ZAAUTO2024-1-00070,ZAAUTO2024-1,0,Current,Current,560493.04,0,0,4/26/2024,17988.35,FALSE,Same,FALSE,FALSE,Standard,0,Static
6/30/2024,ZAAUTO2024-1-00070,ZAAUTO2024-1,0,Current,Current,537615.65,0,0,6/8/2024,17633.37,FALSE,Same,FALSE,FALSE,Standard,0,Static
7/30/2024,ZAAUTO2024-1-00070,ZAAUTO2024-1,0,Current,Current,537854.24,0,0,6/25/2024,16749.5,FALSE,Same,FALSE,FALSE,Standard,0,Static
8/30/2024,ZAAUTO2024-1-00070,ZAAUTO2024-1,0,Current,Current,496766.71,0,0,8/22/2024,18266.39,FALSE,Same,FALSE,FALSE,Standard,0,Static
9/30/2024,ZAAUTO2024-1-00070,ZAAUTO2024-1,0,Current,Current,505780.65,0,0,8/26/2024,18326,FALSE,Same,FALSE,FALSE,Standard,0,Static
10/30/2024,ZAAUTO2024-1-00070,ZAAUTO2024-1,0,Current,Current,473330.82,0,0,10/9/2024,18032.03,FALSE,Same,FALSE,FALSE,Standard,0,Static
12/30/2023,ZAAUTO2024-1-00071,ZAAUTO2024-1,0,Current,Current,562362.19,0,0,12/26/2023,12492.07,FALSE,Same,FALSE,FALSE,Standard,0,Static
1/30/2024,ZAAUTO2024-1-00071,ZAAUTO2024-1,0,Current,Current,537025.79,0,0,1/23/2024,13255,FALSE,Same,FALSE,FALSE,Standard,0,Static
2/28/2024,ZAAUTO2024-1-00071,ZAAUTO2024-1,0,Current,Current,534183.05,0,0,2/9/2024,12377.97,FALSE,Same,FALSE,FALSE,Standard,0,Static
3/30/2024,ZAAUTO2024-1-00071,ZAAUTO2024-1,0,Current,Current,542412.6,0,0,3/21/2024,11845.76,FALSE,Same,FALSE,FALSE,Standard,0,Static
4/30/2024,ZAAUTO2024-1-00071,ZAAUTO2024-1,0,Current,Current,507217.6,0,0,4/4/2024,13486.02,FALSE,Same,FALSE,FALSE,Standard,0,Static
5/30/2024,ZAAUTO2024-1-00071,ZAAUTO2024-1,0,Current,Current,522210.11,0,0,5/1/2024,11857.07,FALSE,Same,FALSE,FALSE,Standard,0,Static
5/30/2024,ZAAUTO2024-1-00071,ZAAUTO2024-1,0,Current,Current,510618.56,0,0,5/19/2024,13084.07,FALSE,Same,FALSE,FALSE,Standard,0,Static
6/30/2024,ZAAUTO2024-1-00071,ZAAUTO2024-1,0,Current,Current,487139.26,0,0,6/19/2024,12185.56,FALSE,Same,FALSE,FALSE,Standard,0,Static
7/30/2024,ZAAUTO2024-1-00071,ZAAUTO2024-1,0,Current,Current,462347.48,0,0,7/2/2024,12108.57,FALSE,Same,FALSE,FALSE,Standard,0,Static
8/30/2024,ZAAUTO2024-1-00071,ZAAUTO2024-1,0,Current,Current,475782.63,0,0,8/20/2024,12692.91,FALSE,Same,FALSE,FALSE,Standard,0,Static
9/30/2024,ZAAUTO2024-1-00071,ZAAUTO2024-1,0,Current,Current,445793.16,0,0,9/25/2024,11830.4,FALSE,Same,FALSE,FALSE,Standard,0,Static
10/30/2024,ZAAUTO2024-1-00071,ZAAUTO2024-1,0,Current,Current,444550.52,0,0,10/3/2024,12359.22,FALSE,Same,FALSE,FALSE,Standard,0,Static
12/30/2023,ZAAUTO2024-1-00072,ZAAUTO2024-1,0,Current,Current,847052.49,0,0,12/8/2023,21795.05,FALSE,Same,FALSE,FALSE,Standard,0,Static
1/30/2024,ZAAUTO2024-1-00072,ZAAUTO2024-1,0,Current,Current,823041.37,0,0,12/29/2023,22750.05,FALSE,Same,FALSE,FALSE,Standard,0,Static
2/28/2024,ZAAUTO2024-1-00072,ZAAUTO2024-1,0,Current,Current,811785.84,0,0,2/26/2024,21747.09,FALSE,Same,FALSE,FALSE,Standard,0,Static
3/30/2024,ZAAUTO2024-1-00072,ZAAUTO2024-1,0,Current,Current,803838.7,0,0,2/26/2024,22776.63,FALSE,Same,FALSE,FALSE,Standard,0,Static
4/30/2024,ZAAUTO2024-1-00072,ZAAUTO2024-1,0,Current,Current,791250.03,0,0,4/22/2024,21900.85,FALSE,Same,FALSE,FALSE,Standard,0,Static
5/30/2024,ZAAUTO2024-1-00072,ZAAUTO2024-1,0,Current,Current,807373.36,0,0,5/8/2024,23307.5,FALSE,Same,FALSE,FALSE,Standard,0,Static
5/30/2024,ZAAUTO2024-1-00072,ZAAUTO2024-1,0,Current,Current,751163.22,0,0,5/5/2024,20783.46,FALSE,Same,FALSE,FALSE,Standard,0,Static
6/30/2024,ZAAUTO2024-1-00072,ZAAUTO2024-1,0,Current,Current,739224.01,0,0,6/22/2024,21446.64,FALSE,Same,FALSE,FALSE,Standard,0,Static
7/30/2024,ZAAUTO2024-1-00072,ZAAUTO2024-1,0,Current,Current,713411.61,0,0,6/28/2024,21300.91,FALSE,Same,FALSE,FALSE,Standard,0,Static
8/30/2024,ZAAUTO2024-1-00072,ZAAUTO2024-1,0,Current,Current,716154.98,0,0,8/28/2024,22012.93,FALSE,Same,FALSE,FALSE,Standard,0,Static
9/30/2024,ZAAUTO2024-1-00072,ZAAUTO2024-1,21,1-29 DPD,Current,695237.62,23019.36,1,8/27/2024,8606.5,FALSE,Worse,FALSE,FALSE,SMA-0,1,Roll
10/30/2024,ZAAUTO2024-1-00072,ZAAUTO2024-1,0,Current,1-29 DPD,696642.69,0,0,10/27/2024,23003.14,TRUE,Better,FALSE,FALSE,Standard,0,Cure
12/30/2023,ZAAUTO2024-1-00073,ZAAUTO2024-1,0,Current,Current,741721.78,0,0,11/27/2023,22871.27,FALSE,Same,FALSE,FALSE,Standard,0,Static
1/30/2024,ZAAUTO2024-1-00073,ZAAUTO2024-1,0,Current,Current,720176.65,0,0,1/22/2024,23414.23,FALSE,Same,FALSE,FALSE,Standard,0,Static
2/28/2024,ZAAUTO2024-1-00073,ZAAUTO2024-1,0,Current,Current,716049.87,0,0,1/27/2024,24508.34,FALSE,Same,FALSE,FALSE,Standard,0,Static
3/30/2024,ZAAUTO2024-1-00073,ZAAUTO2024-1,0,Current,Current,659423.42,0,0,3/23/2024,24749.06,FALSE,Same,FALSE,FALSE,Standard,0,Static
4/30/2024,ZAAUTO2024-1-00073,ZAAUTO2024-1,0,Current,Current,659245.18,0,0,4/18/2024,24724.26,FALSE,Same,FALSE,FALSE,Standard,0,Static
5/30/2024,ZAAUTO2024-1-00073,ZAAUTO2024-1,0,Current,Current,655962.32,0,0,5/18/2024,23192.07,FALSE,Same,FALSE,FALSE,Standard,0,Static
5/30/2024,ZAAUTO2024-1-00073,ZAAUTO2024-1,0,Current,Current,618386.69,0,0,5/20/2024,22030.2,FALSE,Same,FALSE,FALSE,Standard,0,Static
6/30/2024,ZAAUTO2024-1-00073,ZAAUTO2024-1,0,Current,Current,603735.24,0,0,6/17/2024,24396.85,FALSE,Same,FALSE,FALSE,Standard,0,Static
7/30/2024,ZAAUTO2024-1-00073,ZAAUTO2024-1,0,Current,Current,584600.77,0,0,7/15/2024,21896.45,FALSE,Same,FALSE,FALSE,Standard,0,Static
8/30/2024,ZAAUTO2024-1-00073,ZAAUTO2024-1,0,Current,Current,573833.59,0,0,8/23/2024,24933.17,FALSE,Same,FALSE,FALSE,Standard,0,Static
9/30/2024,ZAAUTO2024-1-00073,ZAAUTO2024-1,0,Current,Current,555019.85,0,0,9/21/2024,25349.8,FALSE,Same,FALSE,FALSE,Standard,0,Static
10/30/2024,ZAAUTO2024-1-00073,ZAAUTO2024-1,0,Current,Current,540473.03,0,0,10/26/2024,24525.84,FALSE,Same,FALSE,FALSE,Standard,0,Static
12/30/2023,ZAAUTO2024-1-00074,ZAAUTO2024-1,0,Current,Current,2104179.64,0,0,12/23/2023,66700.55,FALSE,Same,FALSE,FALSE,Standard,0,Static
1/30/2024,ZAAUTO2024-1-00074,ZAAUTO2024-1,0,Current,Current,2138113.01,0,0,1/28/2024,65766.79,FALSE,Same,FALSE,FALSE,Standard,0,Static
2/28/2024,ZAAUTO2024-1-00074,ZAAUTO2024-1,0,Current,Current,2013501.38,0,0,2/18/2024,69257.64,FALSE,Same,FALSE,FALSE,Standard,0,Static
3/30/2024,ZAAUTO2024-1-00074,ZAAUTO2024-1,0,Current,Current,2090648.92,0,0,3/13/2024,75274.53,FALSE,Same,FALSE,FALSE,Standard,0,Static
4/30/2024,ZAAUTO2024-1-00074,ZAAUTO2024-1,0,Current,Current,1942779.67,0,0,4/9/2024,67662.17,FALSE,Same,FALSE,FALSE,Standard,0,Static
5/30/2024,ZAAUTO2024-1-00074,ZAAUTO2024-1,0,Current,Current,1953800.64,0,0,5/1/2024,68635.74,FALSE,Same,FALSE,FALSE,Standard,0,Static
5/30/2024,ZAAUTO2024-1-00074,ZAAUTO2024-1,0,Current,Current,1918984.49,0,0,4/30/2024,74414.63,FALSE,Same,FALSE,FALSE,Standard,0,Static
6/30/2024,ZAAUTO2024-1-00074,ZAAUTO2024-1,21,1-29 DPD,Current,1953903.52,72956.6,1,6/20/2024,4948.93,FALSE,Worse,FALSE,FALSE,SMA-0,1,Roll
7/30/2024,ZAAUTO2024-1-00074,ZAAUTO2024-1,0,Current,1-29 DPD,1894794.14,0,0,7/27/2024,76402.73,TRUE,Better,FALSE,FALSE,Standard,0,Cure
8/30/2024,ZAAUTO2024-1-00074,ZAAUTO2024-1,0,Current,Current,1880688.22,0,0,8/24/2024,70213.74,FALSE,Same,FALSE,FALSE,Standard,0,Static
9/30/2024,ZAAUTO2024-1-00074,ZAAUTO2024-1,0,Current,Current,1814413.04,0,0,9/2/2024,67644.56,FALSE,Same,FALSE,FALSE,Standard,0,Static
10/30/2024,ZAAUTO2024-1-00074,ZAAUTO2024-1,0,Current,Current,1754684.47,0,0,10/8/2024,72351.33,FALSE,Same,FALSE,FALSE,Standard,0,Static
12/30/2023,ZAAUTO2024-1-00075,ZAAUTO2024-1,0,Current,Current,1849869.82,0,0,11/27/2023,73276.1,FALSE,Same,FALSE,FALSE,Standard,0,Static
1/30/2024,ZAAUTO2024-1-00075,ZAAUTO2024-1,0,Current,Current,1780517.1,0,0,1/16/2024,75553.87,FALSE,Same,FALSE,FALSE,Standard,0,Static
2/28/2024,ZAAUTO2024-1-00075,ZAAUTO2024-1,0,Current,Current,1760049.58,0,0,2/7/2024,70586.21,FALSE,Same,FALSE,FALSE,Standard,0,Static
3/30/2024,ZAAUTO2024-1-00075,ZAAUTO2024-1,0,Current,Current,1730085.65,0,0,3/24/2024,69652.31,FALSE,Same,FALSE,FALSE,Standard,0,Static
4/30/2024,ZAAUTO2024-1-00075,ZAAUTO2024-1,0,Current,Current,1702421.41,0,0,3/31/2024,68709.25,FALSE,Same,FALSE,FALSE,Standard,0,Static
5/30/2024,ZAAUTO2024-1-00075,ZAAUTO2024-1,0,Current,Current,1664215.04,0,0,5/6/2024,66575.18,FALSE,Same,FALSE,FALSE,Standard,0,Static
5/30/2024,ZAAUTO2024-1-00075,ZAAUTO2024-1,0,Current,Current,1649202.45,0,0,5/27/2024,65091.69,FALSE,Same,FALSE,FALSE,Standard,0,Static
6/30/2024,ZAAUTO2024-1-00075,ZAAUTO2024-1,0,Current,Current,1628771.64,0,0,5/29/2024,74156.57,FALSE,Same,FALSE,FALSE,Standard,0,Static
7/30/2024,ZAAUTO2024-1-00075,ZAAUTO2024-1,0,Current,Current,1586900.62,0,0,7/20/2024,65776.22,FALSE,Same,FALSE,FALSE,Standard,0,Static
8/30/2024,ZAAUTO2024-1-00075,ZAAUTO2024-1,0,Current,Current,1515474.46,0,0,8/15/2024,68548.41,FALSE,Same,FALSE,FALSE,Standard,0,Static
9/30/2024,ZAAUTO2024-1-00075,ZAAUTO2024-1,0,Current,Current,1461157.61,0,0,8/29/2024,67376.99,FALSE,Same,FALSE,FALSE,Standard,0,Static
10/30/2024,ZAAUTO2024-1-00075,ZAAUTO2024-1,0,Current,Current,1467546.64,0,0,10/5/2024,73812.88,FALSE,Same,FALSE,FALSE,Standard,0,Static
12/30/2023,ZAAUTO2024-1-00076,ZAAUTO2024-1,0,Current,Current,1144921.31,0,0,12/25/2023,48031.04,FALSE,Same,FALSE,FALSE,Standard,0,Static
1/30/2024,ZAAUTO2024-1-00076,ZAAUTO2024-1,0,Current,Current,1155685.57,0,0,1/11/2024,48726.4,FALSE,Same,FALSE,FALSE,Standard,0,Static
2/28/2024,ZAAUTO2024-1-00076,ZAAUTO2024-1,0,Current,Current,1101633.26,0,0,1/30/2024,49152.45,FALSE,Same,FALSE,FALSE,Standard,0,Static
3/30/2024,ZAAUTO2024-1-00076,ZAAUTO2024-1,12,1-29 DPD,Current,1099537.45,47146.22,1,3/16/2024,23883.83,FALSE,Worse,FALSE,FALSE,SMA-0,1,Roll
4/30/2024,ZAAUTO2024-1-00076,ZAAUTO2024-1,11,1-29 DPD,1-29 DPD,1057108.98,47146.22,1,3/31/2024,20272.63,FALSE,Same,FALSE,FALSE,SMA-0,2,Static
5/30/2024,ZAAUTO2024-1-00076,ZAAUTO2024-1,0,Current,1-29 DPD,1020515.02,0,0,5/2/2024,43237.96,TRUE,Better,FALSE,FALSE,Standard,0,Cure
5/30/2024,ZAAUTO2024-1-00076,ZAAUTO2024-1,0,Current,Current,1027028.43,0,0,5/16/2024,42447.13,FALSE,Same,FALSE,FALSE,Standard,0,Static
6/30/2024,ZAAUTO2024-1-00076,ZAAUTO2024-1,0,Current,Current,976206.98,0,0,6/12/2024,46304.83,FALSE,Same,FALSE,FALSE,Standard,0,Static
7/30/2024,ZAAUTO2024-1-00076,ZAAUTO2024-1,0,Current,Current,955636.59,0,0,7/24/2024,42755.34,FALSE,Same,FALSE,FALSE,Standard,0,Static
8/30/2024,ZAAUTO2024-1-00076,ZAAUTO2024-1,0,Current,Current,919708.33,0,0,8/22/2024,48243.59,FALSE,Same,FALSE,FALSE,Standard,0,Static
9/30/2024,ZAAUTO2024-1-00076,ZAAUTO2024-1,0,Current,Current,935970.61,0,0,9/4/2024,43188.02,FALSE,Same,FALSE,FALSE,Standard,0,Static
10/30/2024,ZAAUTO2024-1-00076,ZAAUTO2024-1,20,1-29 DPD,Current,878624.29,47146.22,1,10/23/2024,26313.71,FALSE,Worse,FALSE,FALSE,SMA-0,1,Roll
12/30/2023,ZAAUTO2024-1-00077,ZAAUTO2024-1,0,Current,Current,713448.88,0,0,11/28/2023,15617.06,FALSE,Same,FALSE,FALSE,Standard,0,Static
1/30/2024,ZAAUTO2024-1-00077,ZAAUTO2024-1,0,Current,Current,694536.6,0,0,12/28/2023,17148.51,FALSE,Same,FALSE,FALSE,Standard,0,Static
2/28/2024,ZAAUTO2024-1-00077,ZAAUTO2024-1,0,Current,Current,686270.65,0,0,2/1/2024,17409.7,FALSE,Same,FALSE,FALSE,Standard,0,Static
3/30/2024,ZAAUTO2024-1-00077,ZAAUTO2024-1,0,Current,Current,671958.65,0,0,2/27/2024,17262.73,FALSE,Same,FALSE,FALSE,Standard,0,Static
4/30/2024,ZAAUTO2024-1-00077,ZAAUTO2024-1,0,Current,Current,681158.17,0,0,4/19/2024,17133.95,FALSE,Same,FALSE,FALSE,Standard,0,Static
5/30/2024,ZAAUTO2024-1-00077,ZAAUTO2024-1,0,Current,Current,633763.64,0,0,5/6/2024,16948.18,FALSE,Same,FALSE,FALSE,Standard,0,Static
5/30/2024,ZAAUTO2024-1-00077,ZAAUTO2024-1,0,Current,Current,644873.89,0,0,5/10/2024,16557.64,FALSE,Same,FALSE,FALSE,Standard,0,Static
6/30/2024,ZAAUTO2024-1-00077,ZAAUTO2024-1,0,Current,Current,623978.51,0,0,6/15/2024,15970.81,FALSE,Same,FALSE,FALSE,Standard,0,Static
7/30/2024,ZAAUTO2024-1-00077,ZAAUTO2024-1,0,Current,Current,638593.29,0,0,7/12/2024,16427.13,FALSE,Same,FALSE,FALSE,Standard,0,Static
8/30/2024,ZAAUTO2024-1-00077,ZAAUTO2024-1,0,Current,Current,591492.06,0,0,8/4/2024,16808.17,FALSE,Same,FALSE,FALSE,Standard,0,Static
9/30/2024,ZAAUTO2024-1-00077,ZAAUTO2024-1,0,Current,Current,612784.48,0,0,8/29/2024,16035.26,FALSE,Same,FALSE,FALSE,Standard,0,Static
10/30/2024,ZAAUTO2024-1-00077,ZAAUTO2024-1,0,Current,Current,593879.76,0,0,10/10/2024,17086.55,FALSE,Same,FALSE,FALSE,Standard,0,Static
12/30/2023,ZAAUTO2024-1-00078,ZAAUTO2024-1,0,Current,Current,465327.49,0,0,12/10/2023,24846.54,FALSE,Same,FALSE,FALSE,Standard,0,Static
1/30/2024,ZAAUTO2024-1-00078,ZAAUTO2024-1,25,1-29 DPD,Current,443001.43,24684.78,1,12/31/2023,8631.87,FALSE,Worse,FALSE,FALSE,SMA-0,1,Roll
2/28/2024,ZAAUTO2024-1-00078,ZAAUTO2024-1,22,1-29 DPD,1-29 DPD,442932.92,24684.78,1,1/25/2024,4234.84,FALSE,Same,FALSE,FALSE,SMA-0,2,Static
3/30/2024,ZAAUTO2024-1-00078,ZAAUTO2024-1,28,1-29 DPD,1-29 DPD,422784.57,24684.78,1,3/30/2024,7742.08,FALSE,Same,FALSE,FALSE,SMA-0,3,Static
4/30/2024,ZAAUTO2024-1-00078,ZAAUTO2024-1,0,Current,1-29 DPD,399881.01,0,0,4/21/2024,22412.79,TRUE,Better,FALSE,FALSE,Standard,0,Cure
5/30/2024,ZAAUTO2024-1-00078,ZAAUTO2024-1,0,Current,Current,389871.53,0,0,5/13/2024,24994.02,FALSE,Same,FALSE,FALSE,Standard,0,Static
5/30/2024,ZAAUTO2024-1-00078,ZAAUTO2024-1,0,Current,Current,381841.56,0,0,5/12/2024,24746.7,FALSE,Same,FALSE,FALSE,Standard,0,Static
6/30/2024,ZAAUTO2024-1-00078,ZAAUTO2024-1,0,Current,Current,370435.16,0,0,6/27/2024,24773.38,FALSE,Same,FALSE,FALSE,Standard,0,Static
7/30/2024,ZAAUTO2024-1-00078,ZAAUTO2024-1,0,Current,Current,363328.66,0,0,6/26/2024,22335.92,FALSE,Same,FALSE,FALSE,Standard,0,Static
8/30/2024,ZAAUTO2024-1-00078,ZAAUTO2024-1,0,Current,Current,365385.88,0,0,8/24/2024,24497.58,FALSE,Same,FALSE,FALSE,Standard,0,Static
9/30/2024,ZAAUTO2024-1-00078,ZAAUTO2024-1,0,Current,Current,350440.61,0,0,8/26/2024,25418.57,FALSE,Same,FALSE,FALSE,Standard,0,Static
10/30/2024,ZAAUTO2024-1-00078,ZAAUTO2024-1,0,Current,Current,340604.8,0,0,9/25/2024,23656.24,FALSE,Same,FALSE,FALSE,Standard,0,Static
12/30/2023,ZAAUTO2024-1-00079,ZAAUTO2024-1,0,Current,Current,592061.31,0,0,12/18/2023,26635.79,FALSE,Same,FALSE,FALSE,Standard,0,Static
1/30/2024,ZAAUTO2024-1-00079,ZAAUTO2024-1,25,1-29 DPD,Current,581454.19,26821.28,1,1/2/2024,13356.73,FALSE,Worse,FALSE,FALSE,SMA-0,1,Roll
2/28/2024,ZAAUTO2024-1-00079,ZAAUTO2024-1,0,Current,1-29 DPD,568019.2,0,0,2/5/2024,27177.1,TRUE,Better,FALSE,FALSE,Standard,0,Cure
3/30/2024,ZAAUTO2024-1-00079,ZAAUTO2024-1,0,Current,Current,538607.81,0,0,3/18/2024,27261.74,FALSE,Same,FALSE,FALSE,Standard,0,Static
4/30/2024,ZAAUTO2024-1-00079,ZAAUTO2024-1,0,Current,Current,538994.32,0,0,4/12/2024,25944.82,FALSE,Same,FALSE,FALSE,Standard,0,Static
5/30/2024,ZAAUTO2024-1-00079,ZAAUTO2024-1,0,Current,Current,524136.51,0,0,5/26/2024,24891.39,FALSE,Same,FALSE,FALSE,Standard,0,Static
5/30/2024,ZAAUTO2024-1-00079,ZAAUTO2024-1,0,Current,Current,480277.5,0,0,4/28/2024,24619.34,FALSE,Same,FALSE,FALSE,Standard,0,Static
6/30/2024,ZAAUTO2024-1-00079,ZAAUTO2024-1,0,Current,Current,461064.73,0,0,6/13/2024,26378.46,FALSE,Same,FALSE,FALSE,Standard,0,Static
7/30/2024,ZAAUTO2024-1-00079,ZAAUTO2024-1,0,Current,Current,449438.36,0,0,7/14/2024,24161.86,FALSE,Same,FALSE,FALSE,Standard,0,Static
8/30/2024,ZAAUTO2024-1-00079,ZAAUTO2024-1,0,Current,Current,445453.29,0,0,8/21/2024,24299.84,FALSE,Same,FALSE,FALSE,Standard,0,Static
9/30/2024,ZAAUTO2024-1-00079,ZAAUTO2024-1,0,Current,Current,444613.36,0,0,9/27/2024,27251.74,FALSE,Same,FALSE,FALSE,Standard,0,Static
10/30/2024,ZAAUTO2024-1-00079,ZAAUTO2024-1,0,Current,Current,420129.1,0,0,10/11/2024,26112.73,FALSE,Same,FALSE,FALSE,Standard,0,Static
12/30/2023,ZAAUTO2024-1-00080,ZAAUTO2024-1,0,Current,Current,326330.17,0,0,12/17/2023,22536.87,FALSE,Same,FALSE,FALSE,Standard,0,Static
1/30/2024,ZAAUTO2024-1-00080,ZAAUTO2024-1,0,Current,Current,319159.44,0,0,1/12/2024,21032.16,FALSE,Same,FALSE,FALSE,Standard,0,Static
2/28/2024,ZAAUTO2024-1-00080,ZAAUTO2024-1,0,Current,Current,318771.39,0,0,1/26/2024,21899.4,FALSE,Same,FALSE,FALSE,Standard,0,Static
3/30/2024,ZAAUTO2024-1-00080,ZAAUTO2024-1,0,Current,Current,304581.68,0,0,3/30/2024,20681.34,FALSE,Same,FALSE,FALSE,Standard,0,Static
4/30/2024,ZAAUTO2024-1-00080,ZAAUTO2024-1,0,Current,Current,290160.38,0,0,4/15/2024,23352.53,FALSE,Same,FALSE,FALSE,Standard,0,Static
5/30/2024,ZAAUTO2024-1-00080,ZAAUTO2024-1,0,Current,Current,285772.63,0,0,5/15/2024,23536.53,FALSE,Same,FALSE,FALSE,Standard,0,Static
5/30/2024,ZAAUTO2024-1-00080,ZAAUTO2024-1,0,Current,Current,277142.48,0,0,5/10/2024,21583.21,FALSE,Same,FALSE,FALSE,Standard,0,Static
6/30/2024,ZAAUTO2024-1-00080,ZAAUTO2024-1,0,Current,Current,269255.23,0,0,6/23/2024,21598.44,FALSE,Same,FALSE,FALSE,Standard,0,Static
7/30/2024,ZAAUTO2024-1-00080,ZAAUTO2024-1,0,Current,Current,254541.08,0,0,7/12/2024,20376.89,FALSE,Same,FALSE,FALSE,Standard,0,Static
8/30/2024,ZAAUTO2024-1-00080,ZAAUTO2024-1,46,30-59 DPD,Current,249510.1,22548.14,1,8/7/2024,6958.03,FALSE,Worse,FALSE,FALSE,SMA-1,1,Roll
9/30/2024,ZAAUTO2024-1-00080,ZAAUTO2024-1,46,30-59 DPD,30-59 DPD,233131.97,22548.14,1,9/28/2024,4010.42,FALSE,Same,FALSE,FALSE,SMA-1,2,Static
10/30/2024,ZAAUTO2024-1-00080,ZAAUTO2024-1,50,30-59 DPD,30-59 DPD,219250.5,22548.14,1,9/28/2024,1114.04,FALSE,Same,FALSE,FALSE,SMA-1,3,Static
12/30/2023,ZAAUTO2024-1-00081,ZAAUTO2024-1,0,Current,Current,881150.01,0,0,12/3/2023,19441.69,FALSE,Same,FALSE,FALSE,Standard,0,Static
1/30/2024,ZAAUTO2024-1-00081,ZAAUTO2024-1,0,Current,Current,873305.87,0,0,1/21/2024,17619.93,FALSE,Same,FALSE,FALSE,Standard,0,Static
2/28/2024,ZAAUTO2024-1-00081,ZAAUTO2024-1,0,Current,Current,845480.82,0,0,2/26/2024,17806.46,FALSE,Same,FALSE,FALSE,Standard,0,Static
3/30/2024,ZAAUTO2024-1-00081,ZAAUTO2024-1,0,Current,Current,792529.52,0,0,3/14/2024,19182.89,FALSE,Same,FALSE,FALSE,Standard,0,Static
4/30/2024,ZAAUTO2024-1-00081,ZAAUTO2024-1,0,Current,Current,808546.87,0,0,4/16/2024,20215.15,FALSE,Same,FALSE,FALSE,Standard,0,Static
5/30/2024,ZAAUTO2024-1-00081,ZAAUTO2024-1,0,Current,Current,784883.34,0,0,5/2/2024,19393.88,FALSE,Same,FALSE,FALSE,Standard,0,Static
5/30/2024,ZAAUTO2024-1-00081,ZAAUTO2024-1,0,Current,Current,772183.72,0,0,5/29/2024,18689.77,FALSE,Same,FALSE,FALSE,Standard,0,Static
6/30/2024,ZAAUTO2024-1-00081,ZAAUTO2024-1,0,Current,Current,741022.72,0,0,6/30/2024,19426.66,FALSE,Same,FALSE,FALSE,Standard,0,Static
7/30/2024,ZAAUTO2024-1-00081,ZAAUTO2024-1,20,1-29 DPD,Current,724289.56,19500.5,1,7/28/2024,8200.53,FALSE,Worse,FALSE,FALSE,SMA-0,1,Roll
8/30/2024,ZAAUTO2024-1-00081,ZAAUTO2024-1,3,1-29 DPD,1-29 DPD,725882.42,19500.5,1,7/29/2024,1241.82,FALSE,Same,FALSE,FALSE,SMA-0,2,Static
9/30/2024,ZAAUTO2024-1-00081,ZAAUTO2024-1,0,Current,1-29 DPD,733766.46,0,0,9/11/2024,19324.7,TRUE,Better,FALSE,FALSE,Standard,0,Cure
10/30/2024,ZAAUTO2024-1-00081,ZAAUTO2024-1,0,Current,Current,693967.35,0,0,10/2/2024,18666.11,FALSE,Same,FALSE,FALSE,Standard,0,Static
12/30/2023,ZAAUTO2024-1-00082,ZAAUTO2024-1,0,Current,Current,1269755.23,0,0,12/7/2023,52472.95,FALSE,Same,FALSE,FALSE,Standard,0,Static
1/30/2024,ZAAUTO2024-1-00082,ZAAUTO2024-1,0,Current,Current,1165094.05,0,0,12/26/2023,46318.51,FALSE,Same,FALSE,FALSE,Standard,0,Static
2/28/2024,ZAAUTO2024-1-00082,ZAAUTO2024-1,0,Current,Current,1146360.09,0,0,2/3/2024,49303.49,FALSE,Same,FALSE,FALSE,Standard,0,Static
3/30/2024,ZAAUTO2024-1-00082,ZAAUTO2024-1,0,Current,Current,1199805.88,0,0,3/11/2024,46836.49,FALSE,Same,FALSE,FALSE,Standard,0,Static
4/30/2024,ZAAUTO2024-1-00082,ZAAUTO2024-1,0,Current,Current,1160360.66,0,0,4/8/2024,46849.19,FALSE,Same,FALSE,FALSE,Standard,0,Static
5/30/2024,ZAAUTO2024-1-00082,ZAAUTO2024-1,0,Current,Current,1150956.11,0,0,4/28/2024,46326.66,FALSE,Same,FALSE,FALSE,Standard,0,Static
5/30/2024,ZAAUTO2024-1-00082,ZAAUTO2024-1,0,Current,Current,1072000.7,0,0,5/14/2024,46717.88,FALSE,Same,FALSE,FALSE,Standard,0,Static
6/30/2024,ZAAUTO2024-1-00082,ZAAUTO2024-1,0,Current,Current,1050215.59,0,0,6/27/2024,51673.46,FALSE,Same,FALSE,FALSE,Standard,0,Static
7/30/2024,ZAAUTO2024-1-00082,ZAAUTO2024-1,0,Current,Current,1084807.54,0,0,6/25/2024,48731.14,FALSE,Same,FALSE,FALSE,Standard,0,Static
8/30/2024,ZAAUTO2024-1-00082,ZAAUTO2024-1,0,Current,Current,1034025.52,0,0,8/12/2024,50318.14,FALSE,Same,FALSE,FALSE,Standard,0,Static
9/30/2024,ZAAUTO2024-1-00082,ZAAUTO2024-1,0,Current,Current,990444.19,0,0,9/18/2024,50724.69,FALSE,Same,FALSE,FALSE,Standard,0,Static
10/30/2024,ZAAUTO2024-1-00082,ZAAUTO2024-1,0,Current,Current,985331.49,0,0,10/9/2024,47945.81,FALSE,Same,FALSE,FALSE,Standard,0,Static
12/30/2023,ZAAUTO2024-1-00083,ZAAUTO2024-1,0,Current,Current,527587.47,0,0,12/3/2023,21355.68,FALSE,Same,FALSE,FALSE,Standard,0,Static
1/30/2024,ZAAUTO2024-1-00083,ZAAUTO2024-1,0,Current,Current,494748.72,0,0,1/16/2024,23237.47,FALSE,Same,FALSE,FALSE,Standard,0,Static
2/28/2024,ZAAUTO2024-1-00083,ZAAUTO2024-1,0,Current,Current,491380.61,0,0,2/11/2024,23680.3,FALSE,Same,FALSE,FALSE,Standard,0,Static
3/30/2024,ZAAUTO2024-1-00083,ZAAUTO2024-1,0,Current,Current,459361.39,0,0,3/9/2024,23811.08,FALSE,Same,FALSE,FALSE,Standard,0,Static
4/30/2024,ZAAUTO2024-1-00083,ZAAUTO2024-1,0,Current,Current,455518.95,0,0,4/8/2024,23454.08,FALSE,Same,FALSE,FALSE,Standard,0,Static
5/30/2024,ZAAUTO2024-1-00083,ZAAUTO2024-1,0,Current,Current,441422.51,0,0,5/24/2024,21380.37,FALSE,Same,FALSE,FALSE,Standard,0,Static
5/30/2024,ZAAUTO2024-1-00083,ZAAUTO2024-1,0,Current,Current,430173.57,0,0,5/13/2024,23744.7,FALSE,Same,FALSE,FALSE,Standard,0,Static
6/30/2024,ZAAUTO2024-1-00083,ZAAUTO2024-1,0,Current,Current,401503.58,0,0,5/27/2024,21451.9,FALSE,Same,FALSE,FALSE,Standard,0,Static
7/30/2024,ZAAUTO2024-1-00083,ZAAUTO2024-1,0,Current,Current,403743.56,0,0,7/26/2024,23290.19,FALSE,Same,FALSE,FALSE,Standard,0,Static
8/30/2024,ZAAUTO2024-1-00083,ZAAUTO2024-1,0,Current,Current,392910.57,0,0,7/29/2024,22958.53,FALSE,Same,FALSE,FALSE,Standard,0,Static
9/30/2024,ZAAUTO2024-1-00083,ZAAUTO2024-1,0,Current,Current,375527.82,0,0,9/5/2024,23434.81,FALSE,Same,FALSE,FALSE,Standard,0,Static
10/30/2024,ZAAUTO2024-1-00083,ZAAUTO2024-1,36,30-59 DPD,Current,362649.82,23079.84,1,9/25/2024,3608.99,FALSE,Worse,FALSE,FALSE,SMA-1,1,Roll
12/30/2023,ZAAUTO2024-1-00084,ZAAUTO2024-1,0,Current,Current,607116.31,0,0,12/30/2023,14113.09,FALSE,Same,FALSE,FALSE,Standard,0,Static
1/30/2024,ZAAUTO2024-1-00084,ZAAUTO2024-1,0,Current,Current,617679.09,0,0,1/20/2024,14313.32,FALSE,Same,FALSE,FALSE,Standard,0,Static
2/28/2024,ZAAUTO2024-1-00084,ZAAUTO2024-1,0,Current,Current,577355.46,0,0,2/18/2024,13088.86,FALSE,Same,FALSE,FALSE,Standard,0,Static
3/30/2024,ZAAUTO2024-1-00084,ZAAUTO2024-1,0,Current,Current,600789.69,0,0,3/21/2024,14268.23,FALSE,Same,FALSE,FALSE,Standard,0,Static
4/30/2024,ZAAUTO2024-1-00084,ZAAUTO2024-1,0,Current,Current,571278.59,0,0,4/8/2024,12795,FALSE,Same,FALSE,FALSE,Standard,0,Static
5/30/2024,ZAAUTO2024-1-00084,ZAAUTO2024-1,0,Current,Current,572111.5,0,0,5/16/2024,12842.54,FALSE,Same,FALSE,FALSE,Standard,0,Static
5/30/2024,ZAAUTO2024-1-00084,ZAAUTO2024-1,0,Current,Current,546283.76,0,0,5/28/2024,14125.6,FALSE,Same,FALSE,FALSE,Standard,0,Static
6/30/2024,ZAAUTO2024-1-00084,ZAAUTO2024-1,0,Current,Current,541813.3,0,0,6/7/2024,13531.46,FALSE,Same,FALSE,FALSE,Standard,0,Static
7/30/2024,ZAAUTO2024-1-00084,ZAAUTO2024-1,0,Current,Current,546616.51,0,0,7/28/2024,12793.91,FALSE,Same,FALSE,FALSE,Standard,0,Static
8/30/2024,ZAAUTO2024-1-00084,ZAAUTO2024-1,0,Current,Current,526071.15,0,0,8/24/2024,14200.06,FALSE,Same,FALSE,FALSE,Standard,0,Static
9/30/2024,ZAAUTO2024-1-00084,ZAAUTO2024-1,0,Current,Current,511077,0,0,9/13/2024,14477.84,FALSE,Same,FALSE,FALSE,Standard,0,Static
10/30/2024,ZAAUTO2024-1-00084,ZAAUTO2024-1,0,Current,Current,491616.82,0,0,9/26/2024,13917.12,FALSE,Same,FALSE,FALSE,Standard,0,Static
12/30/2023,ZAAUTO2024-1-00085,ZAAUTO2024-1,0,Current,Current,933499.76,0,0,12/30/2023,38497.15,FALSE,Same,FALSE,FALSE,Standard,0,Static
1/30/2024,ZAAUTO2024-1-00085,ZAAUTO2024-1,0,Current,Current,874414.7,0,0,1/20/2024,36887.56,FALSE,Same,FALSE,FALSE,Standard,0,Static
2/28/2024,ZAAUTO2024-1-00085,ZAAUTO2024-1,0,Current,Current,881310.18,0,0,2/11/2024,36778.18,FALSE,Same,FALSE,FALSE,Standard,0,Static
3/30/2024,ZAAUTO2024-1-00085,ZAAUTO2024-1,0,Current,Current,844150.3,0,0,3/7/2024,39090.33,FALSE,Same,FALSE,FALSE,Standard,0,Static
4/30/2024,ZAAUTO2024-1-00085,ZAAUTO2024-1,27,1-29 DPD,Current,823365,39473.1,1,4/16/2024,9819.65,FALSE,Worse,FALSE,FALSE,SMA-0,1,Roll
5/30/2024,ZAAUTO2024-1-00085,ZAAUTO2024-1,0,Current,1-29 DPD,819274.89,0,0,5/23/2024,38376.83,TRUE,Better,FALSE,FALSE,Standard,0,Cure
5/30/2024,ZAAUTO2024-1-00085,ZAAUTO2024-1,0,Current,Current,811017.48,0,0,5/17/2024,39023.84,FALSE,Same,FALSE,FALSE,Standard,0,Static
6/30/2024,ZAAUTO2024-1-00085,ZAAUTO2024-1,0,Current,Current,803522.22,0,0,6/4/2024,35658.69,FALSE,Same,FALSE,FALSE,Standard,0,Static
7/30/2024,ZAAUTO2024-1-00085,ZAAUTO2024-1,0,Current,Current,752895.89,0,0,7/20/2024,36323.49,FALSE,Same,FALSE,FALSE,Standard,0,Static
8/30/2024,ZAAUTO2024-1-00085,ZAAUTO2024-1,0,Current,Current,761804.18,0,0,8/21/2024,35856.84,FALSE,Same,FALSE,FALSE,Standard,0,Static
9/30/2024,ZAAUTO2024-1-00085,ZAAUTO2024-1,0,Current,Current,731297.39,0,0,9/19/2024,38584.8,FALSE,Same,FALSE,FALSE,Standard,0,Static
10/30/2024,ZAAUTO2024-1-00085,ZAAUTO2024-1,0,Current,Current,722155.45,0,0,10/29/2024,40727.41,FALSE,Same,FALSE,FALSE,Standard,0,Static
12/30/2023,ZAAUTO2024-1-00086,ZAAUTO2024-1,0,Current,Current,256467.62,0,0,11/28/2023,8632.22,FALSE,Same,FALSE,FALSE,Standard,0,Static
1/30/2024,ZAAUTO2024-1-00086,ZAAUTO2024-1,0,Current,Current,248524.13,0,0,1/9/2024,9538.68,FALSE,Same,FALSE,FALSE,Standard,0,Static
2/28/2024,ZAAUTO2024-1-00086,ZAAUTO2024-1,0,Current,Current,239199.97,0,0,2/24/2024,8584.4,FALSE,Same,FALSE,FALSE,Standard,0,Static
3/30/2024,ZAAUTO2024-1-00086,ZAAUTO2024-1,0,Current,Current,228637.31,0,0,3/24/2024,8290.55,FALSE,Same,FALSE,FALSE,Standard,0,Static
4/30/2024,ZAAUTO2024-1-00086,ZAAUTO2024-1,0,Current,Current,223817.76,0,0,3/29/2024,9210.75,FALSE,Same,FALSE,FALSE,Standard,0,Static
5/30/2024,ZAAUTO2024-1-00086,ZAAUTO2024-1,0,Current,Current,221421.93,0,0,5/24/2024,8512.2,FALSE,Same,FALSE,FALSE,Standard,0,Static
5/30/2024,ZAAUTO2024-1-00086,ZAAUTO2024-1,0,Current,Current,215318.84,0,0,5/28/2024,9477.23,FALSE,Same,FALSE,FALSE,Standard,0,Static
6/30/2024,ZAAUTO2024-1-00086,ZAAUTO2024-1,0,Current,Current,202739.31,0,0,6/23/2024,8396.14,FALSE,Same,FALSE,FALSE,Standard,0,Static
7/30/2024,ZAAUTO2024-1-00086,ZAAUTO2024-1,0,Current,Current,197442.4,0,0,6/26/2024,9408.01,FALSE,Same,FALSE,FALSE,Standard,0,Static
8/30/2024,ZAAUTO2024-1-00086,ZAAUTO2024-1,0,Current,Current,193482.99,0,0,8/3/2024,8987.08,FALSE,Same,FALSE,FALSE,Standard,0,Static
9/30/2024,ZAAUTO2024-1-00086,ZAAUTO2024-1,0,Current,Current,179449.45,0,0,9/28/2024,9229.04,FALSE,Same,FALSE,FALSE,Standard,0,Static
10/30/2024,ZAAUTO2024-1-00086,ZAAUTO2024-1,0,Current,Current,173182.52,0,0,9/30/2024,9355.7,FALSE,Same,FALSE,FALSE,Standard,0,Static
12/30/2023,ZAAUTO2024-1-00087,ZAAUTO2024-1,0,Current,Current,505800,0,0,12/4/2023,9855.65,FALSE,Same,FALSE,FALSE,Standard,0,Static
1/30/2024,ZAAUTO2024-1-00087,ZAAUTO2024-1,0,Current,Current,502335.32,0,0,1/30/2024,10359.92,FALSE,Same,FALSE,FALSE,Standard,0,Static
2/28/2024,ZAAUTO2024-1-00087,ZAAUTO2024-1,0,Current,Current,499222.29,0,0,2/28/2024,10040.27,FALSE,Same,FALSE,FALSE,Standard,0,Static
3/30/2024,ZAAUTO2024-1-00087,ZAAUTO2024-1,0,Current,Current,495099.8,0,0,3/10/2024,10093.53,FALSE,Same,FALSE,FALSE,Standard,0,Static
4/30/2024,ZAAUTO2024-1-00087,ZAAUTO2024-1,0,Current,Current,484283.69,0,0,4/3/2024,10475.81,FALSE,Same,FALSE,FALSE,Standard,0,Static
5/30/2024,ZAAUTO2024-1-00087,ZAAUTO2024-1,0,Current,Current,482147.77,0,0,4/26/2024,10116.7,FALSE,Same,FALSE,FALSE,Standard,0,Static
5/30/2024,ZAAUTO2024-1-00087,ZAAUTO2024-1,0,Current,Current,478652.31,0,0,5/13/2024,11011.64,FALSE,Same,FALSE,FALSE,Standard,0,Static
6/30/2024,ZAAUTO2024-1-00087,ZAAUTO2024-1,0,Current,Current,472326.06,0,0,6/17/2024,10100.43,FALSE,Same,FALSE,FALSE,Standard,0,Static
7/30/2024,ZAAUTO2024-1-00087,ZAAUTO2024-1,0,Current,Current,477765.16,0,0,6/30/2024,9731.09,FALSE,Same,FALSE,FALSE,Standard,0,Static
8/30/2024,ZAAUTO2024-1-00087,ZAAUTO2024-1,0,Current,Current,462782.38,0,0,7/31/2024,9849.31,FALSE,Same,FALSE,FALSE,Standard,0,Static
9/30/2024,ZAAUTO2024-1-00087,ZAAUTO2024-1,0,Current,Current,447144.3,0,0,9/8/2024,10668.93,FALSE,Same,FALSE,FALSE,Standard,0,Static
10/30/2024,ZAAUTO2024-1-00087,ZAAUTO2024-1,0,Current,Current,442672.53,0,0,10/22/2024,10796.19,FALSE,Same,FALSE,FALSE,Standard,0,Static
12/30/2023,ZAAUTO2024-1-00088,ZAAUTO2024-1,0,Current,Current,412960.92,0,0,12/30/2023,17889,FALSE,Same,FALSE,FALSE,Standard,0,Static
1/30/2024,ZAAUTO2024-1-00088,ZAAUTO2024-1,0,Current,Current,425108.13,0,0,12/31/2023,18208.41,FALSE,Same,FALSE,FALSE,Standard,0,Static
2/28/2024,ZAAUTO2024-1-00088,ZAAUTO2024-1,0,Current,Current,406086.37,0,0,2/24/2024,16465.95,FALSE,Same,FALSE,FALSE,Standard,0,Static
3/30/2024,ZAAUTO2024-1-00088,ZAAUTO2024-1,0,Current,Current,396683.2,0,0,3/28/2024,17679,FALSE,Same,FALSE,FALSE,Standard,0,Static
4/30/2024,ZAAUTO2024-1-00088,ZAAUTO2024-1,0,Current,Current,404777.56,0,0,4/5/2024,17388.42,FALSE,Same,FALSE,FALSE,Standard,0,Static
5/30/2024,ZAAUTO2024-1-00088,ZAAUTO2024-1,0,Current,Current,385729.65,0,0,5/27/2024,18260.6,FALSE,Same,FALSE,FALSE,Standard,0,Static
5/30/2024,ZAAUTO2024-1-00088,ZAAUTO2024-1,0,Current,Current,386145.08,0,0,4/29/2024,16928.35,FALSE,Same,FALSE,FALSE,Standard,0,Static
6/30/2024,ZAAUTO2024-1-00088,ZAAUTO2024-1,0,Current,Current,362108.83,0,0,5/28/2024,16526.2,FALSE,Same,FALSE,FALSE,Standard,0,Static
7/30/2024,ZAAUTO2024-1-00088,ZAAUTO2024-1,0,Current,Current,350339.59,0,0,6/28/2024,17130.37,FALSE,Same,FALSE,FALSE,Standard,0,Static
8/30/2024,ZAAUTO2024-1-00088,ZAAUTO2024-1,0,Current,Current,347983.04,0,0,8/20/2024,17546.31,FALSE,Same,FALSE,FALSE,Standard,0,Static
9/30/2024,ZAAUTO2024-1-00088,ZAAUTO2024-1,0,Current,Current,343685.76,0,0,9/30/2024,18339.29,FALSE,Same,FALSE,FALSE,Standard,0,Static
10/30/2024,ZAAUTO2024-1-00088,ZAAUTO2024-1,0,Current,Current,329574.77,0,0,10/13/2024,17824.07,FALSE,Same,FALSE,FALSE,Standard,0,Static
12/30/2023,ZAAUTO2024-1-00089,ZAAUTO2024-1,0,Current,Current,1329467.31,0,0,12/13/2023,28036.44,FALSE,Same,FALSE,FALSE,Standard,0,Static
1/30/2024,ZAAUTO2024-1-00089,ZAAUTO2024-1,0,Current,Current,1305563.96,0,0,1/1/2024,31203.87,FALSE,Same,FALSE,FALSE,Standard,0,Static
2/28/2024,ZAAUTO2024-1-00089,ZAAUTO2024-1,0,Current,Current,1247453.77,0,0,2/12/2024,27805.62,FALSE,Same,FALSE,FALSE,Standard,0,Static
3/30/2024,ZAAUTO2024-1-00089,ZAAUTO2024-1,0,Current,Current,1218266.77,0,0,2/24/2024,27343.4,FALSE,Same,FALSE,FALSE,Standard,0,Static
4/30/2024,ZAAUTO2024-1-00089,ZAAUTO2024-1,0,Current,Current,1177138.38,0,0,4/23/2024,30633.03,FALSE,Same,FALSE,FALSE,Standard,0,Static
5/30/2024,ZAAUTO2024-1-00089,ZAAUTO2024-1,0,Current,Current,1209506.42,0,0,4/26/2024,30678.98,FALSE,Same,FALSE,FALSE,Standard,0,Static
5/30/2024,ZAAUTO2024-1-00089,ZAAUTO2024-1,0,Current,Current,1154474.8,0,0,5/2/2024,31367.51,FALSE,Same,FALSE,FALSE,Standard,0,Static
6/30/2024,ZAAUTO2024-1-00089,ZAAUTO2024-1,48,30-59 DPD,Current,1123932.29,30019.39,1,6/15/2024,13643.33,FALSE,Worse,FALSE,FALSE,SMA-1,1,Roll
7/30/2024,ZAAUTO2024-1-00089,ZAAUTO2024-1,54,30-59 DPD,30-59 DPD,1098896.82,30019.39,1,7/1/2024,16147.86,FALSE,Same,FALSE,FALSE,SMA-1,2,Static
8/30/2024,ZAAUTO2024-1-00089,ZAAUTO2024-1,57,30-59 DPD,30-59 DPD,1042755.75,30019.39,1,8/23/2024,4643.76,FALSE,Same,FALSE,FALSE,SMA-1,3,Static
9/30/2024,ZAAUTO2024-1-00089,ZAAUTO2024-1,42,30-59 DPD,30-59 DPD,1065906.73,30019.39,1,9/16/2024,12192.31,FALSE,Same,FALSE,FALSE,SMA-1,4,Static
10/30/2024,ZAAUTO2024-1-00089,ZAAUTO2024-1,67,60-89 DPD,30-59 DPD,1054785.74,60038.78,2,10/4/2024,17209.14,FALSE,Worse,FALSE,FALSE,SMA-2,5,Roll
12/30/2023,ZAAUTO2024-1-00090,ZAAUTO2024-1,0,Current,Current,2242137.07,0,0,12/13/2023,52607.65,FALSE,Same,FALSE,FALSE,Standard,0,Static
1/30/2024,ZAAUTO2024-1-00090,ZAAUTO2024-1,0,Current,Current,2177821.77,0,0,1/18/2024,55298.23,FALSE,Same,FALSE,FALSE,Standard,0,Static
2/28/2024,ZAAUTO2024-1-00090,ZAAUTO2024-1,0,Current,Current,2054923.5,0,0,2/13/2024,58478.31,FALSE,Same,FALSE,FALSE,Standard,0,Static
3/30/2024,ZAAUTO2024-1-00090,ZAAUTO2024-1,0,Current,Current,2016191.51,0,0,3/18/2024,58156.67,FALSE,Same,FALSE,FALSE,Standard,0,Static
4/30/2024,ZAAUTO2024-1-00090,ZAAUTO2024-1,0,Current,Current,2066704.17,0,0,4/8/2024,52379.71,FALSE,Same,FALSE,FALSE,Standard,0,Static
5/30/2024,ZAAUTO2024-1-00090,ZAAUTO2024-1,0,Current,Current,1922536.88,0,0,5/25/2024,56802.69,FALSE,Same,FALSE,FALSE,Standard,0,Static
5/30/2024,ZAAUTO2024-1-00090,ZAAUTO2024-1,0,Current,Current,1959677,0,0,5/30/2024,57555.13,FALSE,Same,FALSE,FALSE,Standard,0,Static
6/30/2024,ZAAUTO2024-1-00090,ZAAUTO2024-1,0,Current,Current,1902128.53,0,0,6/28/2024,58267.88,FALSE,Same,FALSE,FALSE,Standard,0,Static
7/30/2024,ZAAUTO2024-1-00090,ZAAUTO2024-1,0,Current,Current,1838910.53,0,0,7/10/2024,55241.57,FALSE,Same,FALSE,FALSE,Standard,0,Static
8/30/2024,ZAAUTO2024-1-00090,ZAAUTO2024-1,0,Current,Current,1877871.61,0,0,8/13/2024,55228.51,FALSE,Same,FALSE,FALSE,Standard,0,Static
9/30/2024,ZAAUTO2024-1-00090,ZAAUTO2024-1,0,Current,Current,1835707.8,0,0,8/29/2024,53437.1,FALSE,Same,FALSE,FALSE,Standard,0,Static
10/30/2024,ZAAUTO2024-1-00090,ZAAUTO2024-1,0,Current,Current,1699732.6,0,0,10/22/2024,51513.12,FALSE,Same,FALSE,FALSE,Standard,0,Static
12/30/2023,ZAAUTO2024-1-00091,ZAAUTO2024-1,0,Current,Current,750600.26,0,0,12/17/2023,28823.54,FALSE,Same,FALSE,FALSE,Standard,0,Static
1/30/2024,ZAAUTO2024-1-00091,ZAAUTO2024-1,0,Current,Current,735456.45,0,0,1/7/2024,29877.86,FALSE,Same,FALSE,FALSE,Standard,0,Static
2/28/2024,ZAAUTO2024-1-00091,ZAAUTO2024-1,9,1-29 DPD,Current,719919.68,30121.34,1,2/12/2024,4285.77,FALSE,Worse,FALSE,FALSE,SMA-0,1,Roll
3/30/2024,ZAAUTO2024-1-00091,ZAAUTO2024-1,16,1-29 DPD,1-29 DPD,738965.63,30121.34,1,3/9/2024,6613.28,FALSE,Same,FALSE,FALSE,SMA-0,2,Static
4/30/2024,ZAAUTO2024-1-00091,ZAAUTO2024-1,0,Current,1-29 DPD,694941.46,0,0,4/17/2024,29002.75,TRUE,Better,FALSE,FALSE,Standard,0,Cure
5/30/2024,ZAAUTO2024-1-00091,ZAAUTO2024-1,0,Current,Current,686444.8,0,0,5/7/2024,30969.22,FALSE,Same,FALSE,FALSE,Standard,0,Static
5/30/2024,ZAAUTO2024-1-00091,ZAAUTO2024-1,0,Current,Current,643477.22,0,0,5/19/2024,29690.95,FALSE,Same,FALSE,FALSE,Standard,0,Static
6/30/2024,ZAAUTO2024-1-00091,ZAAUTO2024-1,0,Current,Current,654633.71,0,0,6/16/2024,30787.88,FALSE,Same,FALSE,FALSE,Standard,0,Static
7/30/2024,ZAAUTO2024-1-00091,ZAAUTO2024-1,0,Current,Current,622038.19,0,0,7/15/2024,29618.34,FALSE,Same,FALSE,FALSE,Standard,0,Static
8/30/2024,ZAAUTO2024-1-00091,ZAAUTO2024-1,0,Current,Current,606768.88,0,0,8/18/2024,27768.16,FALSE,Same,FALSE,FALSE,Standard,0,Static
9/30/2024,ZAAUTO2024-1-00091,ZAAUTO2024-1,0,Current,Current,589776.63,0,0,9/21/2024,29246.26,FALSE,Same,FALSE,FALSE,Standard,0,Static
10/30/2024,ZAAUTO2024-1-00091,ZAAUTO2024-1,0,Current,Current,531317.13,0,0,10/4/2024,29366.49,FALSE,Same,FALSE,FALSE,Standard,0,Static
12/30/2023,ZAAUTO2024-1-00092,ZAAUTO2024-1,0,Current,Current,463019.66,0,0,11/30/2023,25532.21,FALSE,Same,FALSE,FALSE,Standard,0,Static
1/30/2024,ZAAUTO2024-1-00092,ZAAUTO2024-1,0,Current,Current,428834.34,0,0,1/9/2024,23369.85,FALSE,Same,FALSE,FALSE,Standard,0,Static
2/28/2024,ZAAUTO2024-1-00092,ZAAUTO2024-1,0,Current,Current,425812.9,0,0,1/24/2024,25878.94,FALSE,Same,FALSE,FALSE,Standard,0,Static
3/30/2024,ZAAUTO2024-1-00092,ZAAUTO2024-1,0,Current,Current,411455.74,0,0,3/29/2024,23937.29,FALSE,Same,FALSE,FALSE,Standard,0,Static
4/30/2024,ZAAUTO2024-1-00092,ZAAUTO2024-1,0,Current,Current,402936.64,0,0,4/18/2024,24553.64,FALSE,Same,FALSE,FALSE,Standard,0,Static
5/30/2024,ZAAUTO2024-1-00092,ZAAUTO2024-1,0,Current,Current,400043.86,0,0,4/26/2024,23051.66,FALSE,Same,FALSE,FALSE,Standard,0,Static
5/30/2024,ZAAUTO2024-1-00092,ZAAUTO2024-1,0,Current,Current,392067.66,0,0,5/8/2024,23613.72,FALSE,Same,FALSE,FALSE,Standard,0,Static
6/30/2024,ZAAUTO2024-1-00092,ZAAUTO2024-1,0,Current,Current,373268.77,0,0,6/2/2024,25721.35,FALSE,Same,FALSE,FALSE,Standard,0,Static
7/30/2024,ZAAUTO2024-1-00092,ZAAUTO2024-1,0,Current,Current,358517.85,0,0,7/12/2024,24131.39,FALSE,Same,FALSE,FALSE,Standard,0,Static
8/30/2024,ZAAUTO2024-1-00092,ZAAUTO2024-1,5,1-29 DPD,Current,359319.46,24888.94,1,8/9/2024,6299.14,FALSE,Worse,FALSE,FALSE,SMA-0,1,Roll
9/30/2024,ZAAUTO2024-1-00092,ZAAUTO2024-1,20,1-29 DPD,1-29 DPD,340462.07,24888.94,1,9/26/2024,1181.41,FALSE,Same,FALSE,FALSE,SMA-0,2,Static
10/30/2024,ZAAUTO2024-1-00092,ZAAUTO2024-1,0,Current,1-29 DPD,323681.97,0,0,10/10/2024,23583.06,TRUE,Better,FALSE,FALSE,Standard,0,Cure
12/30/2023,ZAAUTO2024-1-00093,ZAAUTO2024-1,0,Current,Current,438464.71,0,0,12/15/2023,21448.28,FALSE,Same,FALSE,FALSE,Standard,0,Static
1/30/2024,ZAAUTO2024-1-00093,ZAAUTO2024-1,0,Current,Current,455625.43,0,0,1/25/2024,19994.84,FALSE,Same,FALSE,FALSE,Standard,0,Static
2/28/2024,ZAAUTO2024-1-00093,ZAAUTO2024-1,13,1-29 DPD,Current,417623.83,21463.23,1,2/24/2024,12063.97,FALSE,Worse,FALSE,FALSE,SMA-0,1,Roll
3/30/2024,ZAAUTO2024-1-00093,ZAAUTO2024-1,0,Current,1-29 DPD,416903.14,0,0,3/27/2024,19401.79,TRUE,Better,FALSE,FALSE,Standard,0,Cure
4/30/2024,ZAAUTO2024-1-00093,ZAAUTO2024-1,0,Current,Current,402681.17,0,0,4/25/2024,19651.5,FALSE,Same,FALSE,FALSE,Standard,0,Static
5/30/2024,ZAAUTO2024-1-00093,ZAAUTO2024-1,0,Current,Current,396904.59,0,0,5/25/2024,21425.13,FALSE,Same,FALSE,FALSE,Standard,0,Static
5/30/2024,ZAAUTO2024-1-00093,ZAAUTO2024-1,0,Current,Current,392004.26,0,0,5/11/2024,20055.31,FALSE,Same,FALSE,FALSE,Standard,0,Static
6/30/2024,ZAAUTO2024-1-00093,ZAAUTO2024-1,0,Current,Current,375742.03,0,0,6/2/2024,21333.85,FALSE,Same,FALSE,FALSE,Standard,0,Static
7/30/2024,ZAAUTO2024-1-00093,ZAAUTO2024-1,0,Current,Current,348087.43,0,0,7/20/2024,19408.89,FALSE,Same,FALSE,FALSE,Standard,0,Static
8/30/2024,ZAAUTO2024-1-00093,ZAAUTO2024-1,0,Current,Current,349419.59,0,0,8/10/2024,22099.32,FALSE,Same,FALSE,FALSE,Standard,0,Static
9/30/2024,ZAAUTO2024-1-00093,ZAAUTO2024-1,0,Current,Current,332578.82,0,0,8/27/2024,22326.67,FALSE,Same,FALSE,FALSE,Standard,0,Static
10/30/2024,ZAAUTO2024-1-00093,ZAAUTO2024-1,0,Current,Current,322415.48,0,0,10/22/2024,22438.33,FALSE,Same,FALSE,FALSE,Standard,0,Static
12/30/2023,ZAAUTO2024-1-00094,ZAAUTO2024-1,55,30-59 DPD,Current,692000,12842.27,1,12/11/2023,2818.49,FALSE,Worse,FALSE,FALSE,SMA-1,1,Roll
1/30/2024,ZAAUTO2024-1-00094,ZAAUTO2024-1,38,30-59 DPD,30-59 DPD,692000,12842.27,1,1/30/2024,0.71,FALSE,Same,FALSE,FALSE,SMA-1,2,Static
2/28/2024,ZAAUTO2024-1-00094,ZAAUTO2024-1,56,30-59 DPD,30-59 DPD,692000,12842.27,1,2/20/2024,2649.76,FALSE,Same,FALSE,FALSE,SMA-1,3,Static
3/30/2024,ZAAUTO2024-1-00094,ZAAUTO2024-1,75,60-89 DPD,30-59 DPD,692000,25684.54,2,2/28/2024,7296.65,FALSE,Worse,FALSE,FALSE,SMA-2,4,Roll
4/30/2024,ZAAUTO2024-1-00094,ZAAUTO2024-1,75,60-89 DPD,60-89 DPD,681991.83,25684.54,2,4/3/2024,6148.61,FALSE,Same,FALSE,FALSE,SMA-2,5,Static
5/30/2024,ZAAUTO2024-1-00094,ZAAUTO2024-1,79,60-89 DPD,60-89 DPD,668600.07,25684.54,2,5/30/2024,4224.17,FALSE,Same,FALSE,FALSE,SMA-2,6,Static
5/30/2024,ZAAUTO2024-1-00094,ZAAUTO2024-1,66,60-89 DPD,60-89 DPD,667184.32,25684.54,2,4/25/2024,3368.06,FALSE,Same,FALSE,FALSE,SMA-2,7,Static
6/30/2024,ZAAUTO2024-1-00094,ZAAUTO2024-1,67,60-89 DPD,60-89 DPD,645349.51,25684.54,2,6/6/2024,6383.33,FALSE,Same,FALSE,FALSE,SMA-2,8,Static
7/30/2024,ZAAUTO2024-1-00094,ZAAUTO2024-1,67,60-89 DPD,60-89 DPD,639982.52,25684.54,2,7/3/2024,4818.34,FALSE,Same,FALSE,FALSE,SMA-2,9,Static
8/30/2024,ZAAUTO2024-1-00094,ZAAUTO2024-1,76,60-89 DPD,60-89 DPD,652768.18,25684.54,2,8/13/2024,2193.54,FALSE,Same,FALSE,FALSE,SMA-2,10,Static
9/30/2024,ZAAUTO2024-1-00094,ZAAUTO2024-1,113,90-119 DPD,60-89 DPD,631929.83,38526.81,3,9/13/2024,3181.57,FALSE,Worse,FALSE,FALSE,NPA,11,Roll
10/30/2024,ZAAUTO2024-1-00094,ZAAUTO2024-1,117,90-119 DPD,90-119 DPD,601251.92,38526.81,3,10/22/2024,2231.44,FALSE,Same,FALSE,FALSE,NPA,12,Static
12/30/2023,ZAAUTO2024-1-00095,ZAAUTO2024-1,0,Current,Current,633576.37,0,0,12/30/2023,14165.21,FALSE,Same,FALSE,FALSE,Standard,0,Static
1/30/2024,ZAAUTO2024-1-00095,ZAAUTO2024-1,0,Current,Current,596530.96,0,0,12/30/2023,14129.71,FALSE,Same,FALSE,FALSE,Standard,0,Static
2/28/2024,ZAAUTO2024-1-00095,ZAAUTO2024-1,0,Current,Current,596002.68,0,0,1/28/2024,15904.16,FALSE,Same,FALSE,FALSE,Standard,0,Static
3/30/2024,ZAAUTO2024-1-00095,ZAAUTO2024-1,0,Current,Current,585568.49,0,0,3/28/2024,14386.66,FALSE,Same,FALSE,FALSE,Standard,0,Static
4/30/2024,ZAAUTO2024-1-00095,ZAAUTO2024-1,0,Current,Current,588799.83,0,0,4/21/2024,13763.46,FALSE,Same,FALSE,FALSE,Standard,0,Static
5/30/2024,ZAAUTO2024-1-00095,ZAAUTO2024-1,0,Current,Current,573468.92,0,0,5/26/2024,14870.61,FALSE,Same,FALSE,FALSE,Standard,0,Static
5/30/2024,ZAAUTO2024-1-00095,ZAAUTO2024-1,0,Current,Current,537686.35,0,0,5/14/2024,15493.46,FALSE,Same,FALSE,FALSE,Standard,0,Static
6/30/2024,ZAAUTO2024-1-00095,ZAAUTO2024-1,27,1-29 DPD,Current,519189.77,15151.23,1,6/15/2024,3498.1,FALSE,Worse,FALSE,FALSE,SMA-0,1,Roll
7/30/2024,ZAAUTO2024-1-00095,ZAAUTO2024-1,15,1-29 DPD,1-29 DPD,516059.14,15151.23,1,7/28/2024,1810.69,FALSE,Same,FALSE,FALSE,SMA-0,2,Static
8/30/2024,ZAAUTO2024-1-00095,ZAAUTO2024-1,53,30-59 DPD,1-29 DPD,523068.22,15151.23,1,7/28/2024,6054.5,FALSE,Worse,FALSE,FALSE,SMA-1,3,Roll
9/30/2024,ZAAUTO2024-1-00095,ZAAUTO2024-1,36,30-59 DPD,30-59 DPD,499901.29,15151.23,1,9/11/2024,8510.89,FALSE,Same,FALSE,FALSE,SMA-1,4,Static
10/30/2024,ZAAUTO2024-1-00095,ZAAUTO2024-1,35,30-59 DPD,30-59 DPD,493036.63,15151.23,1,10/28/2024,6770.1,FALSE,Same,FALSE,FALSE,SMA-1,5,Static
12/30/2023,ZAAUTO2024-1-00096,ZAAUTO2024-1,0,Current,Current,635623.27,0,0,12/23/2023,17988.14,FALSE,Same,FALSE,FALSE,Standard,0,Static
1/30/2024,ZAAUTO2024-1-00096,ZAAUTO2024-1,0,Current,Current,599625.02,0,0,1/28/2024,18509.21,FALSE,Same,FALSE,FALSE,Standard,0,Static
2/28/2024,ZAAUTO2024-1-00096,ZAAUTO2024-1,0,Current,Current,607074.26,0,0,2/19/2024,17919.49,FALSE,Same,FALSE,FALSE,Standard,0,Static
3/30/2024,ZAAUTO2024-1-00096,ZAAUTO2024-1,3,1-29 DPD,Current,576648.76,18749.93,1,2/28/2024,1028.26,FALSE,Worse,FALSE,FALSE,SMA-0,1,Roll
4/30/2024,ZAAUTO2024-1-00096,ZAAUTO2024-1,0,Current,1-29 DPD,580162.71,0,0,4/27/2024,17043.05,TRUE,Better,FALSE,FALSE,Standard,0,Cure
5/30/2024,ZAAUTO2024-1-00096,ZAAUTO2024-1,0,Current,Current,569279.93,0,0,4/26/2024,19100.93,FALSE,Same,FALSE,FALSE,Standard,0,Static
5/30/2024,ZAAUTO2024-1-00096,ZAAUTO2024-1,0,Current,Current,536999.55,0,0,5/16/2024,17765.76,FALSE,Same,FALSE,FALSE,Standard,0,Static
6/30/2024,ZAAUTO2024-1-00096,ZAAUTO2024-1,18,1-29 DPD,Current,550918.09,18749.93,1,6/8/2024,9062.13,FALSE,Worse,FALSE,FALSE,SMA-0,1,Roll
7/30/2024,ZAAUTO2024-1-00096,ZAAUTO2024-1,44,30-59 DPD,1-29 DPD,536776.33,18749.93,1,7/29/2024,7754.03,FALSE,Worse,FALSE,FALSE,SMA-1,2,Roll
8/30/2024,ZAAUTO2024-1-00096,ZAAUTO2024-1,41,30-59 DPD,30-59 DPD,524436.51,18749.93,1,8/14/2024,10109.92,FALSE,Same,FALSE,FALSE,SMA-1,3,Static
9/30/2024,ZAAUTO2024-1-00096,ZAAUTO2024-1,75,60-89 DPD,30-59 DPD,511789.44,37499.86,2,8/26/2024,3315.53,FALSE,Worse,FALSE,FALSE,SMA-2,4,Roll
10/30/2024,ZAAUTO2024-1-00096,ZAAUTO2024-1,82,60-89 DPD,60-89 DPD,492214.74,37499.86,2,10/19/2024,6115.71,FALSE,Same,FALSE,FALSE,SMA-2,5,Static
12/30/2023,ZAAUTO2024-1-00097,ZAAUTO2024-1,0,Current,Current,1292034.22,0,0,11/28/2023,25567.99,FALSE,Same,FALSE,FALSE,Standard,0,Static
1/30/2024,ZAAUTO2024-1-00097,ZAAUTO2024-1,0,Current,Current,1219098.71,0,0,1/29/2024,26532.71,FALSE,Same,FALSE,FALSE,Standard,0,Static
2/28/2024,ZAAUTO2024-1-00097,ZAAUTO2024-1,0,Current,Current,1214894.71,0,0,2/13/2024,25334.12,FALSE,Same,FALSE,FALSE,Standard,0,Static
3/30/2024,ZAAUTO2024-1-00097,ZAAUTO2024-1,0,Current,Current,1169083.25,0,0,2/25/2024,27331.59,FALSE,Same,FALSE,FALSE,Standard,0,Static
4/30/2024,ZAAUTO2024-1-00097,ZAAUTO2024-1,0,Current,Current,1160156.69,0,0,3/30/2024,27117.89,FALSE,Same,FALSE,FALSE,Standard,0,Static
5/30/2024,ZAAUTO2024-1-00097,ZAAUTO2024-1,0,Current,Current,1137419.73,0,0,5/12/2024,25341.76,FALSE,Same,FALSE,FALSE,Standard,0,Static
5/30/2024,ZAAUTO2024-1-00097,ZAAUTO2024-1,0,Current,Current,1157334.4,0,0,5/23/2024,24434.55,FALSE,Same,FALSE,FALSE,Standard,0,Static
6/30/2024,ZAAUTO2024-1-00097,ZAAUTO2024-1,0,Current,Current,1138349.72,0,0,6/28/2024,27396.3,FALSE,Same,FALSE,FALSE,Standard,0,Static
7/30/2024,ZAAUTO2024-1-00097,ZAAUTO2024-1,0,Current,Current,1076334.16,0,0,7/28/2024,24858.7,FALSE,Same,FALSE,FALSE,Standard,0,Static
8/30/2024,ZAAUTO2024-1-00097,ZAAUTO2024-1,0,Current,Current,1084068.9,0,0,8/24/2024,24176.27,FALSE,Same,FALSE,FALSE,Standard,0,Static
9/30/2024,ZAAUTO2024-1-00097,ZAAUTO2024-1,0,Current,Current,1075704.36,0,0,9/6/2024,26685.77,FALSE,Same,FALSE,FALSE,Standard,0,Static
10/30/2024,ZAAUTO2024-1-00097,ZAAUTO2024-1,0,Current,Current,1046672.17,0,0,10/14/2024,24245.48,FALSE,Same,FALSE,FALSE,Standard,0,Static
12/30/2023,ZAAUTO2024-1-00098,ZAAUTO2024-1,0,Current,Current,518903.22,0,0,12/7/2023,19262.45,FALSE,Same,FALSE,FALSE,Standard,0,Static
1/30/2024,ZAAUTO2024-1-00098,ZAAUTO2024-1,0,Current,Current,477019.99,0,0,1/13/2024,18510.5,FALSE,Same,FALSE,FALSE,Standard,0,Static
2/28/2024,ZAAUTO2024-1-00098,ZAAUTO2024-1,0,Current,Current,488056.82,0,0,2/9/2024,17231.62,FALSE,Same,FALSE,FALSE,Standard,0,Static
3/30/2024,ZAAUTO2024-1-00098,ZAAUTO2024-1,0,Current,Current,458206.22,0,0,2/26/2024,17286.01,FALSE,Same,FALSE,FALSE,Standard,0,Static
4/30/2024,ZAAUTO2024-1-00098,ZAAUTO2024-1,0,Current,Current,462517.19,0,0,3/27/2024,18103.12,FALSE,Same,FALSE,FALSE,Standard,0,Static
5/30/2024,ZAAUTO2024-1-00098,ZAAUTO2024-1,0,Current,Current,433159.8,0,0,5/15/2024,18626.76,FALSE,Same,FALSE,FALSE,Standard,0,Static
5/30/2024,ZAAUTO2024-1-00098,ZAAUTO2024-1,0,Current,Current,444089.41,0,0,4/25/2024,19134.72,FALSE,Same,FALSE,FALSE,Standard,0,Static
6/30/2024,ZAAUTO2024-1-00098,ZAAUTO2024-1,0,Current,Current,415466.82,0,0,6/24/2024,19183.16,FALSE,Same,FALSE,FALSE,Standard,0,Static
7/30/2024,ZAAUTO2024-1-00098,ZAAUTO2024-1,0,Current,Current,407777.53,0,0,7/1/2024,19002.47,FALSE,Same,FALSE,FALSE,Standard,0,Static
8/30/2024,ZAAUTO2024-1-00098,ZAAUTO2024-1,0,Current,Current,391117.84,0,0,8/24/2024,17483.59,FALSE,Same,FALSE,FALSE,Standard,0,Static
9/30/2024,ZAAUTO2024-1-00098,ZAAUTO2024-1,0,Current,Current,372092.21,0,0,9/5/2024,18441.53,FALSE,Same,FALSE,FALSE,Standard,0,Static
10/30/2024,ZAAUTO2024-1-00098,ZAAUTO2024-1,0,Current,Current,372447.95,0,0,9/26/2024,19841.34,FALSE,Same,FALSE,FALSE,Standard,0,Static
12/30/2023,ZAAUTO2024-1-00099,ZAAUTO2024-1,0,Current,Current,446656.52,0,0,11/25/2023,17172.85,FALSE,Same,FALSE,FALSE,Standard,0,Static
1/30/2024,ZAAUTO2024-1-00099,ZAAUTO2024-1,0,Current,Current,438938.48,0,0,1/2/2024,15986.08,FALSE,Same,FALSE,FALSE,Standard,0,Static
2/28/2024,ZAAUTO2024-1-00099,ZAAUTO2024-1,0,Current,Current,434365.98,0,0,2/26/2024,17313.71,FALSE,Same,FALSE,FALSE,Standard,0,Static
3/30/2024,ZAAUTO2024-1-00099,ZAAUTO2024-1,0,Current,Current,431301.72,0,0,2/26/2024,15211.48,FALSE,Same,FALSE,FALSE,Standard,0,Static
4/30/2024,ZAAUTO2024-1-00099,ZAAUTO2024-1,0,Current,Current,430834.93,0,0,4/30/2024,15621.2,FALSE,Same,FALSE,FALSE,Standard,0,Static
5/30/2024,ZAAUTO2024-1-00099,ZAAUTO2024-1,0,Current,Current,401923,0,0,5/10/2024,14930.35,FALSE,Same,FALSE,FALSE,Standard,0,Static
5/30/2024,ZAAUTO2024-1-00099,ZAAUTO2024-1,0,Current,Current,410018.2,0,0,5/13/2024,17155.41,FALSE,Same,FALSE,FALSE,Standard,0,Static
6/30/2024,ZAAUTO2024-1-00099,ZAAUTO2024-1,17,1-29 DPD,Current,393235.23,16529.49,1,6/21/2024,935.11,FALSE,Worse,FALSE,FALSE,SMA-0,1,Roll
7/30/2024,ZAAUTO2024-1-00099,ZAAUTO2024-1,0,Current,1-29 DPD,381410.59,0,0,7/21/2024,15219.71,TRUE,Better,FALSE,FALSE,Standard,0,Cure
8/30/2024,ZAAUTO2024-1-00099,ZAAUTO2024-1,0,Current,Current,369781.88,0,0,8/15/2024,15454.23,FALSE,Same,FALSE,FALSE,Standard,0,Static
9/30/2024,ZAAUTO2024-1-00099,ZAAUTO2024-1,0,Current,Current,372178.11,0,0,9/25/2024,16291.02,FALSE,Same,FALSE,FALSE,Standard,0,Static
10/30/2024,ZAAUTO2024-1-00099,ZAAUTO2024-1,0,Current,Current,356690.84,0,0,10/17/2024,16697.1,FALSE,Same,FALSE,FALSE,Standard,0,Static
12/30/2023,ZAAUTO2024-1-00100,ZAAUTO2024-1,0,Current,Current,743697.79,0,0,12/27/2023,25686.95,FALSE,Same,FALSE,FALSE,Standard,0,Static
1/30/2024,ZAAUTO2024-1-00100,ZAAUTO2024-1,0,Current,Current,740678.74,0,0,1/3/2024,23811.61,FALSE,Same,FALSE,FALSE,Standard,0,Static
2/28/2024,ZAAUTO2024-1-00100,ZAAUTO2024-1,0,Current,Current,751479.14,0,0,2/14/2024,25040.52,FALSE,Same,FALSE,FALSE,Standard,0,Static
3/30/2024,ZAAUTO2024-1-00100,ZAAUTO2024-1,0,Current,Current,732933.57,0,0,3/30/2024,24618.25,FALSE,Same,FALSE,FALSE,Standard,0,Static
4/30/2024,ZAAUTO2024-1-00100,ZAAUTO2024-1,0,Current,Current,704564.86,0,0,4/27/2024,23396.95,FALSE,Same,FALSE,FALSE,Standard,0,Static
5/30/2024,ZAAUTO2024-1-00100,ZAAUTO2024-1,0,Current,Current,658643.52,0,0,4/26/2024,24362.28,FALSE,Same,FALSE,FALSE,Standard,0,Static
5/30/2024,ZAAUTO2024-1-00100,ZAAUTO2024-1,0,Current,Current,655511.72,0,0,5/16/2024,22834.41,FALSE,Same,FALSE,FALSE,Standard,0,Static
6/30/2024,ZAAUTO2024-1-00100,ZAAUTO2024-1,0,Current,Current,654492.8,0,0,6/5/2024,25869.42,FALSE,Same,FALSE,FALSE,Standard,0,Static
7/30/2024,ZAAUTO2024-1-00100,ZAAUTO2024-1,0,Current,Current,640659.37,0,0,6/28/2024,22600.2,FALSE,Same,FALSE,FALSE,Standard,0,Static
8/30/2024,ZAAUTO2024-1-00100,ZAAUTO2024-1,0,Current,Current,609225.67,0,0,8/5/2024,22815.17,FALSE,Same,FALSE,FALSE,Standard,0,Static
9/30/2024,ZAAUTO2024-1-00100,ZAAUTO2024-1,0,Current,Current,588094.97,0,0,8/31/2024,24386.51,FALSE,Same,FALSE,FALSE,Standard,0,Static
10/30/2024,ZAAUTO2024-1-00100,ZAAUTO2024-1,0,Current,Current,559350.59,0,0,10/5/2024,23240.25,FALSE,Same,FALSE,FALSE,Standard,0,Static
12/30/2023,ZAAUTO2024-1-00101,ZAAUTO2024-1,0,Current,Current,417548.72,0,0,12/13/2023,11943.08,FALSE,Same,FALSE,FALSE,Standard,0,Static
1/30/2024,ZAAUTO2024-1-00101,ZAAUTO2024-1,11,1-29 DPD,Current,421274.35,11749.04,1,1/25/2024,793.27,FALSE,Worse,FALSE,FALSE,SMA-0,1,Roll
2/28/2024,ZAAUTO2024-1-00101,ZAAUTO2024-1,0,Current,1-29 DPD,403797.6,0,0,2/5/2024,11187.98,TRUE,Better,FALSE,FALSE,Standard,0,Cure
3/30/2024,ZAAUTO2024-1-00101,ZAAUTO2024-1,0,Current,Current,391715.69,0,0,3/29/2024,11930.59,FALSE,Same,FALSE,FALSE,Standard,0,Static
4/30/2024,ZAAUTO2024-1-00101,ZAAUTO2024-1,0,Current,Current,378145.68,0,0,4/8/2024,11660.14,FALSE,Same,FALSE,FALSE,Standard,0,Static
5/30/2024,ZAAUTO2024-1-00101,ZAAUTO2024-1,0,Current,Current,390882.89,0,0,5/2/2024,11672.4,FALSE,Same,FALSE,FALSE,Standard,0,Static
5/30/2024,ZAAUTO2024-1-00101,ZAAUTO2024-1,0,Current,Current,366644.97,0,0,5/16/2024,10926.05,FALSE,Same,FALSE,FALSE,Standard,0,Static
6/30/2024,ZAAUTO2024-1-00101,ZAAUTO2024-1,0,Current,Current,355464.06,0,0,6/25/2024,10772.18,FALSE,Same,FALSE,FALSE,Standard,0,Static
7/30/2024,ZAAUTO2024-1-00101,ZAAUTO2024-1,0,Current,Current,338104.52,0,0,7/21/2024,12105.19,FALSE,Same,FALSE,FALSE,Standard,0,Static
8/30/2024,ZAAUTO2024-1-00101,ZAAUTO2024-1,0,Current,Current,347362.31,0,0,8/30/2024,11179.1,FALSE,Same,FALSE,FALSE,Standard,0,Static
9/30/2024,ZAAUTO2024-1-00101,ZAAUTO2024-1,0,Current,Current,337251.27,0,0,9/11/2024,11367.3,FALSE,Same,FALSE,FALSE,Standard,0,Static
10/30/2024,ZAAUTO2024-1-00101,ZAAUTO2024-1,0,Current,Current,309717.15,0,0,10/17/2024,11878.3,FALSE,Same,FALSE,FALSE,Standard,0,Static
12/30/2023,ZAAUTO2024-1-00102,ZAAUTO2024-1,0,Current,Current,268316.23,0,0,12/27/2023,6214.56,FALSE,Same,FALSE,FALSE,Standard,0,Static
1/30/2024,ZAAUTO2024-1-00102,ZAAUTO2024-1,0,Current,Current,273667.41,0,0,1/13/2024,5986.18,FALSE,Same,FALSE,FALSE,Standard,0,Static
2/28/2024,ZAAUTO2024-1-00102,ZAAUTO2024-1,0,Current,Current,266146.34,0,0,2/28/2024,5999.54,FALSE,Same,FALSE,FALSE,Standard,0,Static
3/30/2024,ZAAUTO2024-1-00102,ZAAUTO2024-1,0,Current,Current,261290.18,0,0,3/7/2024,6788.41,FALSE,Same,FALSE,FALSE,Standard,0,Static
4/30/2024,ZAAUTO2024-1-00102,ZAAUTO2024-1,0,Current,Current,244778.62,0,0,4/6/2024,6162.3,FALSE,Same,FALSE,FALSE,Standard,0,Static
5/30/2024,ZAAUTO2024-1-00102,ZAAUTO2024-1,0,Current,Current,246428.1,0,0,5/24/2024,6827.56,FALSE,Same,FALSE,FALSE,Standard,0,Static
5/30/2024,ZAAUTO2024-1-00102,ZAAUTO2024-1,75,60-89 DPD,Current,249980.13,13185.96,2,4/26/2024,348.19,FALSE,Worse,FALSE,FALSE,SMA-2,1,Roll
6/30/2024,ZAAUTO2024-1-00102,ZAAUTO2024-1,66,60-89 DPD,60-89 DPD,238735.64,13185.96,2,6/1/2024,2217.96,FALSE,Same,FALSE,FALSE,SMA-2,2,Static
7/30/2024,ZAAUTO2024-1-00102,ZAAUTO2024-1,82,60-89 DPD,60-89 DPD,225868.07,13185.96,2,7/15/2024,3648.31,FALSE,Same,FALSE,FALSE,SMA-2,3,Static
8/30/2024,ZAAUTO2024-1-00102,ZAAUTO2024-1,69,60-89 DPD,60-89 DPD,226206.51,13185.96,2,8/5/2024,2944.65,FALSE,Same,FALSE,FALSE,SMA-2,4,Static
9/30/2024,ZAAUTO2024-1-00102,ZAAUTO2024-1,60,60-89 DPD,60-89 DPD,221569.53,13185.96,2,9/8/2024,1405.8,FALSE,Same,FALSE,FALSE,SMA-1,5,Static
10/30/2024,ZAAUTO2024-1-00102,ZAAUTO2024-1,99,90-119 DPD,60-89 DPD,214995.9,19778.94,3,9/28/2024,1091.32,FALSE,Worse,FALSE,FALSE,NPA,6,Roll
12/30/2023,ZAAUTO2024-1-00103,ZAAUTO2024-1,0,Current,Current,1158602.13,0,0,11/27/2023,28508.33,FALSE,Same,FALSE,FALSE,Standard,0,Static
1/30/2024,ZAAUTO2024-1-00103,ZAAUTO2024-1,0,Current,Current,1130146.78,0,0,1/16/2024,26283.26,FALSE,Same,FALSE,FALSE,Standard,0,Static
2/28/2024,ZAAUTO2024-1-00103,ZAAUTO2024-1,0,Current,Current,1108107.32,0,0,2/1/2024,28549,FALSE,Same,FALSE,FALSE,Standard,0,Static
3/30/2024,ZAAUTO2024-1-00103,ZAAUTO2024-1,0,Current,Current,1115158.09,0,0,3/9/2024,26413.65,FALSE,Same,FALSE,FALSE,Standard,0,Static
4/30/2024,ZAAUTO2024-1-00103,ZAAUTO2024-1,5,1-29 DPD,Current,1042624.26,27304.45,1,4/22/2024,9518.83,FALSE,Worse,FALSE,FALSE,SMA-0,1,Roll
5/30/2024,ZAAUTO2024-1-00103,ZAAUTO2024-1,22,1-29 DPD,1-29 DPD,1068332.53,27304.45,1,5/22/2024,5062.22,FALSE,Same,FALSE,FALSE,SMA-0,2,Static
5/30/2024,ZAAUTO2024-1-00103,ZAAUTO2024-1,23,1-29 DPD,1-29 DPD,1056334.34,27304.45,1,5/22/2024,7045.6,FALSE,Same,FALSE,FALSE,SMA-0,3,Static
6/30/2024,ZAAUTO2024-1-00103,ZAAUTO2024-1,25,1-29 DPD,1-29 DPD,983011.53,27304.45,1,6/20/2024,5201.44,FALSE,Same,FALSE,FALSE,SMA-0,4,Static
7/30/2024,ZAAUTO2024-1-00103,ZAAUTO2024-1,0,Current,1-29 DPD,993683.94,0,0,7/23/2024,25328.16,TRUE,Better,FALSE,FALSE,Standard,0,Cure
8/30/2024,ZAAUTO2024-1-00103,ZAAUTO2024-1,0,Current,Current,994285.73,0,0,8/21/2024,27551.88,FALSE,Same,FALSE,FALSE,Standard,0,Static
9/30/2024,ZAAUTO2024-1-00103,ZAAUTO2024-1,0,Current,Current,970028.75,0,0,9/4/2024,28510.74,FALSE,Same,FALSE,FALSE,Standard,0,Static
10/30/2024,ZAAUTO2024-1-00103,ZAAUTO2024-1,0,Current,Current,920235.82,0,0,10/13/2024,25196.37,FALSE,Same,FALSE,FALSE,Standard,0,Static
12/30/2023,ZAAUTO2024-1-00104,ZAAUTO2024-1,0,Current,Current,461039.51,0,0,12/22/2023,30762.21,FALSE,Same,FALSE,FALSE,Standard,0,Static
1/30/2024,ZAAUTO2024-1-00104,ZAAUTO2024-1,0,Current,Current,441472.65,0,0,1/7/2024,29256.12,FALSE,Same,FALSE,FALSE,Standard,0,Static
2/28/2024,ZAAUTO2024-1-00104,ZAAUTO2024-1,0,Current,Current,420979.43,0,0,1/29/2024,29036.31,FALSE,Same,FALSE,FALSE,Standard,0,Static
3/30/2024,ZAAUTO2024-1-00104,ZAAUTO2024-1,0,Current,Current,401586.02,0,0,3/28/2024,30318.76,FALSE,Same,FALSE,FALSE,Standard,0,Static
4/30/2024,ZAAUTO2024-1-00104,ZAAUTO2024-1,1,1-29 DPD,Current,408690.65,31539.71,1,4/4/2024,4211.58,FALSE,Worse,FALSE,FALSE,SMA-0,1,Roll
5/30/2024,ZAAUTO2024-1-00104,ZAAUTO2024-1,22,1-29 DPD,1-29 DPD,396142.9,31539.71,1,5/17/2024,1251.55,FALSE,Same,FALSE,FALSE,SMA-0,2,Static
5/30/2024,ZAAUTO2024-1-00104,ZAAUTO2024-1,15,1-29 DPD,1-29 DPD,378648.28,31539.71,1,4/29/2024,13016.99,FALSE,Same,FALSE,FALSE,SMA-0,3,Static
6/30/2024,ZAAUTO2024-1-00104,ZAAUTO2024-1,28,1-29 DPD,1-29 DPD,354110.51,31539.71,1,6/15/2024,8090.99,FALSE,Same,FALSE,FALSE,SMA-0,4,Static
7/30/2024,ZAAUTO2024-1-00104,ZAAUTO2024-1,0,Current,1-29 DPD,348044.27,0,0,7/6/2024,31792.98,TRUE,Better,FALSE,FALSE,Standard,0,Cure
8/30/2024,ZAAUTO2024-1-00104,ZAAUTO2024-1,0,Current,Current,325042.01,0,0,7/27/2024,30870.58,FALSE,Same,FALSE,FALSE,Standard,0,Static
9/30/2024,ZAAUTO2024-1-00104,ZAAUTO2024-1,0,Current,Current,322043.95,0,0,9/28/2024,30848.91,FALSE,Same,FALSE,FALSE,Standard,0,Static
10/30/2024,ZAAUTO2024-1-00104,ZAAUTO2024-1,0,Current,Current,298797.99,0,0,10/28/2024,32538.48,FALSE,Same,FALSE,FALSE,Standard,0,Static
12/30/2023,ZAAUTO2024-1-00105,ZAAUTO2024-1,0,Current,Current,414091.23,0,0,12/20/2023,9861.83,FALSE,Same,FALSE,FALSE,Standard,0,Static
1/30/2024,ZAAUTO2024-1-00105,ZAAUTO2024-1,0,Current,Current,415503.51,0,0,1/27/2024,10272.57,FALSE,Same,FALSE,FALSE,Standard,0,Static
2/28/2024,ZAAUTO2024-1-00105,ZAAUTO2024-1,0,Current,Current,415477.03,0,0,1/30/2024,10487.45,FALSE,Same,FALSE,FALSE,Standard,0,Static
3/30/2024,ZAAUTO2024-1-00105,ZAAUTO2024-1,0,Current,Current,394233.35,0,0,2/27/2024,9386.91,FALSE,Same,FALSE,FALSE,Standard,0,Static
4/30/2024,ZAAUTO2024-1-00105,ZAAUTO2024-1,25,1-29 DPD,Current,389643.95,10236.81,1,3/27/2024,831.07,FALSE,Worse,FALSE,FALSE,SMA-0,1,Roll
5/30/2024,ZAAUTO2024-1-00105,ZAAUTO2024-1,0,Current,1-29 DPD,376664.88,0,0,5/2/2024,9251.38,TRUE,Better,FALSE,FALSE,Standard,0,Cure
5/30/2024,ZAAUTO2024-1-00105,ZAAUTO2024-1,44,30-59 DPD,Current,373073.16,10236.81,1,5/18/2024,5420.69,FALSE,Worse,FALSE,FALSE,SMA-1,1,Roll
6/30/2024,ZAAUTO2024-1-00105,ZAAUTO2024-1,62,60-89 DPD,30-59 DPD,355958.43,20473.62,2,6/20/2024,4412.32,FALSE,Worse,FALSE,FALSE,SMA-2,2,Roll
7/30/2024,ZAAUTO2024-1-00105,ZAAUTO2024-1,93,90-119 DPD,60-89 DPD,343808.35,30710.43,3,7/2/2024,3894.53,FALSE,Worse,FALSE,FALSE,NPA,3,Roll
8/30/2024,ZAAUTO2024-1-00105,ZAAUTO2024-1,92,90-119 DPD,90-119 DPD,346381.86,30710.43,3,8/6/2024,4464.52,FALSE,Same,FALSE,FALSE,NPA,4,Static
9/30/2024,ZAAUTO2024-1-00105,ZAAUTO2024-1,106,90-119 DPD,90-119 DPD,340185.46,30710.43,3,9/20/2024,2325.88,FALSE,Same,FALSE,FALSE,NPA,5,Static
10/30/2024,ZAAUTO2024-1-00105,ZAAUTO2024-1,479,Default,90-119 DPD,318528.1,153552.15,15,10/20/2024,5603.14,FALSE,Worse,FALSE,TRUE,NPA,6,Roll
12/30/2023,ZAAUTO2024-1-00106,ZAAUTO2024-1,0,Current,Current,652457.98,0,0,12/22/2023,20841.93,FALSE,Same,FALSE,FALSE,Standard,0,Static
1/30/2024,ZAAUTO2024-1-00106,ZAAUTO2024-1,0,Current,Current,629377.3,0,0,1/14/2024,18002.62,FALSE,Same,FALSE,FALSE,Standard,0,Static
2/28/2024,ZAAUTO2024-1-00106,ZAAUTO2024-1,0,Current,Current,633996.69,0,0,1/28/2024,19593.49,FALSE,Same,FALSE,FALSE,Standard,0,Static
3/30/2024,ZAAUTO2024-1-00106,ZAAUTO2024-1,0,Current,Current,594182.16,0,0,2/28/2024,18678.35,FALSE,Same,FALSE,FALSE,Standard,0,Static
4/30/2024,ZAAUTO2024-1-00106,ZAAUTO2024-1,0,Current,Current,601294.1,0,0,3/31/2024,19324.71,FALSE,Same,FALSE,FALSE,Standard,0,Static
5/30/2024,ZAAUTO2024-1-00106,ZAAUTO2024-1,0,Current,Current,576836.64,0,0,5/30/2024,18698.82,FALSE,Same,FALSE,FALSE,Standard,0,Static
5/30/2024,ZAAUTO2024-1-00106,ZAAUTO2024-1,0,Current,Current,562825.01,0,0,4/25/2024,20421.79,FALSE,Same,FALSE,FALSE,Standard,0,Static
6/30/2024,ZAAUTO2024-1-00106,ZAAUTO2024-1,0,Current,Current,531371.77,0,0,6/19/2024,18409.99,FALSE,Same,FALSE,FALSE,Standard,0,Static
7/30/2024,ZAAUTO2024-1-00106,ZAAUTO2024-1,0,Current,Current,530066.58,0,0,7/28/2024,18401.36,FALSE,Same,FALSE,FALSE,Standard,0,Static
8/30/2024,ZAAUTO2024-1-00106,ZAAUTO2024-1,0,Current,Current,489247.88,0,0,8/11/2024,18957.52,FALSE,Same,FALSE,FALSE,Standard,0,Static
9/30/2024,ZAAUTO2024-1-00106,ZAAUTO2024-1,0,Current,Current,473480.13,0,0,9/24/2024,19214.57,FALSE,Same,FALSE,FALSE,Standard,0,Static
10/30/2024,ZAAUTO2024-1-00106,ZAAUTO2024-1,6,1-29 DPD,Current,458181.3,19962.29,1,10/12/2024,7319.25,FALSE,Worse,FALSE,FALSE,SMA-0,1,Roll
12/30/2023,ZAAUTO2024-1-00107,ZAAUTO2024-1,0,Current,Current,433644.74,0,0,12/3/2023,16862.72,FALSE,Same,FALSE,FALSE,Standard,0,Static
1/30/2024,ZAAUTO2024-1-00107,ZAAUTO2024-1,0,Current,Current,422047.22,0,0,12/31/2023,15116.24,FALSE,Same,FALSE,FALSE,Standard,0,Static
2/28/2024,ZAAUTO2024-1-00107,ZAAUTO2024-1,0,Current,Current,429494.43,0,0,2/11/2024,15595.91,FALSE,Same,FALSE,FALSE,Standard,0,Static
3/30/2024,ZAAUTO2024-1-00107,ZAAUTO2024-1,0,Current,Current,409233.97,0,0,3/17/2024,16499.31,FALSE,Same,FALSE,FALSE,Standard,0,Static
4/30/2024,ZAAUTO2024-1-00107,ZAAUTO2024-1,0,Current,Current,403064.29,0,0,4/24/2024,16192.62,FALSE,Same,FALSE,FALSE,Standard,0,Static
5/30/2024,ZAAUTO2024-1-00107,ZAAUTO2024-1,80,60-89 DPD,Current,388800.5,32854.9,2,5/25/2024,4767.21,FALSE,Worse,FALSE,FALSE,SMA-2,1,Roll
5/30/2024,ZAAUTO2024-1-00107,ZAAUTO2024-1,82,60-89 DPD,60-89 DPD,378925.39,32854.9,2,5/12/2024,4209.24,FALSE,Same,FALSE,FALSE,SMA-2,2,Static
6/30/2024,ZAAUTO2024-1-00107,ZAAUTO2024-1,87,60-89 DPD,60-89 DPD,359496.79,32854.9,2,5/28/2024,5668.88,FALSE,Same,FALSE,FALSE,SMA-2,3,Static
7/30/2024,ZAAUTO2024-1-00107,ZAAUTO2024-1,109,90-119 DPD,60-89 DPD,348709.74,49282.35,3,7/22/2024,6054.73,FALSE,Worse,FALSE,FALSE,NPA,4,Roll
8/30/2024,ZAAUTO2024-1-00107,ZAAUTO2024-1,105,90-119 DPD,90-119 DPD,340968.67,49282.35,3,7/30/2024,4854.36,FALSE,Same,FALSE,FALSE,NPA,5,Static
9/30/2024,ZAAUTO2024-1-00107,ZAAUTO2024-1,166,120+ DPD,90-119 DPD,337574.03,82137.25,5,9/16/2024,6984.17,FALSE,Worse,FALSE,FALSE,NPA,6,Roll
10/30/2024,ZAAUTO2024-1-00107,ZAAUTO2024-1,169,120+ DPD,120+ DPD,305517.59,82137.25,5,10/29/2024,4582.13,FALSE,Same,FALSE,FALSE,NPA,7,Static
12/30/2023,ZAAUTO2024-1-00108,ZAAUTO2024-1,0,Current,Current,206636.46,0,0,12/26/2023,6520.56,FALSE,Same,FALSE,FALSE,Standard,0,Static
1/30/2024,ZAAUTO2024-1-00108,ZAAUTO2024-1,0,Current,Current,206627.07,0,0,1/10/2024,6995.31,FALSE,Same,FALSE,FALSE,Standard,0,Static
2/28/2024,ZAAUTO2024-1-00108,ZAAUTO2024-1,0,Current,Current,197186.81,0,0,2/7/2024,6555.28,FALSE,Same,FALSE,FALSE,Standard,0,Static
3/30/2024,ZAAUTO2024-1-00108,ZAAUTO2024-1,0,Current,Current,202145.97,0,0,3/29/2024,7062.51,FALSE,Same,FALSE,FALSE,Standard,0,Static
4/30/2024,ZAAUTO2024-1-00108,ZAAUTO2024-1,0,Current,Current,190950.46,0,0,4/9/2024,7155.8,FALSE,Same,FALSE,FALSE,Standard,0,Static
5/30/2024,ZAAUTO2024-1-00108,ZAAUTO2024-1,0,Current,Current,191132.82,0,0,4/30/2024,7026.55,FALSE,Same,FALSE,FALSE,Standard,0,Static
5/30/2024,ZAAUTO2024-1-00108,ZAAUTO2024-1,0,Current,Current,189581.29,0,0,4/30/2024,6363.03,FALSE,Same,FALSE,FALSE,Standard,0,Static
6/30/2024,ZAAUTO2024-1-00108,ZAAUTO2024-1,0,Current,Current,183346.51,0,0,5/27/2024,7128.56,FALSE,Same,FALSE,FALSE,Standard,0,Static
7/30/2024,ZAAUTO2024-1-00108,ZAAUTO2024-1,0,Current,Current,179602.82,0,0,7/4/2024,7161.49,FALSE,Same,FALSE,FALSE,Standard,0,Static
8/30/2024,ZAAUTO2024-1-00108,ZAAUTO2024-1,0,Current,Current,170742.42,0,0,7/28/2024,6511.85,FALSE,Same,FALSE,FALSE,Standard,0,Static
9/30/2024,ZAAUTO2024-1-00108,ZAAUTO2024-1,0,Current,Current,175285.43,0,0,9/10/2024,6776.31,FALSE,Same,FALSE,FALSE,Standard,0,Static
10/30/2024,ZAAUTO2024-1-00108,ZAAUTO2024-1,0,Current,Current,162977.53,0,0,10/9/2024,7028.91,FALSE,Same,FALSE,FALSE,Standard,0,Static
12/30/2023,ZAAUTO2024-1-00109,ZAAUTO2024-1,0,Current,Current,1025981.53,0,0,12/11/2023,20636.46,FALSE,Same,FALSE,FALSE,Standard,0,Static
1/30/2024,ZAAUTO2024-1-00109,ZAAUTO2024-1,0,Current,Current,971624.69,0,0,1/28/2024,19301.47,FALSE,Same,FALSE,FALSE,Standard,0,Static
2/28/2024,ZAAUTO2024-1-00109,ZAAUTO2024-1,0,Current,Current,940681.11,0,0,2/13/2024,19609.5,FALSE,Same,FALSE,FALSE,Standard,0,Static
3/30/2024,ZAAUTO2024-1-00109,ZAAUTO2024-1,0,Current,Current,976003.13,0,0,3/11/2024,19131.1,FALSE,Same,FALSE,FALSE,Standard,0,Static
4/30/2024,ZAAUTO2024-1-00109,ZAAUTO2024-1,0,Current,Current,925029.16,0,0,4/23/2024,19617.6,FALSE,Same,FALSE,FALSE,Standard,0,Static
5/30/2024,ZAAUTO2024-1-00109,ZAAUTO2024-1,0,Current,Current,892408.88,0,0,5/18/2024,21276.88,FALSE,Same,FALSE,FALSE,Standard,0,Static
5/30/2024,ZAAUTO2024-1-00109,ZAAUTO2024-1,44,30-59 DPD,Current,907666.08,20517.66,1,4/30/2024,11140.55,FALSE,Worse,FALSE,FALSE,SMA-1,1,Roll
6/30/2024,ZAAUTO2024-1-00109,ZAAUTO2024-1,64,60-89 DPD,30-59 DPD,872180.9,41035.32,2,5/31/2024,9016.79,FALSE,Worse,FALSE,FALSE,SMA-2,2,Roll
7/30/2024,ZAAUTO2024-1-00109,ZAAUTO2024-1,106,90-119 DPD,60-89 DPD,864538.97,61552.98,3,7/10/2024,1764.05,FALSE,Worse,FALSE,FALSE,NPA,3,Roll
8/30/2024,ZAAUTO2024-1-00109,ZAAUTO2024-1,117,90-119 DPD,90-119 DPD,836305.77,61552.98,3,7/28/2024,8330.79,FALSE,Same,FALSE,FALSE,NPA,4,Static
9/30/2024,ZAAUTO2024-1-00109,ZAAUTO2024-1,153,120+ DPD,90-119 DPD,827707.06,102588.3,5,9/28/2024,5655.1,FALSE,Worse,FALSE,FALSE,NPA,5,Roll
10/30/2024,ZAAUTO2024-1-00109,ZAAUTO2024-1,302,120+ DPD,120+ DPD,851471.67,205176.6,10,10/23/2024,50.59,FALSE,Same,FALSE,FALSE,NPA,6,Static
12/30/2023,ZAAUTO2024-1-00110,ZAAUTO2024-1,0,Current,Current,982100,0,0,12/10/2023,17962.5,FALSE,Same,FALSE,FALSE,Standard,0,Static
1/30/2024,ZAAUTO2024-1-00110,ZAAUTO2024-1,0,Current,Current,982100,0,0,12/27/2023,18306.06,FALSE,Same,FALSE,FALSE,Standard,0,Static
2/28/2024,ZAAUTO2024-1-00110,ZAAUTO2024-1,0,Current,Current,982100,0,0,2/21/2024,18171.37,FALSE,Same,FALSE,FALSE,Standard,0,Static
3/30/2024,ZAAUTO2024-1-00110,ZAAUTO2024-1,0,Current,Current,982100,0,0,3/23/2024,17425.71,FALSE,Same,FALSE,FALSE,Standard,0,Static
4/30/2024,ZAAUTO2024-1-00110,ZAAUTO2024-1,0,Current,Current,982100,0,0,3/29/2024,17678.08,FALSE,Same,FALSE,FALSE,Standard,0,Static
5/30/2024,ZAAUTO2024-1-00110,ZAAUTO2024-1,0,Current,Current,982100,0,0,4/25/2024,18304.14,FALSE,Same,FALSE,FALSE,Standard,0,Static
5/30/2024,ZAAUTO2024-1-00110,ZAAUTO2024-1,0,Current,Current,971008.41,0,0,5/12/2024,19044.58,FALSE,Same,FALSE,FALSE,Standard,0,Static
6/30/2024,ZAAUTO2024-1-00110,ZAAUTO2024-1,0,Current,Current,958941.19,0,0,6/11/2024,19158.08,FALSE,Same,FALSE,FALSE,Standard,0,Static
7/30/2024,ZAAUTO2024-1-00110,ZAAUTO2024-1,0,Current,Current,956282.28,0,0,7/2/2024,17528.46,FALSE,Same,FALSE,FALSE,Standard,0,Static
8/30/2024,ZAAUTO2024-1-00110,ZAAUTO2024-1,0,Current,Current,920963.34,0,0,8/27/2024,17688.37,FALSE,Same,FALSE,FALSE,Standard,0,Static
9/30/2024,ZAAUTO2024-1-00110,ZAAUTO2024-1,0,Current,Current,908592.77,0,0,9/3/2024,18516.86,FALSE,Same,FALSE,FALSE,Standard,0,Static
10/30/2024,ZAAUTO2024-1-00110,ZAAUTO2024-1,0,Current,Current,937274.69,0,0,10/2/2024,19166.93,FALSE,Same,FALSE,FALSE,Standard,0,Static
12/30/2023,ZAAUTO2024-1-00111,ZAAUTO2024-1,0,Current,Current,1646500,0,0,12/1/2023,29038,FALSE,Same,FALSE,FALSE,Standard,0,Static
1/30/2024,ZAAUTO2024-1-00111,ZAAUTO2024-1,0,Current,Current,1646500,0,0,1/1/2024,29774.97,FALSE,Same,FALSE,FALSE,Standard,0,Static
2/28/2024,ZAAUTO2024-1-00111,ZAAUTO2024-1,0,Current,Current,1646500,0,0,2/19/2024,31572.13,FALSE,Same,FALSE,FALSE,Standard,0,Static
3/30/2024,ZAAUTO2024-1-00111,ZAAUTO2024-1,0,Current,Current,1635280.66,0,0,3/7/2024,29413.88,FALSE,Same,FALSE,FALSE,Standard,0,Static
4/30/2024,ZAAUTO2024-1-00111,ZAAUTO2024-1,23,1-29 DPD,Current,1644845.9,30677.44,1,4/9/2024,14518.63,FALSE,Worse,FALSE,FALSE,SMA-0,1,Roll
5/30/2024,ZAAUTO2024-1-00111,ZAAUTO2024-1,29,1-29 DPD,1-29 DPD,1553557.18,30677.44,1,4/29/2024,557.06,FALSE,Same,FALSE,FALSE,SMA-0,2,Static
5/30/2024,ZAAUTO2024-1-00111,ZAAUTO2024-1,0,Current,1-29 DPD,1546106.48,0,0,5/8/2024,29812.27,TRUE,Better,FALSE,FALSE,Standard,0,Cure
6/30/2024,ZAAUTO2024-1-00111,ZAAUTO2024-1,0,Current,Current,1561954.56,0,0,6/12/2024,31143.47,FALSE,Same,FALSE,FALSE,Standard,0,Static
7/30/2024,ZAAUTO2024-1-00111,ZAAUTO2024-1,0,Current,Current,1511301.78,0,0,7/22/2024,29947.09,FALSE,Same,FALSE,FALSE,Standard,0,Static
8/30/2024,ZAAUTO2024-1-00111,ZAAUTO2024-1,0,Current,Current,1465948.43,0,0,8/24/2024,29109.22,FALSE,Same,FALSE,FALSE,Standard,0,Static
9/30/2024,ZAAUTO2024-1-00111,ZAAUTO2024-1,0,Current,Current,1466929.63,0,0,9/11/2024,30061.19,FALSE,Same,FALSE,FALSE,Standard,0,Static
10/30/2024,ZAAUTO2024-1-00111,ZAAUTO2024-1,0,Current,Current,1417126.57,0,0,10/4/2024,28707.53,FALSE,Same,FALSE,FALSE,Standard,0,Static
12/30/2023,ZAAUTO2024-1-00112,ZAAUTO2024-1,0,Current,Current,434939.92,0,0,12/26/2023,9518.13,FALSE,Same,FALSE,FALSE,Standard,0,Static
1/30/2024,ZAAUTO2024-1-00112,ZAAUTO2024-1,0,Current,Current,442890.3,0,0,12/30/2023,8635.37,FALSE,Same,FALSE,FALSE,Standard,0,Static
2/28/2024,ZAAUTO2024-1-00112,ZAAUTO2024-1,0,Current,Current,430271.92,0,0,2/8/2024,9257.87,FALSE,Same,FALSE,FALSE,Standard,0,Static
3/30/2024,ZAAUTO2024-1-00112,ZAAUTO2024-1,27,1-29 DPD,Current,416759.7,9415.45,1,3/11/2024,5400.04,FALSE,Worse,FALSE,FALSE,SMA-0,1,Roll
4/30/2024,ZAAUTO2024-1-00112,ZAAUTO2024-1,0,Current,1-29 DPD,396900.41,0,0,4/24/2024,9442.06,TRUE,Better,FALSE,FALSE,Standard,0,Cure
5/30/2024,ZAAUTO2024-1-00112,ZAAUTO2024-1,0,Current,Current,403201.25,0,0,5/6/2024,8936.31,FALSE,Same,FALSE,FALSE,Standard,0,Static
5/30/2024,ZAAUTO2024-1-00112,ZAAUTO2024-1,0,Current,Current,395526.05,0,0,5/27/2024,8601.77,FALSE,Same,FALSE,FALSE,Standard,0,Static
6/30/2024,ZAAUTO2024-1-00112,ZAAUTO2024-1,0,Current,Current,391145.16,0,0,6/30/2024,9543.14,FALSE,Same,FALSE,FALSE,Standard,0,Static
7/30/2024,ZAAUTO2024-1-00112,ZAAUTO2024-1,0,Current,Current,377832.25,0,0,7/2/2024,9224.21,FALSE,Same,FALSE,FALSE,Standard,0,Static
8/30/2024,ZAAUTO2024-1-00112,ZAAUTO2024-1,0,Current,Current,361745.19,0,0,8/2/2024,8750.25,FALSE,Same,FALSE,FALSE,Standard,0,Static
9/30/2024,ZAAUTO2024-1-00112,ZAAUTO2024-1,0,Current,Current,360217.82,0,0,9/10/2024,8897.23,FALSE,Same,FALSE,FALSE,Standard,0,Static
10/30/2024,ZAAUTO2024-1-00112,ZAAUTO2024-1,0,Current,Current,353916.39,0,0,10/11/2024,9771.12,FALSE,Same,FALSE,FALSE,Standard,0,Static
12/30/2023,ZAAUTO2024-1-00113,ZAAUTO2024-1,0,Current,Current,1195100,0,0,12/30/2023,19462.19,FALSE,Same,FALSE,FALSE,Standard,0,Static
1/30/2024,ZAAUTO2024-1-00113,ZAAUTO2024-1,0,Current,Current,1195100,0,0,1/8/2024,17738.6,FALSE,Same,FALSE,FALSE,Standard,0,Static
2/28/2024,ZAAUTO2024-1-00113,ZAAUTO2024-1,0,Current,Current,1195100,0,0,2/27/2024,18103.09,FALSE,Same,FALSE,FALSE,Standard,0,Static
3/30/2024,ZAAUTO2024-1-00113,ZAAUTO2024-1,0,Current,Current,1195100,0,0,3/5/2024,19235.32,FALSE,Same,FALSE,FALSE,Standard,0,Static
4/30/2024,ZAAUTO2024-1-00113,ZAAUTO2024-1,0,Current,Current,1195100,0,0,4/5/2024,18527.92,FALSE,Same,FALSE,FALSE,Standard,0,Static
5/30/2024,ZAAUTO2024-1-00113,ZAAUTO2024-1,0,Current,Current,1195100,0,0,5/19/2024,18798.82,FALSE,Same,FALSE,FALSE,Standard,0,Static
5/30/2024,ZAAUTO2024-1-00113,ZAAUTO2024-1,0,Current,Current,1195100,0,0,5/6/2024,19868.58,FALSE,Same,FALSE,FALSE,Standard,0,Static
6/30/2024,ZAAUTO2024-1-00113,ZAAUTO2024-1,12,1-29 DPD,Current,1195100,19355.67,1,6/21/2024,3350.13,FALSE,Worse,FALSE,FALSE,SMA-0,1,Roll
7/30/2024,ZAAUTO2024-1-00113,ZAAUTO2024-1,0,Current,1-29 DPD,1195100,0,0,7/22/2024,17809.96,TRUE,Better,FALSE,FALSE,Standard,0,Cure
8/30/2024,ZAAUTO2024-1-00113,ZAAUTO2024-1,0,Current,Current,1141347.05,0,0,8/29/2024,17838.17,FALSE,Same,FALSE,FALSE,Standard,0,Static
9/30/2024,ZAAUTO2024-1-00113,ZAAUTO2024-1,0,Current,Current,1191231.55,0,0,9/3/2024,20250.8,FALSE,Same,FALSE,FALSE,Standard,0,Static
10/30/2024,ZAAUTO2024-1-00113,ZAAUTO2024-1,0,Current,Current,1112302.48,0,0,10/22/2024,19284.76,FALSE,Same,FALSE,FALSE,Standard,0,Static
12/30/2023,ZAAUTO2024-1-00114,ZAAUTO2024-1,20,1-29 DPD,Current,419312.44,12765.15,1,11/29/2023,6485.75,FALSE,Worse,FALSE,FALSE,SMA-0,1,Roll
1/30/2024,ZAAUTO2024-1-00114,ZAAUTO2024-1,37,30-59 DPD,1-29 DPD,431414.89,12765.15,1,1/13/2024,3146.64,FALSE,Worse,FALSE,FALSE,SMA-1,2,Roll
2/28/2024,ZAAUTO2024-1-00114,ZAAUTO2024-1,47,30-59 DPD,30-59 DPD,417747.19,12765.15,1,2/26/2024,7492.38,FALSE,Same,FALSE,FALSE,SMA-1,3,Static
3/30/2024,ZAAUTO2024-1-00114,ZAAUTO2024-1,48,30-59 DPD,30-59 DPD,405494.87,12765.15,1,3/7/2024,866.74,FALSE,Same,FALSE,FALSE,SMA-1,4,Static
4/30/2024,ZAAUTO2024-1-00114,ZAAUTO2024-1,45,30-59 DPD,30-59 DPD,409471.96,12765.15,1,4/25/2024,1088.26,FALSE,Same,FALSE,FALSE,SMA-1,5,Static
5/30/2024,ZAAUTO2024-1-00114,ZAAUTO2024-1,53,30-59 DPD,30-59 DPD,387673.59,12765.15,1,5/13/2024,3560.99,FALSE,Same,FALSE,FALSE,SMA-1,6,Static
5/30/2024,ZAAUTO2024-1-00114,ZAAUTO2024-1,62,60-89 DPD,30-59 DPD,378058.79,25530.3,2,5/25/2024,1878.25,FALSE,Worse,FALSE,FALSE,SMA-2,7,Roll
6/30/2024,ZAAUTO2024-1-00114,ZAAUTO2024-1,80,60-89 DPD,60-89 DPD,374236.42,25530.3,2,6/26/2024,5239.38,FALSE,Same,FALSE,FALSE,SMA-2,8,Static
7/30/2024,ZAAUTO2024-1-00114,ZAAUTO2024-1,77,60-89 DPD,60-89 DPD,365994.72,25530.3,2,7/11/2024,4695.32,FALSE,Same,FALSE,FALSE,SMA-2,9,Static
8/30/2024,ZAAUTO2024-1-00114,ZAAUTO2024-1,88,60-89 DPD,60-89 DPD,345007.88,25530.3,2,8/30/2024,3591.11,FALSE,Same,FALSE,FALSE,SMA-2,10,Static
9/30/2024,ZAAUTO2024-1-00114,ZAAUTO2024-1,76,60-89 DPD,60-89 DPD,349165.06,25530.3,2,9/9/2024,3224.6,FALSE,Same,FALSE,FALSE,SMA-2,11,Static
10/30/2024,ZAAUTO2024-1-00114,ZAAUTO2024-1,85,60-89 DPD,60-89 DPD,325042.32,25530.3,2,10/20/2024,270.57,FALSE,Same,FALSE,FALSE,SMA-2,12,Static
12/30/2023,ZAAUTO2024-1-00115,ZAAUTO2024-1,10,1-29 DPD,Current,442990.35,15813.34,1,12/22/2023,4797.1,FALSE,Worse,FALSE,FALSE,SMA-0,1,Roll
1/30/2024,ZAAUTO2024-1-00115,ZAAUTO2024-1,28,1-29 DPD,1-29 DPD,443484.4,15813.34,1,1/14/2024,1257.53,FALSE,Same,FALSE,FALSE,SMA-0,2,Static
2/28/2024,ZAAUTO2024-1-00115,ZAAUTO2024-1,9,1-29 DPD,1-29 DPD,419160.67,15813.34,1,2/12/2024,134.76,FALSE,Same,FALSE,FALSE,SMA-0,3,Static
3/30/2024,ZAAUTO2024-1-00115,ZAAUTO2024-1,0,Current,1-29 DPD,405695.1,0,0,3/19/2024,16390.84,TRUE,Better,FALSE,FALSE,Standard,0,Cure
4/30/2024,ZAAUTO2024-1-00115,ZAAUTO2024-1,0,Current,Current,415396.45,0,0,4/2/2024,15109.09,FALSE,Same,FALSE,FALSE,Standard,0,Static
5/30/2024,ZAAUTO2024-1-00115,ZAAUTO2024-1,0,Current,Current,390486.62,0,0,5/15/2024,15382.23,FALSE,Same,FALSE,FALSE,Standard,0,Static
5/30/2024,ZAAUTO2024-1-00115,ZAAUTO2024-1,0,Current,Current,399272,0,0,5/28/2024,15045.24,FALSE,Same,FALSE,FALSE,Standard,0,Static
6/30/2024,ZAAUTO2024-1-00115,ZAAUTO2024-1,0,Current,Current,370913.37,0,0,6/21/2024,15644.64,FALSE,Same,FALSE,FALSE,Standard,0,Static
7/30/2024,ZAAUTO2024-1-00115,ZAAUTO2024-1,0,Current,Current,381987.35,0,0,6/29/2024,16017.56,FALSE,Same,FALSE,FALSE,Standard,0,Static
8/30/2024,ZAAUTO2024-1-00115,ZAAUTO2024-1,0,Current,Current,362440.08,0,0,8/6/2024,14796.42,FALSE,Same,FALSE,FALSE,Standard,0,Static
9/30/2024,ZAAUTO2024-1-00115,ZAAUTO2024-1,0,Current,Current,354430.49,0,0,9/20/2024,14732.16,FALSE,Same,FALSE,FALSE,Standard,0,Static
10/30/2024,ZAAUTO2024-1-00115,ZAAUTO2024-1,53,30-59 DPD,Current,355625.03,15813.34,1,10/27/2024,6093.78,FALSE,Worse,FALSE,FALSE,SMA-1,1,Roll
12/30/2023,ZAAUTO2024-1-00116,ZAAUTO2024-1,0,Current,Current,372300,0,0,12/3/2023,10657.46,FALSE,Same,FALSE,FALSE,Standard,0,Static
1/30/2024,ZAAUTO2024-1-00116,ZAAUTO2024-1,0,Current,Current,372300,0,0,1/2/2024,11313.63,FALSE,Same,FALSE,FALSE,Standard,0,Static
2/28/2024,ZAAUTO2024-1-00116,ZAAUTO2024-1,0,Current,Current,372300,0,0,1/26/2024,11847,FALSE,Same,FALSE,FALSE,Standard,0,Static
3/30/2024,ZAAUTO2024-1-00116,ZAAUTO2024-1,0,Current,Current,360075.27,0,0,2/25/2024,11766.42,FALSE,Same,FALSE,FALSE,Standard,0,Static
4/30/2024,ZAAUTO2024-1-00116,ZAAUTO2024-1,0,Current,Current,372300,0,0,4/3/2024,11718.67,FALSE,Same,FALSE,FALSE,Standard,0,Static
5/30/2024,ZAAUTO2024-1-00116,ZAAUTO2024-1,0,Current,Current,365118.31,0,0,5/13/2024,11230.24,FALSE,Same,FALSE,FALSE,Standard,0,Static
5/30/2024,ZAAUTO2024-1-00116,ZAAUTO2024-1,0,Current,Current,349826.21,0,0,5/24/2024,11089.09,FALSE,Same,FALSE,FALSE,Standard,0,Static
6/30/2024,ZAAUTO2024-1-00116,ZAAUTO2024-1,0,Current,Current,352308.32,0,0,6/1/2024,12007.03,FALSE,Same,FALSE,FALSE,Standard,0,Static
7/30/2024,ZAAUTO2024-1-00116,ZAAUTO2024-1,0,Current,Current,350814.63,0,0,7/18/2024,11558.17,FALSE,Same,FALSE,FALSE,Standard,0,Static
8/30/2024,ZAAUTO2024-1-00116,ZAAUTO2024-1,0,Current,Current,343495.99,0,0,8/19/2024,11191.78,FALSE,Same,FALSE,FALSE,Standard,0,Static
9/30/2024,ZAAUTO2024-1-00116,ZAAUTO2024-1,0,Current,Current,322104.21,0,0,9/30/2024,12110.8,FALSE,Same,FALSE,FALSE,Standard,0,Static
10/30/2024,ZAAUTO2024-1-00116,ZAAUTO2024-1,0,Current,Current,316827.07,0,0,10/24/2024,11567.59,FALSE,Same,FALSE,FALSE,Standard,0,Static
12/30/2023,ZAAUTO2024-1-00117,ZAAUTO2024-1,0,Current,Current,1211853.96,0,0,12/23/2023,29463.86,FALSE,Same,FALSE,FALSE,Standard,0,Static
1/30/2024,ZAAUTO2024-1-00117,ZAAUTO2024-1,0,Current,Current,1232450.54,0,0,1/6/2024,32223.23,FALSE,Same,FALSE,FALSE,Standard,0,Static
2/28/2024,ZAAUTO2024-1-00117,ZAAUTO2024-1,0,Current,Current,1235514.91,0,0,2/17/2024,33383.16,FALSE,Same,FALSE,FALSE,Standard,0,Static
3/30/2024,ZAAUTO2024-1-00117,ZAAUTO2024-1,0,Current,Current,1195795.35,0,0,3/14/2024,30471.65,FALSE,Same,FALSE,FALSE,Standard,0,Static
4/30/2024,ZAAUTO2024-1-00117,ZAAUTO2024-1,0,Current,Current,1170620.13,0,0,4/26/2024,32137.96,FALSE,Same,FALSE,FALSE,Standard,0,Static
5/30/2024,ZAAUTO2024-1-00117,ZAAUTO2024-1,0,Current,Current,1169551.88,0,0,5/13/2024,32770.09,FALSE,Same,FALSE,FALSE,Standard,0,Static
5/30/2024,ZAAUTO2024-1-00117,ZAAUTO2024-1,0,Current,Current,1128678.07,0,0,5/10/2024,30291.42,FALSE,Same,FALSE,FALSE,Standard,0,Static
6/30/2024,ZAAUTO2024-1-00117,ZAAUTO2024-1,0,Current,Current,1113267.05,0,0,6/13/2024,32807.59,FALSE,Same,FALSE,FALSE,Standard,0,Static
7/30/2024,ZAAUTO2024-1-00117,ZAAUTO2024-1,0,Current,Current,1060606.97,0,0,7/9/2024,33867.04,FALSE,Same,FALSE,FALSE,Standard,0,Static
8/30/2024,ZAAUTO2024-1-00117,ZAAUTO2024-1,0,Current,Current,1029540.86,0,0,8/14/2024,29907.01,FALSE,Same,FALSE,FALSE,Standard,0,Static
9/30/2024,ZAAUTO2024-1-00117,ZAAUTO2024-1,0,Current,Current,994178.94,0,0,9/18/2024,32000.1,FALSE,Same,FALSE,FALSE,Standard,0,Static
10/30/2024,ZAAUTO2024-1-00117,ZAAUTO2024-1,0,Current,Current,980652.19,0,0,9/29/2024,29570.57,FALSE,Same,FALSE,FALSE,Standard,0,Static
12/30/2023,ZAAUTO2024-1-00118,ZAAUTO2024-1,0,Current,Current,207023.03,0,0,12/30/2023,5444.69,FALSE,Same,FALSE,FALSE,Standard,0,Static
1/30/2024,ZAAUTO2024-1-00118,ZAAUTO2024-1,0,Current,Current,205084.31,0,0,1/13/2024,4831.11,FALSE,Same,FALSE,FALSE,Standard,0,Static
2/28/2024,ZAAUTO2024-1-00118,ZAAUTO2024-1,0,Current,Current,195970.22,0,0,2/3/2024,5163.34,FALSE,Same,FALSE,FALSE,Standard,0,Static
3/30/2024,ZAAUTO2024-1-00118,ZAAUTO2024-1,0,Current,Current,194237.41,0,0,2/28/2024,5087.55,FALSE,Same,FALSE,FALSE,Standard,0,Static
4/30/2024,ZAAUTO2024-1-00118,ZAAUTO2024-1,0,Current,Current,188386.2,0,0,4/26/2024,5136.23,FALSE,Same,FALSE,FALSE,Standard,0,Static
5/30/2024,ZAAUTO2024-1-00118,ZAAUTO2024-1,0,Current,Current,178795.56,0,0,4/30/2024,4807.24,FALSE,Same,FALSE,FALSE,Standard,0,Static
5/30/2024,ZAAUTO2024-1-00118,ZAAUTO2024-1,0,Current,Current,181447.85,0,0,5/8/2024,4973.91,FALSE,Same,FALSE,FALSE,Standard,0,Static
6/30/2024,ZAAUTO2024-1-00118,ZAAUTO2024-1,0,Current,Current,174174.64,0,0,6/27/2024,5208.6,FALSE,Same,FALSE,FALSE,Standard,0,Static
7/30/2024,ZAAUTO2024-1-00118,ZAAUTO2024-1,0,Current,Current,177924.39,0,0,7/25/2024,4998.98,FALSE,Same,FALSE,FALSE,Standard,0,Static
8/30/2024,ZAAUTO2024-1-00118,ZAAUTO2024-1,0,Current,Current,172179.83,0,0,8/9/2024,4775.24,FALSE,Same,FALSE,FALSE,Standard,0,Static
9/30/2024,ZAAUTO2024-1-00118,ZAAUTO2024-1,0,Current,Current,163149.05,0,0,9/12/2024,5220.79,FALSE,Same,FALSE,FALSE,Standard,0,Static
10/30/2024,ZAAUTO2024-1-00118,ZAAUTO2024-1,0,Current,Current,155614.14,0,0,10/28/2024,5471.88,FALSE,Same,FALSE,FALSE,Standard,0,Static
12/30/2023,ZAAUTO2024-1-00119,ZAAUTO2024-1,0,Current,Current,1124372.88,0,0,12/15/2023,47245.62,FALSE,Same,FALSE,FALSE,Standard,0,Static
1/30/2024,ZAAUTO2024-1-00119,ZAAUTO2024-1,0,Current,Current,1031144.01,0,0,12/27/2023,48368.11,FALSE,Same,FALSE,FALSE,Standard,0,Static
2/28/2024,ZAAUTO2024-1-00119,ZAAUTO2024-1,0,Current,Current,1042303.6,0,0,1/31/2024,50720.96,FALSE,Same,FALSE,FALSE,Standard,0,Static
3/30/2024,ZAAUTO2024-1-00119,ZAAUTO2024-1,0,Current,Current,985390.65,0,0,3/9/2024,44091.82,FALSE,Same,FALSE,FALSE,Standard,0,Static
4/30/2024,ZAAUTO2024-1-00119,ZAAUTO2024-1,0,Current,Current,1019015.49,0,0,4/28/2024,46636.05,FALSE,Same,FALSE,FALSE,Standard,0,Static
5/30/2024,ZAAUTO2024-1-00119,ZAAUTO2024-1,0,Current,Current,956713.01,0,0,4/27/2024,47020.92,FALSE,Same,FALSE,FALSE,Standard,0,Static
5/30/2024,ZAAUTO2024-1-00119,ZAAUTO2024-1,0,Current,Current,966943,0,0,4/26/2024,44768.18,FALSE,Same,FALSE,FALSE,Standard,0,Static
6/30/2024,ZAAUTO2024-1-00119,ZAAUTO2024-1,0,Current,Current,938252.94,0,0,6/26/2024,43952.2,FALSE,Same,FALSE,FALSE,Standard,0,Static
7/30/2024,ZAAUTO2024-1-00119,ZAAUTO2024-1,0,Current,Current,887917.98,0,0,7/29/2024,47114.47,FALSE,Same,FALSE,FALSE,Standard,0,Static
8/30/2024,ZAAUTO2024-1-00119,ZAAUTO2024-1,0,Current,Current,915675.13,0,0,8/28/2024,45450.58,FALSE,Same,FALSE,FALSE,Standard,0,Static
9/30/2024,ZAAUTO2024-1-00119,ZAAUTO2024-1,0,Current,Current,876562.49,0,0,9/30/2024,44937.78,FALSE,Same,FALSE,FALSE,Standard,0,Static
10/30/2024,ZAAUTO2024-1-00119,ZAAUTO2024-1,0,Current,Current,818481.88,0,0,10/11/2024,49659.19,FALSE,Same,FALSE,FALSE,Standard,0,Static
12/30/2023,ZAAUTO2024-1-00120,ZAAUTO2024-1,0,Current,Current,518085.08,0,0,12/5/2023,8774.92,FALSE,Same,FALSE,FALSE,Standard,0,Static
1/30/2024,ZAAUTO2024-1-00120,ZAAUTO2024-1,0,Current,Current,515028.47,0,0,12/27/2023,8515.59,FALSE,Same,FALSE,FALSE,Standard,0,Static
2/28/2024,ZAAUTO2024-1-00120,ZAAUTO2024-1,0,Current,Current,502080.34,0,0,2/15/2024,9385.42,FALSE,Same,FALSE,FALSE,Standard,0,Static
3/30/2024,ZAAUTO2024-1-00120,ZAAUTO2024-1,0,Current,Current,485723.84,0,0,3/9/2024,8412.77,FALSE,Same,FALSE,FALSE,Standard,0,Static
4/30/2024,ZAAUTO2024-1-00120,ZAAUTO2024-1,0,Current,Current,467079.13,0,0,4/4/2024,8558.22,FALSE,Same,FALSE,FALSE,Standard,0,Static
5/30/2024,ZAAUTO2024-1-00120,ZAAUTO2024-1,0,Current,Current,462566.38,0,0,5/20/2024,8933.69,FALSE,Same,FALSE,FALSE,Standard,0,Static
5/30/2024,ZAAUTO2024-1-00120,ZAAUTO2024-1,0,Current,Current,472944.25,0,0,5/28/2024,8510.1,FALSE,Same,FALSE,FALSE,Standard,0,Static
6/30/2024,ZAAUTO2024-1-00120,ZAAUTO2024-1,0,Current,Current,460565.7,0,0,6/6/2024,9404.06,FALSE,Same,FALSE,FALSE,Standard,0,Static
7/30/2024,ZAAUTO2024-1-00120,ZAAUTO2024-1,0,Current,Current,428144.53,0,0,6/29/2024,8437.05,FALSE,Same,FALSE,FALSE,Standard,0,Static
8/30/2024,ZAAUTO2024-1-00120,ZAAUTO2024-1,0,Current,Current,420328.82,0,0,8/25/2024,9305.65,FALSE,Same,FALSE,FALSE,Standard,0,Static
9/30/2024,ZAAUTO2024-1-00120,ZAAUTO2024-1,0,Current,Current,430607.24,0,0,9/12/2024,8902.56,FALSE,Same,FALSE,FALSE,Standard,0,Static
10/30/2024,ZAAUTO2024-1-00120,ZAAUTO2024-1,0,Current,Current,429107.16,0,0,9/30/2024,9285.7,FALSE,Same,FALSE,FALSE,Standard,0,Static
12/30/2023,ZAAUTO2024-1-00121,ZAAUTO2024-1,26,1-29 DPD,Current,2583957.37,84752.2,1,12/4/2023,232.39,FALSE,Worse,FALSE,FALSE,SMA-0,1,Roll
1/30/2024,ZAAUTO2024-1-00121,ZAAUTO2024-1,8,1-29 DPD,1-29 DPD,2525145.41,84752.2,1,12/28/2023,49671.14,FALSE,Same,FALSE,FALSE,SMA-0,2,Static
2/28/2024,ZAAUTO2024-1-00121,ZAAUTO2024-1,0,Current,1-29 DPD,2563842.96,0,0,1/25/2024,82729.26,TRUE,Better,FALSE,FALSE,Standard,0,Cure
3/30/2024,ZAAUTO2024-1-00121,ZAAUTO2024-1,0,Current,Current,2496676.81,0,0,3/17/2024,79791.14,FALSE,Same,FALSE,FALSE,Standard,0,Static
4/30/2024,ZAAUTO2024-1-00121,ZAAUTO2024-1,0,Current,Current,2410101.42,0,0,4/21/2024,84988.37,FALSE,Same,FALSE,FALSE,Standard,0,Static
5/30/2024,ZAAUTO2024-1-00121,ZAAUTO2024-1,0,Current,Current,2505144.63,0,0,4/30/2024,82601.8,FALSE,Same,FALSE,FALSE,Standard,0,Static
5/30/2024,ZAAUTO2024-1-00121,ZAAUTO2024-1,0,Current,Current,2327427.19,0,0,5/28/2024,76963.82,FALSE,Same,FALSE,FALSE,Standard,0,Static
6/30/2024,ZAAUTO2024-1-00121,ZAAUTO2024-1,0,Current,Current,2323143.17,0,0,6/17/2024,81802.89,FALSE,Same,FALSE,FALSE,Standard,0,Static
7/30/2024,ZAAUTO2024-1-00121,ZAAUTO2024-1,0,Current,Current,2279307.11,0,0,7/1/2024,76827.67,FALSE,Same,FALSE,FALSE,Standard,0,Static
8/30/2024,ZAAUTO2024-1-00121,ZAAUTO2024-1,0,Current,Current,2305888.69,0,0,7/27/2024,78513.01,FALSE,Same,FALSE,FALSE,Standard,0,Static
9/30/2024,ZAAUTO2024-1-00121,ZAAUTO2024-1,0,Current,Current,2273038.63,0,0,8/30/2024,82822.86,FALSE,Same,FALSE,FALSE,Standard,0,Static
10/30/2024,ZAAUTO2024-1-00121,ZAAUTO2024-1,0,Current,Current,2121779.67,0,0,10/15/2024,85448.05,FALSE,Same,FALSE,FALSE,Standard,0,Static
12/30/2023,ZAAUTO2024-1-00122,ZAAUTO2024-1,0,Current,Current,2107237.36,0,0,11/30/2023,38791.6,FALSE,Same,FALSE,FALSE,Standard,0,Static
1/30/2024,ZAAUTO2024-1-00122,ZAAUTO2024-1,0,Current,Current,2051059.59,0,0,1/3/2024,36198.75,FALSE,Same,FALSE,FALSE,Standard,0,Static
2/28/2024,ZAAUTO2024-1-00122,ZAAUTO2024-1,0,Current,Current,2149814.7,0,0,1/30/2024,36393.85,FALSE,Same,FALSE,FALSE,Standard,0,Static
3/30/2024,ZAAUTO2024-1-00122,ZAAUTO2024-1,0,Current,Current,2036126.96,0,0,3/1/2024,39585.26,FALSE,Same,FALSE,FALSE,Standard,0,Static
4/30/2024,ZAAUTO2024-1-00122,ZAAUTO2024-1,0,Current,Current,2041806.12,0,0,4/13/2024,36536.11,FALSE,Same,FALSE,FALSE,Standard,0,Static
5/30/2024,ZAAUTO2024-1-00122,ZAAUTO2024-1,0,Current,Current,1938307.2,0,0,5/27/2024,36997.91,FALSE,Same,FALSE,FALSE,Standard,0,Static
5/30/2024,ZAAUTO2024-1-00122,ZAAUTO2024-1,0,Current,Current,1905134.68,0,0,5/1/2024,38046.33,FALSE,Same,FALSE,FALSE,Standard,0,Static
6/30/2024,ZAAUTO2024-1-00122,ZAAUTO2024-1,0,Current,Current,1882472.04,0,0,6/9/2024,36640.04,FALSE,Same,FALSE,FALSE,Standard,0,Static
7/30/2024,ZAAUTO2024-1-00122,ZAAUTO2024-1,0,Current,Current,1868142.51,0,0,7/20/2024,39996.01,FALSE,Same,FALSE,FALSE,Standard,0,Static
8/30/2024,ZAAUTO2024-1-00122,ZAAUTO2024-1,0,Current,Current,1882246.74,0,0,8/20/2024,38750.54,FALSE,Same,FALSE,FALSE,Standard,0,Static
9/30/2024,ZAAUTO2024-1-00122,ZAAUTO2024-1,0,Current,Current,1839063.7,0,0,9/16/2024,35854.33,FALSE,Same,FALSE,FALSE,Standard,0,Static
10/30/2024,ZAAUTO2024-1-00122,ZAAUTO2024-1,0,Current,Current,1846096.76,0,0,9/29/2024,40423.99,FALSE,Same,FALSE,FALSE,Standard,0,Static
12/30/2023,ZAAUTO2024-1-00123,ZAAUTO2024-1,0,Current,Current,2570600,0,0,12/30/2023,63227.47,FALSE,Same,FALSE,FALSE,Standard,0,Static
1/30/2024,ZAAUTO2024-1-00123,ZAAUTO2024-1,0,Current,Current,2486778.21,0,0,12/31/2023,66337.77,FALSE,Same,FALSE,FALSE,Standard,0,Static
2/28/2024,ZAAUTO2024-1-00123,ZAAUTO2024-1,0,Current,Current,2532799.69,0,0,2/1/2024,64344.19,FALSE,Same,FALSE,FALSE,Standard,0,Static
3/30/2024,ZAAUTO2024-1-00123,ZAAUTO2024-1,0,Current,Current,2490386.02,0,0,3/24/2024,63569.04,FALSE,Same,FALSE,FALSE,Standard,0,Static
4/30/2024,ZAAUTO2024-1-00123,ZAAUTO2024-1,0,Current,Current,2410787.68,0,0,3/26/2024,66530.9,FALSE,Same,FALSE,FALSE,Standard,0,Static
5/30/2024,ZAAUTO2024-1-00123,ZAAUTO2024-1,0,Current,Current,2451292.63,0,0,5/4/2024,68470.3,FALSE,Same,FALSE,FALSE,Standard,0,Static
5/30/2024,ZAAUTO2024-1-00123,ZAAUTO2024-1,0,Current,Current,2317993.44,0,0,5/12/2024,61466.84,FALSE,Same,FALSE,FALSE,Standard,0,Static
6/30/2024,ZAAUTO2024-1-00123,ZAAUTO2024-1,0,Current,Current,2425186.61,0,0,6/29/2024,63838.4,FALSE,Same,FALSE,FALSE,Standard,0,Static
7/30/2024,ZAAUTO2024-1-00123,ZAAUTO2024-1,0,Current,Current,2272199.85,0,0,7/1/2024,67563.81,FALSE,Same,FALSE,FALSE,Standard,0,Static
8/30/2024,ZAAUTO2024-1-00123,ZAAUTO2024-1,0,Current,Current,2306001.75,0,0,8/29/2024,68731.25,FALSE,Same,FALSE,FALSE,Standard,0,Static
9/30/2024,ZAAUTO2024-1-00123,ZAAUTO2024-1,0,Current,Current,2222457.62,0,0,9/22/2024,67724.17,FALSE,Same,FALSE,FALSE,Standard,0,Static
10/30/2024,ZAAUTO2024-1-00123,ZAAUTO2024-1,0,Current,Current,2175484.82,0,0,10/7/2024,65286.91,FALSE,Same,FALSE,FALSE,Standard,0,Static
12/30/2023,ZAAUTO2024-1-00124,ZAAUTO2024-1,0,Current,Current,346797.64,0,0,12/25/2023,18517.07,FALSE,Same,FALSE,FALSE,Standard,0,Static
1/30/2024,ZAAUTO2024-1-00124,ZAAUTO2024-1,0,Current,Current,339317.81,0,0,1/27/2024,18221.38,FALSE,Same,FALSE,FALSE,Standard,0,Static
2/28/2024,ZAAUTO2024-1-00124,ZAAUTO2024-1,0,Current,Current,342172.5,0,0,2/5/2024,19265.32,FALSE,Same,FALSE,FALSE,Standard,0,Static
3/30/2024,ZAAUTO2024-1-00124,ZAAUTO2024-1,0,Current,Current,312750.41,0,0,3/7/2024,18083.26,FALSE,Same,FALSE,FALSE,Standard,0,Static
4/30/2024,ZAAUTO2024-1-00124,ZAAUTO2024-1,0,Current,Current,300660.11,0,0,4/7/2024,17271.9,FALSE,Same,FALSE,FALSE,Standard,0,Static
5/30/2024,ZAAUTO2024-1-00124,ZAAUTO2024-1,0,Current,Current,301212.32,0,0,5/26/2024,18350.1,FALSE,Same,FALSE,FALSE,Standard,0,Static
5/30/2024,ZAAUTO2024-1-00124,ZAAUTO2024-1,0,Current,Current,294738.19,0,0,5/22/2024,19526.2,FALSE,Same,FALSE,FALSE,Standard,0,Static
6/30/2024,ZAAUTO2024-1-00124,ZAAUTO2024-1,37,30-59 DPD,Current,279059.1,18646.32,1,5/31/2024,8249.65,FALSE,Worse,FALSE,FALSE,SMA-1,1,Roll
7/30/2024,ZAAUTO2024-1-00124,ZAAUTO2024-1,84,60-89 DPD,30-59 DPD,268956.11,37292.64,2,7/17/2024,8426.35,FALSE,Worse,FALSE,FALSE,SMA-2,2,Roll
8/30/2024,ZAAUTO2024-1-00124,ZAAUTO2024-1,84,60-89 DPD,60-89 DPD,251584.88,37292.64,2,8/8/2024,10045.89,FALSE,Same,FALSE,FALSE,SMA-2,3,Static
9/30/2024,ZAAUTO2024-1-00124,ZAAUTO2024-1,106,90-119 DPD,60-89 DPD,248897.18,55938.96,3,9/13/2024,609.29,FALSE,Worse,FALSE,FALSE,NPA,4,Roll
10/30/2024,ZAAUTO2024-1-00124,ZAAUTO2024-1,101,90-119 DPD,90-119 DPD,232323.95,55938.96,3,9/29/2024,5610.12,FALSE,Same,FALSE,FALSE,NPA,5,Static
12/30/2023,ZAAUTO2024-1-00125,ZAAUTO2024-1,7,1-29 DPD,Current,512977.64,19966.58,1,12/1/2023,1045.95,FALSE,Worse,FALSE,FALSE,SMA-0,1,Roll
1/30/2024,ZAAUTO2024-1-00125,ZAAUTO2024-1,13,1-29 DPD,1-29 DPD,503972.94,19966.58,1,1/12/2024,11479.86,FALSE,Same,FALSE,FALSE,SMA-0,2,Static
2/28/2024,ZAAUTO2024-1-00125,ZAAUTO2024-1,0,Current,1-29 DPD,466681.37,0,0,2/18/2024,18796.37,TRUE,Better,FALSE,FALSE,Standard,0,Cure
3/30/2024,ZAAUTO2024-1-00125,ZAAUTO2024-1,0,Current,Current,478794.72,0,0,2/28/2024,18420.66,FALSE,Same,FALSE,FALSE,Standard,0,Static
4/30/2024,ZAAUTO2024-1-00125,ZAAUTO2024-1,0,Current,Current,453480.39,0,0,4/29/2024,18847.96,FALSE,Same,FALSE,FALSE,Standard,0,Static
5/30/2024,ZAAUTO2024-1-00125,ZAAUTO2024-1,0,Current,Current,469409.17,0,0,4/26/2024,20760.42,FALSE,Same,FALSE,FALSE,Standard,0,Static
5/30/2024,ZAAUTO2024-1-00125,ZAAUTO2024-1,0,Current,Current,444459.24,0,0,5/4/2024,19299.28,FALSE,Same,FALSE,FALSE,Standard,0,Static
6/30/2024,ZAAUTO2024-1-00125,ZAAUTO2024-1,0,Current,Current,440805.84,0,0,6/12/2024,18536.16,FALSE,Same,FALSE,FALSE,Standard,0,Static
7/30/2024,ZAAUTO2024-1-00125,ZAAUTO2024-1,0,Current,Current,412838.16,0,0,7/16/2024,20470.58,FALSE,Same,FALSE,FALSE,Standard,0,Static
8/30/2024,ZAAUTO2024-1-00125,ZAAUTO2024-1,0,Current,Current,418971.98,0,0,8/9/2024,19202.93,FALSE,Same,FALSE,FALSE,Standard,0,Static
9/30/2024,ZAAUTO2024-1-00125,ZAAUTO2024-1,0,Current,Current,404849.01,0,0,9/10/2024,19425.93,FALSE,Same,FALSE,FALSE,Standard,0,Static
10/30/2024,ZAAUTO2024-1-00125,ZAAUTO2024-1,81,60-89 DPD,Current,406060.18,39933.16,2,9/25/2024,5334.15,FALSE,Worse,FALSE,FALSE,SMA-2,1,Roll
12/30/2023,ZAAUTO2024-1-00126,ZAAUTO2024-1,0,Current,Current,627971.77,0,0,12/20/2023,18500.52,FALSE,Same,FALSE,FALSE,Standard,0,Static
1/30/2024,ZAAUTO2024-1-00126,ZAAUTO2024-1,0,Current,Current,623298.54,0,0,1/19/2024,18852.02,FALSE,Same,FALSE,FALSE,Standard,0,Static
2/28/2024,ZAAUTO2024-1-00126,ZAAUTO2024-1,0,Current,Current,631228.83,0,0,2/19/2024,16982.96,FALSE,Same,FALSE,FALSE,Standard,0,Static
3/30/2024,ZAAUTO2024-1-00126,ZAAUTO2024-1,4,1-29 DPD,Current,592459.71,18376.08,1,3/10/2024,6334.51,FALSE,Worse,FALSE,FALSE,SMA-0,1,Roll
4/30/2024,ZAAUTO2024-1-00126,ZAAUTO2024-1,15,1-29 DPD,1-29 DPD,591912.94,18376.08,1,4/19/2024,2261.97,FALSE,Same,FALSE,FALSE,SMA-0,2,Static
5/30/2024,ZAAUTO2024-1-00126,ZAAUTO2024-1,0,Current,1-29 DPD,600614.69,0,0,5/10/2024,19234.31,TRUE,Better,FALSE,FALSE,Standard,0,Cure
5/30/2024,ZAAUTO2024-1-00126,ZAAUTO2024-1,0,Current,Current,567085.47,0,0,5/2/2024,18026.57,FALSE,Same,FALSE,FALSE,Standard,0,Static
6/30/2024,ZAAUTO2024-1-00126,ZAAUTO2024-1,0,Current,Current,557673.09,0,0,6/11/2024,16873.35,FALSE,Same,FALSE,FALSE,Standard,0,Static
7/30/2024,ZAAUTO2024-1-00126,ZAAUTO2024-1,0,Current,Current,542165.21,0,0,6/29/2024,18656.82,FALSE,Same,FALSE,FALSE,Standard,0,Static
8/30/2024,ZAAUTO2024-1-00126,ZAAUTO2024-1,0,Current,Current,568374.3,0,0,8/10/2024,16968.62,FALSE,Same,FALSE,FALSE,Standard,0,Static
9/30/2024,ZAAUTO2024-1-00126,ZAAUTO2024-1,0,Current,Current,558642.52,0,0,8/27/2024,19227.63,FALSE,Same,FALSE,FALSE,Standard,0,Static
10/30/2024,ZAAUTO2024-1-00126,ZAAUTO2024-1,0,Current,Current,523958.01,0,0,10/12/2024,17844.77,FALSE,Same,FALSE,FALSE,Standard,0,Static
12/30/2023,ZAAUTO2024-1-00127,ZAAUTO2024-1,0,Current,Current,626470.14,0,0,11/25/2023,29856.56,FALSE,Same,FALSE,FALSE,Standard,0,Static
1/30/2024,ZAAUTO2024-1-00127,ZAAUTO2024-1,0,Current,Current,607628.99,0,0,1/16/2024,31462.89,FALSE,Same,FALSE,FALSE,Standard,0,Static
2/28/2024,ZAAUTO2024-1-00127,ZAAUTO2024-1,0,Current,Current,596982.57,0,0,2/25/2024,32254.49,FALSE,Same,FALSE,FALSE,Standard,0,Static
3/30/2024,ZAAUTO2024-1-00127,ZAAUTO2024-1,0,Current,Current,587694.13,0,0,2/26/2024,30370.38,FALSE,Same,FALSE,FALSE,Standard,0,Static
4/30/2024,ZAAUTO2024-1-00127,ZAAUTO2024-1,0,Current,Current,604791.67,0,0,4/13/2024,30241.38,FALSE,Same,FALSE,FALSE,Standard,0,Static
5/30/2024,ZAAUTO2024-1-00127,ZAAUTO2024-1,0,Current,Current,555606.71,0,0,5/2/2024,32590.85,FALSE,Same,FALSE,FALSE,Standard,0,Static
5/30/2024,ZAAUTO2024-1-00127,ZAAUTO2024-1,0,Current,Current,576633.17,0,0,4/28/2024,31211.28,FALSE,Same,FALSE,FALSE,Standard,0,Static
6/30/2024,ZAAUTO2024-1-00127,ZAAUTO2024-1,0,Current,Current,544022.9,0,0,5/29/2024,33890.85,FALSE,Same,FALSE,FALSE,Standard,0,Static
7/30/2024,ZAAUTO2024-1-00127,ZAAUTO2024-1,22,1-29 DPD,Current,525076.6,32540.1,1,7/21/2024,13978.52,FALSE,Worse,FALSE,FALSE,SMA-0,1,Roll
8/30/2024,ZAAUTO2024-1-00127,ZAAUTO2024-1,0,Current,1-29 DPD,513578.95,0,0,8/6/2024,31105.88,TRUE,Better,FALSE,FALSE,Standard,0,Cure
9/30/2024,ZAAUTO2024-1-00127,ZAAUTO2024-1,0,Current,Current,494469.49,0,0,9/8/2024,30789.86,FALSE,Same,FALSE,FALSE,Standard,0,Static
10/30/2024,ZAAUTO2024-1-00127,ZAAUTO2024-1,0,Current,Current,486187.65,0,0,9/25/2024,29713.66,FALSE,Same,FALSE,FALSE,Standard,0,Static
12/30/2023,ZAAUTO2024-1-00128,ZAAUTO2024-1,0,Current,Current,623754.51,0,0,12/17/2023,23958.85,FALSE,Same,FALSE,FALSE,Standard,0,Static
1/30/2024,ZAAUTO2024-1-00128,ZAAUTO2024-1,0,Current,Current,649735.64,0,0,12/28/2023,26556.51,FALSE,Same,FALSE,FALSE,Standard,0,Static
2/28/2024,ZAAUTO2024-1-00128,ZAAUTO2024-1,0,Current,Current,594315.66,0,0,2/4/2024,23142.45,FALSE,Same,FALSE,FALSE,Standard,0,Static
3/30/2024,ZAAUTO2024-1-00128,ZAAUTO2024-1,0,Current,Current,594655.73,0,0,3/13/2024,24381.84,FALSE,Same,FALSE,FALSE,Standard,0,Static
4/30/2024,ZAAUTO2024-1-00128,ZAAUTO2024-1,18,1-29 DPD,Current,582217.76,25340.28,1,4/22/2024,3029.55,FALSE,Worse,FALSE,FALSE,SMA-0,1,Roll
5/30/2024,ZAAUTO2024-1-00128,ZAAUTO2024-1,0,Current,1-29 DPD,582510.04,0,0,5/12/2024,24911.52,TRUE,Better,FALSE,FALSE,Standard,0,Cure
5/30/2024,ZAAUTO2024-1-00128,ZAAUTO2024-1,0,Current,Current,536320.47,0,0,5/11/2024,25978.55,FALSE,Same,FALSE,FALSE,Standard,0,Static
6/30/2024,ZAAUTO2024-1-00128,ZAAUTO2024-1,10,1-29 DPD,Current,539410.93,25340.28,1,6/1/2024,3413.64,FALSE,Worse,FALSE,FALSE,SMA-0,1,Roll
7/30/2024,ZAAUTO2024-1-00128,ZAAUTO2024-1,26,1-29 DPD,1-29 DPD,506359.1,25340.28,1,7/14/2024,4563.83,FALSE,Same,FALSE,FALSE,SMA-0,2,Static
8/30/2024,ZAAUTO2024-1-00128,ZAAUTO2024-1,0,Current,1-29 DPD,515298.68,0,0,7/31/2024,23278.25,TRUE,Better,FALSE,FALSE,Standard,0,Cure
9/30/2024,ZAAUTO2024-1-00128,ZAAUTO2024-1,0,Current,Current,501327.21,0,0,9/12/2024,24391.88,FALSE,Same,FALSE,FALSE,Standard,0,Static
10/30/2024,ZAAUTO2024-1-00128,ZAAUTO2024-1,0,Current,Current,480490.46,0,0,10/15/2024,22914.36,FALSE,Same,FALSE,FALSE,Standard,0,Static
12/30/2023,ZAAUTO2024-1-00129,ZAAUTO2024-1,12,1-29 DPD,Current,649394.59,14494.45,1,12/29/2023,7351.12,FALSE,Worse,FALSE,FALSE,SMA-0,1,Roll
1/30/2024,ZAAUTO2024-1-00129,ZAAUTO2024-1,6,1-29 DPD,1-29 DPD,641265.58,14494.45,1,1/21/2024,2780.16,FALSE,Same,FALSE,FALSE,SMA-0,2,Static
2/28/2024,ZAAUTO2024-1-00129,ZAAUTO2024-1,0,Current,1-29 DPD,643153.49,0,0,2/20/2024,13822.02,TRUE,Better,FALSE,FALSE,Standard,0,Cure
3/30/2024,ZAAUTO2024-1-00129,ZAAUTO2024-1,0,Current,Current,595520.25,0,0,3/7/2024,13957.1,FALSE,Same,FALSE,FALSE,Standard,0,Static
4/30/2024,ZAAUTO2024-1-00129,ZAAUTO2024-1,0,Current,Current,621496.01,0,0,4/8/2024,13150.92,FALSE,Same,FALSE,FALSE,Standard,0,Static
5/30/2024,ZAAUTO2024-1-00129,ZAAUTO2024-1,0,Current,Current,583788,0,0,5/26/2024,14162.24,FALSE,Same,FALSE,FALSE,Standard,0,Static
5/30/2024,ZAAUTO2024-1-00129,ZAAUTO2024-1,0,Current,Current,592317.17,0,0,5/19/2024,14707.57,FALSE,Same,FALSE,FALSE,Standard,0,Static
6/30/2024,ZAAUTO2024-1-00129,ZAAUTO2024-1,0,Current,Current,574059.95,0,0,6/20/2024,14227.13,FALSE,Same,FALSE,FALSE,Standard,0,Static
7/30/2024,ZAAUTO2024-1-00129,ZAAUTO2024-1,28,1-29 DPD,Current,551509.04,14494.45,1,7/11/2024,2360.79,FALSE,Worse,FALSE,FALSE,SMA-0,1,Roll
8/30/2024,ZAAUTO2024-1-00129,ZAAUTO2024-1,0,Current,1-29 DPD,555260.02,0,0,8/7/2024,13253.36,TRUE,Better,FALSE,FALSE,Standard,0,Cure
9/30/2024,ZAAUTO2024-1-00129,ZAAUTO2024-1,0,Current,Current,539356.24,0,0,9/21/2024,13073.05,FALSE,Same,FALSE,FALSE,Standard,0,Static
10/30/2024,ZAAUTO2024-1-00129,ZAAUTO2024-1,0,Current,Current,525732.26,0,0,10/7/2024,14738.26,FALSE,Same,FALSE,FALSE,Standard,0,Static
12/30/2023,ZAAUTO2024-1-00130,ZAAUTO2024-1,23,1-29 DPD,Current,1469900,29444.9,1,12/23/2023,7373.23,FALSE,Worse,FALSE,FALSE,SMA-0,1,Roll
1/30/2024,ZAAUTO2024-1-00130,ZAAUTO2024-1,3,1-29 DPD,1-29 DPD,1469900,29444.9,1,1/22/2024,16313.82,FALSE,Same,FALSE,FALSE,SMA-0,2,Static
2/28/2024,ZAAUTO2024-1-00130,ZAAUTO2024-1,0,Current,1-29 DPD,1469900,0,0,2/9/2024,29552.6,TRUE,Better,FALSE,FALSE,Standard,0,Cure
3/30/2024,ZAAUTO2024-1-00130,ZAAUTO2024-1,0,Current,Current,1469900,0,0,3/2/2024,30430.1,FALSE,Same,FALSE,FALSE,Standard,0,Static
4/30/2024,ZAAUTO2024-1-00130,ZAAUTO2024-1,0,Current,Current,1469900,0,0,4/9/2024,27261,FALSE,Same,FALSE,FALSE,Standard,0,Static
5/30/2024,ZAAUTO2024-1-00130,ZAAUTO2024-1,0,Current,Current,1469900,0,0,5/23/2024,27482.51,FALSE,Same,FALSE,FALSE,Standard,0,Static
5/30/2024,ZAAUTO2024-1-00130,ZAAUTO2024-1,0,Current,Current,1469900,0,0,5/21/2024,29539.33,FALSE,Same,FALSE,FALSE,Standard,0,Static
6/30/2024,ZAAUTO2024-1-00130,ZAAUTO2024-1,0,Current,Current,1469900,0,0,6/17/2024,27075.55,FALSE,Same,FALSE,FALSE,Standard,0,Static
7/30/2024,ZAAUTO2024-1-00130,ZAAUTO2024-1,0,Current,Current,1425560.29,0,0,7/23/2024,26843.75,FALSE,Same,FALSE,FALSE,Standard,0,Static
8/30/2024,ZAAUTO2024-1-00130,ZAAUTO2024-1,0,Current,Current,1469900,0,0,8/3/2024,26688.2,FALSE,Same,FALSE,FALSE,Standard,0,Static
9/30/2024,ZAAUTO2024-1-00130,ZAAUTO2024-1,0,Current,Current,1386386.17,0,0,8/29/2024,29120.31,FALSE,Same,FALSE,FALSE,Standard,0,Static
10/30/2024,ZAAUTO2024-1-00130,ZAAUTO2024-1,16,1-29 DPD,Current,1366382.03,29444.9,1,10/14/2024,764.65,FALSE,Worse,FALSE,FALSE,SMA-0,1,Roll
12/30/2023,ZAAUTO2024-1-00131,ZAAUTO2024-1,0,Current,Current,231156.35,0,0,12/8/2023,11663,FALSE,Same,FALSE,FALSE,Standard,0,Static
1/30/2024,ZAAUTO2024-1-00131,ZAAUTO2024-1,0,Current,Current,234878.72,0,0,1/15/2024,11943.37,FALSE,Same,FALSE,FALSE,Standard,0,Static
2/28/2024,ZAAUTO2024-1-00131,ZAAUTO2024-1,0,Current,Current,216470.45,0,0,2/28/2024,11987.31,FALSE,Same,FALSE,FALSE,Standard,0,Static
3/30/2024,ZAAUTO2024-1-00131,ZAAUTO2024-1,0,Current,Current,220882.09,0,0,3/12/2024,11331.72,FALSE,Same,FALSE,FALSE,Standard,0,Static
4/30/2024,ZAAUTO2024-1-00131,ZAAUTO2024-1,0,Current,Current,215592.96,0,0,4/30/2024,12803.88,FALSE,Same,FALSE,FALSE,Standard,0,Static
5/30/2024,ZAAUTO2024-1-00131,ZAAUTO2024-1,0,Current,Current,200119.61,0,0,5/17/2024,12706.38,FALSE,Same,FALSE,FALSE,Standard,0,Static
5/30/2024,ZAAUTO2024-1-00131,ZAAUTO2024-1,0,Current,Current,205217.5,0,0,4/30/2024,11689.18,FALSE,Same,FALSE,FALSE,Standard,0,Static
6/30/2024,ZAAUTO2024-1-00131,ZAAUTO2024-1,0,Current,Current,195678.52,0,0,6/2/2024,12252.96,FALSE,Same,FALSE,FALSE,Standard,0,Static
7/30/2024,ZAAUTO2024-1-00131,ZAAUTO2024-1,0,Current,Current,183402.94,0,0,7/8/2024,12818.06,FALSE,Same,FALSE,FALSE,Standard,0,Static
8/30/2024,ZAAUTO2024-1-00131,ZAAUTO2024-1,0,Current,Current,181905.73,0,0,7/29/2024,11434.14,FALSE,Same,FALSE,FALSE,Standard,0,Static
9/30/2024,ZAAUTO2024-1-00131,ZAAUTO2024-1,0,Current,Current,172243.68,0,0,9/10/2024,11243.3,FALSE,Same,FALSE,FALSE,Standard,0,Static
10/30/2024,ZAAUTO2024-1-00131,ZAAUTO2024-1,0,Current,Current,166596.24,0,0,10/22/2024,11926.68,FALSE,Same,FALSE,FALSE,Standard,0,Static
12/30/2023,ZAAUTO2024-1-00132,ZAAUTO2024-1,0,Current,Current,724200,0,0,12/3/2023,11349.24,FALSE,Same,FALSE,FALSE,Standard,0,Static
1/30/2024,ZAAUTO2024-1-00132,ZAAUTO2024-1,0,Current,Current,701891.55,0,0,12/31/2023,12725.17,FALSE,Same,FALSE,FALSE,Standard,0,Static
2/28/2024,ZAAUTO2024-1-00132,ZAAUTO2024-1,0,Current,Current,706617.07,0,0,2/28/2024,12834.54,FALSE,Same,FALSE,FALSE,Standard,0,Static
3/30/2024,ZAAUTO2024-1-00132,ZAAUTO2024-1,0,Current,Current,702219.92,0,0,3/24/2024,11729.92,FALSE,Same,FALSE,FALSE,Standard,0,Static
4/30/2024,ZAAUTO2024-1-00132,ZAAUTO2024-1,0,Current,Current,693051.27,0,0,4/25/2024,11221.67,FALSE,Same,FALSE,FALSE,Standard,0,Static
5/30/2024,ZAAUTO2024-1-00132,ZAAUTO2024-1,0,Current,Current,676144.37,0,0,5/24/2024,12362.71,FALSE,Same,FALSE,FALSE,Standard,0,Static
5/30/2024,ZAAUTO2024-1-00132,ZAAUTO2024-1,0,Current,Current,689236.88,0,0,5/20/2024,11121.71,FALSE,Same,FALSE,FALSE,Standard,0,Static
6/30/2024,ZAAUTO2024-1-00132,ZAAUTO2024-1,0,Current,Current,682120.13,0,0,6/9/2024,11370.29,FALSE,Same,FALSE,FALSE,Standard,0,Static
7/30/2024,ZAAUTO2024-1-00132,ZAAUTO2024-1,0,Current,Current,665007.28,0,0,7/5/2024,11228.17,FALSE,Same,FALSE,FALSE,Standard,0,Static
8/30/2024,ZAAUTO2024-1-00132,ZAAUTO2024-1,0,Current,Current,653777.01,0,0,7/30/2024,11513.8,FALSE,Same,FALSE,FALSE,Standard,0,Static
9/30/2024,ZAAUTO2024-1-00132,ZAAUTO2024-1,0,Current,Current,637260.67,0,0,9/13/2024,12389.98,FALSE,Same,FALSE,FALSE,Standard,0,Static
10/30/2024,ZAAUTO2024-1-00132,ZAAUTO2024-1,0,Current,Current,630234.76,0,0,10/5/2024,11656.07,FALSE,Same,FALSE,FALSE,Standard,0,Static
12/30/2023,ZAAUTO2024-1-00133,ZAAUTO2024-1,0,Current,Current,811900,0,0,12/26/2023,16011.73,FALSE,Same,FALSE,FALSE,Standard,0,Static
1/30/2024,ZAAUTO2024-1-00133,ZAAUTO2024-1,0,Current,Current,784417.6,0,0,1/19/2024,15727.13,FALSE,Same,FALSE,FALSE,Standard,0,Static
2/28/2024,ZAAUTO2024-1-00133,ZAAUTO2024-1,0,Current,Current,809906.22,0,0,2/19/2024,15530.3,FALSE,Same,FALSE,FALSE,Standard,0,Static
3/30/2024,ZAAUTO2024-1-00133,ZAAUTO2024-1,0,Current,Current,794624.3,0,0,3/26/2024,16413.24,FALSE,Same,FALSE,FALSE,Standard,0,Static
4/30/2024,ZAAUTO2024-1-00133,ZAAUTO2024-1,0,Current,Current,776829.6,0,0,3/30/2024,16737.63,FALSE,Same,FALSE,FALSE,Standard,0,Static
5/30/2024,ZAAUTO2024-1-00133,ZAAUTO2024-1,0,Current,Current,747556.22,0,0,4/29/2024,15992.3,FALSE,Same,FALSE,FALSE,Standard,0,Static
5/30/2024,ZAAUTO2024-1-00133,ZAAUTO2024-1,0,Current,Current,739005.65,0,0,5/9/2024,16778.9,FALSE,Same,FALSE,FALSE,Standard,0,Static
6/30/2024,ZAAUTO2024-1-00133,ZAAUTO2024-1,0,Current,Current,741873.02,0,0,6/29/2024,17131.51,FALSE,Same,FALSE,FALSE,Standard,0,Static
7/30/2024,ZAAUTO2024-1-00133,ZAAUTO2024-1,2,1-29 DPD,Current,753125.2,16427,1,7/23/2024,3781.13,FALSE,Worse,FALSE,FALSE,SMA-0,1,Roll
8/30/2024,ZAAUTO2024-1-00133,ZAAUTO2024-1,11,1-29 DPD,1-29 DPD,733699.88,16427,1,8/2/2024,4530.46,FALSE,Same,FALSE,FALSE,SMA-0,2,Static
9/30/2024,ZAAUTO2024-1-00133,ZAAUTO2024-1,0,Current,1-29 DPD,680391.82,0,0,8/26/2024,16409.12,TRUE,Better,FALSE,FALSE,Standard,0,Cure
10/30/2024,ZAAUTO2024-1-00133,ZAAUTO2024-1,0,Current,Current,705493.69,0,0,10/20/2024,15995.33,FALSE,Same,FALSE,FALSE,Standard,0,Static
12/30/2023,ZAAUTO2024-1-00134,ZAAUTO2024-1,0,Current,Current,131008.33,0,0,11/29/2023,4195.98,FALSE,Same,FALSE,FALSE,Standard,0,Static
1/30/2024,ZAAUTO2024-1-00134,ZAAUTO2024-1,0,Current,Current,127496,0,0,1/8/2024,4307.66,FALSE,Same,FALSE,FALSE,Standard,0,Static
2/28/2024,ZAAUTO2024-1-00134,ZAAUTO2024-1,0,Current,Current,123280.49,0,0,2/25/2024,3837.63,FALSE,Same,FALSE,FALSE,Standard,0,Static
3/30/2024,ZAAUTO2024-1-00134,ZAAUTO2024-1,0,Current,Current,117847.06,0,0,3/7/2024,4041.81,FALSE,Same,FALSE,FALSE,Standard,0,Static
4/30/2024,ZAAUTO2024-1-00134,ZAAUTO2024-1,0,Current,Current,120405.61,0,0,4/29/2024,4306.84,FALSE,Same,FALSE,FALSE,Standard,0,Static
5/30/2024,ZAAUTO2024-1-00134,ZAAUTO2024-1,0,Current,Current,115977.34,0,0,5/6/2024,3881.68,FALSE,Same,FALSE,FALSE,Standard,0,Static
5/30/2024,ZAAUTO2024-1-00134,ZAAUTO2024-1,0,Current,Current,110312.91,0,0,5/8/2024,4081.95,FALSE,Same,FALSE,FALSE,Standard,0,Static
6/30/2024,ZAAUTO2024-1-00134,ZAAUTO2024-1,0,Current,Current,104717.64,0,0,6/15/2024,3977.34,FALSE,Same,FALSE,FALSE,Standard,0,Static
7/30/2024,ZAAUTO2024-1-00134,ZAAUTO2024-1,0,Current,Current,105813.36,0,0,7/25/2024,4399.28,FALSE,Same,FALSE,FALSE,Standard,0,Static
8/30/2024,ZAAUTO2024-1-00134,ZAAUTO2024-1,0,Current,Current,98169.05,0,0,8/11/2024,3892.58,FALSE,Same,FALSE,FALSE,Standard,0,Static
9/30/2024,ZAAUTO2024-1-00134,ZAAUTO2024-1,0,Current,Current,95585.35,0,0,8/27/2024,4027.32,FALSE,Same,FALSE,FALSE,Standard,0,Static
10/30/2024,ZAAUTO2024-1-00134,ZAAUTO2024-1,0,Current,Current,94205.47,0,0,10/3/2024,4181.34,FALSE,Same,FALSE,FALSE,Standard,0,Static
12/30/2023,ZAAUTO2024-1-00135,ZAAUTO2024-1,0,Current,Current,1486678.38,0,0,11/28/2023,74792.22,FALSE,Same,FALSE,FALSE,Standard,0,Static
1/30/2024,ZAAUTO2024-1-00135,ZAAUTO2024-1,0,Current,Current,1489490.09,0,0,1/20/2024,72633.16,FALSE,Same,FALSE,FALSE,Standard,0,Static
2/28/2024,ZAAUTO2024-1-00135,ZAAUTO2024-1,0,Current,Current,1425763.69,0,0,2/1/2024,68097.51,FALSE,Same,FALSE,FALSE,Standard,0,Static
3/30/2024,ZAAUTO2024-1-00135,ZAAUTO2024-1,0,Current,Current,1421061.77,0,0,3/26/2024,75109.81,FALSE,Same,FALSE,FALSE,Standard,0,Static
4/30/2024,ZAAUTO2024-1-00135,ZAAUTO2024-1,0,Current,Current,1378782.9,0,0,4/12/2024,68793.63,FALSE,Same,FALSE,FALSE,Standard,0,Static
5/30/2024,ZAAUTO2024-1-00135,ZAAUTO2024-1,0,Current,Current,1323702.73,0,0,5/5/2024,74716.96,FALSE,Same,FALSE,FALSE,Standard,0,Static
5/30/2024,ZAAUTO2024-1-00135,ZAAUTO2024-1,0,Current,Current,1322418.81,0,0,5/25/2024,73762.81,FALSE,Same,FALSE,FALSE,Standard,0,Static
6/30/2024,ZAAUTO2024-1-00135,ZAAUTO2024-1,78,60-89 DPD,Current,1241757.24,146404.74,2,6/9/2024,12006.58,FALSE,Worse,FALSE,FALSE,SMA-2,1,Roll
7/30/2024,ZAAUTO2024-1-00135,ZAAUTO2024-1,78,60-89 DPD,60-89 DPD,1273024.99,146404.74,2,6/30/2024,18759.1,FALSE,Same,FALSE,FALSE,SMA-2,2,Static
8/30/2024,ZAAUTO2024-1-00135,ZAAUTO2024-1,71,60-89 DPD,60-89 DPD,1239624.45,146404.74,2,8/11/2024,22164.49,FALSE,Same,FALSE,FALSE,SMA-2,3,Static
9/30/2024,ZAAUTO2024-1-00135,ZAAUTO2024-1,196,120+ DPD,60-89 DPD,1176246.84,439214.22,6,8/27/2024,13762.91,FALSE,Worse,FALSE,FALSE,NPA,4,Roll
10/30/2024,ZAAUTO2024-1-00135,ZAAUTO2024-1,226,120+ DPD,120+ DPD,1141666.56,512416.59,7,9/28/2024,19906.44,FALSE,Same,FALSE,FALSE,NPA,5,Static
12/30/2023,ZAAUTO2024-1-00136,ZAAUTO2024-1,0,Current,Current,311400,0,0,12/3/2023,5896.2,FALSE,Same,FALSE,FALSE,Standard,0,Static
1/30/2024,ZAAUTO2024-1-00136,ZAAUTO2024-1,0,Current,Current,311400,0,0,1/27/2024,5545.59,FALSE,Same,FALSE,FALSE,Standard,0,Static
2/28/2024,ZAAUTO2024-1-00136,ZAAUTO2024-1,12,1-29 DPD,Current,311400,5668.36,1,2/13/2024,511.76,FALSE,Worse,FALSE,FALSE,SMA-0,1,Roll
3/30/2024,ZAAUTO2024-1-00136,ZAAUTO2024-1,22,1-29 DPD,1-29 DPD,311400,5668.36,1,3/3/2024,1395.3,FALSE,Same,FALSE,FALSE,SMA-0,2,Static
4/30/2024,ZAAUTO2024-1-00136,ZAAUTO2024-1,0,Current,1-29 DPD,311400,0,0,4/26/2024,5640.52,TRUE,Better,FALSE,FALSE,Standard,0,Cure
5/30/2024,ZAAUTO2024-1-00136,ZAAUTO2024-1,0,Current,Current,311400,0,0,5/13/2024,5801.89,FALSE,Same,FALSE,FALSE,Standard,0,Static
5/30/2024,ZAAUTO2024-1-00136,ZAAUTO2024-1,0,Current,Current,311400,0,0,5/14/2024,5685.53,FALSE,Same,FALSE,FALSE,Standard,0,Static
6/30/2024,ZAAUTO2024-1-00136,ZAAUTO2024-1,0,Current,Current,310006.47,0,0,6/15/2024,5198.08,FALSE,Same,FALSE,FALSE,Standard,0,Static
7/30/2024,ZAAUTO2024-1-00136,ZAAUTO2024-1,0,Current,Current,304513.59,0,0,7/15/2024,5779.21,FALSE,Same,FALSE,FALSE,Standard,0,Static
8/30/2024,ZAAUTO2024-1-00136,ZAAUTO2024-1,0,Current,Current,302599.16,0,0,7/30/2024,5577.52,FALSE,Same,FALSE,FALSE,Standard,0,Static
9/30/2024,ZAAUTO2024-1-00136,ZAAUTO2024-1,0,Current,Current,300756.77,0,0,9/28/2024,5273.27,FALSE,Same,FALSE,FALSE,Standard,0,Static
10/30/2024,ZAAUTO2024-1-00136,ZAAUTO2024-1,38,30-59 DPD,Current,289839.8,5668.36,1,10/14/2024,2685.68,FALSE,Worse,FALSE,FALSE,SMA-1,1,Roll
12/30/2023,ZAAUTO2024-1-00137,ZAAUTO2024-1,0,Current,Current,562638.23,0,0,12/7/2023,24630.03,FALSE,Same,FALSE,FALSE,Standard,0,Static
1/30/2024,ZAAUTO2024-1-00137,ZAAUTO2024-1,0,Current,Current,548677.24,0,0,1/5/2024,25632.3,FALSE,Same,FALSE,FALSE,Standard,0,Static
2/28/2024,ZAAUTO2024-1-00137,ZAAUTO2024-1,0,Current,Current,531400.32,0,0,2/20/2024,23021.8,FALSE,Same,FALSE,FALSE,Standard,0,Static
3/30/2024,ZAAUTO2024-1-00137,ZAAUTO2024-1,0,Current,Current,514674.53,0,0,2/27/2024,25594.54,FALSE,Same,FALSE,FALSE,Standard,0,Static
4/30/2024,ZAAUTO2024-1-00137,ZAAUTO2024-1,0,Current,Current,501900.22,0,0,3/28/2024,23080,FALSE,Same,FALSE,FALSE,Standard,0,Static
5/30/2024,ZAAUTO2024-1-00137,ZAAUTO2024-1,0,Current,Current,503540.27,0,0,5/15/2024,24364.77,FALSE,Same,FALSE,FALSE,Standard,0,Static
5/30/2024,ZAAUTO2024-1-00137,ZAAUTO2024-1,0,Current,Current,488474.39,0,0,5/10/2024,23366.03,FALSE,Same,FALSE,FALSE,Standard,0,Static
6/30/2024,ZAAUTO2024-1-00137,ZAAUTO2024-1,0,Current,Current,471003.86,0,0,6/6/2024,25125.35,FALSE,Same,FALSE,FALSE,Standard,0,Static
7/30/2024,ZAAUTO2024-1-00137,ZAAUTO2024-1,0,Current,Current,465151.68,0,0,7/3/2024,22955.22,FALSE,Same,FALSE,FALSE,Standard,0,Static
8/30/2024,ZAAUTO2024-1-00137,ZAAUTO2024-1,0,Current,Current,433782.07,0,0,8/17/2024,25731.09,FALSE,Same,FALSE,FALSE,Standard,0,Static
9/30/2024,ZAAUTO2024-1-00137,ZAAUTO2024-1,0,Current,Current,433405.67,0,0,9/14/2024,25335.99,FALSE,Same,FALSE,FALSE,Standard,0,Static
10/30/2024,ZAAUTO2024-1-00137,ZAAUTO2024-1,0,Current,Current,410914.05,0,0,9/26/2024,23533.71,FALSE,Same,FALSE,FALSE,Standard,0,Static
12/30/2023,ZAAUTO2024-1-00138,ZAAUTO2024-1,0,Current,Current,591636.33,0,0,12/28/2023,37052.96,FALSE,Same,FALSE,FALSE,Standard,0,Static
1/30/2024,ZAAUTO2024-1-00138,ZAAUTO2024-1,0,Current,Current,562532.43,0,0,1/27/2024,36236.29,FALSE,Same,FALSE,FALSE,Standard,0,Static
2/28/2024,ZAAUTO2024-1-00138,ZAAUTO2024-1,0,Current,Current,550677.53,0,0,2/13/2024,33865.74,FALSE,Same,FALSE,FALSE,Standard,0,Static
3/30/2024,ZAAUTO2024-1-00138,ZAAUTO2024-1,0,Current,Current,518797.78,0,0,3/7/2024,37387.04,FALSE,Same,FALSE,FALSE,Standard,0,Static
4/30/2024,ZAAUTO2024-1-00138,ZAAUTO2024-1,22,1-29 DPD,Current,492959.89,36106.22,1,4/15/2024,18579.84,FALSE,Worse,FALSE,FALSE,SMA-0,1,Roll
5/30/2024,ZAAUTO2024-1-00138,ZAAUTO2024-1,13,1-29 DPD,1-29 DPD,472908.44,36106.22,1,5/5/2024,20093.27,FALSE,Same,FALSE,FALSE,SMA-0,2,Static
5/30/2024,ZAAUTO2024-1-00138,ZAAUTO2024-1,9,1-29 DPD,1-29 DPD,466828.43,36106.22,1,5/15/2024,6443.29,FALSE,Same,FALSE,FALSE,SMA-0,3,Static
6/30/2024,ZAAUTO2024-1-00138,ZAAUTO2024-1,0,Current,1-29 DPD,468683.55,0,0,6/20/2024,37456,TRUE,Better,FALSE,FALSE,Standard,0,Cure
7/30/2024,ZAAUTO2024-1-00138,ZAAUTO2024-1,0,Current,Current,444603.87,0,0,7/4/2024,36770.49,FALSE,Same,FALSE,FALSE,Standard,0,Static
8/30/2024,ZAAUTO2024-1-00138,ZAAUTO2024-1,0,Current,Current,417165.25,0,0,8/25/2024,36953.98,FALSE,Same,FALSE,FALSE,Standard,0,Static
9/30/2024,ZAAUTO2024-1-00138,ZAAUTO2024-1,0,Current,Current,420210.17,0,0,8/31/2024,36486.83,FALSE,Same,FALSE,FALSE,Standard,0,Static
10/30/2024,ZAAUTO2024-1-00138,ZAAUTO2024-1,0,Current,Current,402785.72,0,0,10/9/2024,36380.91,FALSE,Same,FALSE,FALSE,Standard,0,Static
12/30/2023,ZAAUTO2024-1-00139,ZAAUTO2024-1,0,Current,Current,1099200,0,0,12/19/2023,36759.88,FALSE,Same,FALSE,FALSE,Standard,0,Static
1/30/2024,ZAAUTO2024-1-00139,ZAAUTO2024-1,0,Current,Current,1099200,0,0,1/22/2024,33283.13,FALSE,Same,FALSE,FALSE,Standard,0,Static
2/28/2024,ZAAUTO2024-1-00139,ZAAUTO2024-1,0,Current,Current,1099200,0,0,2/9/2024,35005.46,FALSE,Same,FALSE,FALSE,Standard,0,Static
3/30/2024,ZAAUTO2024-1-00139,ZAAUTO2024-1,0,Current,Current,1099200,0,0,3/20/2024,34649.97,FALSE,Same,FALSE,FALSE,Standard,0,Static
4/30/2024,ZAAUTO2024-1-00139,ZAAUTO2024-1,0,Current,Current,1099200,0,0,4/22/2024,37961.92,FALSE,Same,FALSE,FALSE,Standard,0,Static
5/30/2024,ZAAUTO2024-1-00139,ZAAUTO2024-1,0,Current,Current,1099200,0,0,5/10/2024,35769.3,FALSE,Same,FALSE,FALSE,Standard,0,Static
5/30/2024,ZAAUTO2024-1-00139,ZAAUTO2024-1,0,Current,Current,1099200,0,0,5/22/2024,34711.38,FALSE,Same,FALSE,FALSE,Standard,0,Static
6/30/2024,ZAAUTO2024-1-00139,ZAAUTO2024-1,0,Current,Current,1099200,0,0,6/10/2024,37698.94,FALSE,Same,FALSE,FALSE,Standard,0,Static
7/30/2024,ZAAUTO2024-1-00139,ZAAUTO2024-1,0,Current,Current,1091311.76,0,0,7/4/2024,35304.18,FALSE,Same,FALSE,FALSE,Standard,0,Static
8/30/2024,ZAAUTO2024-1-00139,ZAAUTO2024-1,0,Current,Current,1090634.77,0,0,8/6/2024,38504.14,FALSE,Same,FALSE,FALSE,Standard,0,Static
9/30/2024,ZAAUTO2024-1-00139,ZAAUTO2024-1,0,Current,Current,1099200,0,0,9/16/2024,33381.04,FALSE,Same,FALSE,FALSE,Standard,0,Static
10/30/2024,ZAAUTO2024-1-00139,ZAAUTO2024-1,0,Current,Current,1030317.3,0,0,9/25/2024,36853.86,FALSE,Same,FALSE,FALSE,Standard,0,Static
12/30/2023,ZAAUTO2024-1-00140,ZAAUTO2024-1,0,Current,Current,371230.03,0,0,12/23/2023,9765.3,FALSE,Same,FALSE,FALSE,Standard,0,Static
1/30/2024,ZAAUTO2024-1-00140,ZAAUTO2024-1,0,Current,Current,353197.56,0,0,1/1/2024,11085.63,FALSE,Same,FALSE,FALSE,Standard,0,Static
2/28/2024,ZAAUTO2024-1-00140,ZAAUTO2024-1,0,Current,Current,345162.45,0,0,2/14/2024,10901.02,FALSE,Same,FALSE,FALSE,Standard,0,Static
3/30/2024,ZAAUTO2024-1-00140,ZAAUTO2024-1,0,Current,Current,330627.27,0,0,3/13/2024,10209.96,FALSE,Same,FALSE,FALSE,Standard,0,Static
4/30/2024,ZAAUTO2024-1-00140,ZAAUTO2024-1,0,Current,Current,330680.56,0,0,4/22/2024,10442.71,FALSE,Same,FALSE,FALSE,Standard,0,Static
5/30/2024,ZAAUTO2024-1-00140,ZAAUTO2024-1,0,Current,Current,316826.87,0,0,5/17/2024,11358.33,FALSE,Same,FALSE,FALSE,Standard,0,Static
5/30/2024,ZAAUTO2024-1-00140,ZAAUTO2024-1,0,Current,Current,311450.35,0,0,5/18/2024,10421.64,FALSE,Same,FALSE,FALSE,Standard,0,Static
6/30/2024,ZAAUTO2024-1-00140,ZAAUTO2024-1,0,Current,Current,307075.81,0,0,6/21/2024,9789.1,FALSE,Same,FALSE,FALSE,Standard,0,Static
7/30/2024,ZAAUTO2024-1-00140,ZAAUTO2024-1,9,1-29 DPD,Current,296166.94,10824.87,1,7/2/2024,5893.03,FALSE,Worse,FALSE,FALSE,SMA-0,1,Roll
8/30/2024,ZAAUTO2024-1-00140,ZAAUTO2024-1,0,Current,1-29 DPD,291867.52,0,0,8/1/2024,9881.6,TRUE,Better,FALSE,FALSE,Standard,0,Cure
9/30/2024,ZAAUTO2024-1-00140,ZAAUTO2024-1,0,Current,Current,286717.1,0,0,9/10/2024,11324.54,FALSE,Same,FALSE,FALSE,Standard,0,Static
10/30/2024,ZAAUTO2024-1-00140,ZAAUTO2024-1,0,Current,Current,278069.1,0,0,10/17/2024,10900.65,FALSE,Same,FALSE,FALSE,Standard,0,Static
12/30/2023,ZAAUTO2024-1-00141,ZAAUTO2024-1,20,1-29 DPD,Current,816000.32,20443.99,1,12/28/2023,65.76,FALSE,Worse,FALSE,FALSE,SMA-0,1,Roll
1/30/2024,ZAAUTO2024-1-00141,ZAAUTO2024-1,17,1-29 DPD,1-29 DPD,795753.82,20443.99,1,1/11/2024,11990.69,FALSE,Same,FALSE,FALSE,SMA-0,2,Static
2/28/2024,ZAAUTO2024-1-00141,ZAAUTO2024-1,22,1-29 DPD,1-29 DPD,766960.59,20443.99,1,1/24/2024,504.46,FALSE,Same,FALSE,FALSE,SMA-0,3,Static
3/30/2024,ZAAUTO2024-1-00141,ZAAUTO2024-1,0,Current,1-29 DPD,741784.2,0,0,3/20/2024,19944.38,TRUE,Better,FALSE,FALSE,Standard,0,Cure
4/30/2024,ZAAUTO2024-1-00141,ZAAUTO2024-1,0,Current,Current,766854.28,0,0,4/1/2024,18804.14,FALSE,Same,FALSE,FALSE,Standard,0,Static
5/30/2024,ZAAUTO2024-1-00141,ZAAUTO2024-1,0,Current,Current,719650.93,0,0,4/27/2024,19727.21,FALSE,Same,FALSE,FALSE,Standard,0,Static
5/30/2024,ZAAUTO2024-1-00141,ZAAUTO2024-1,0,Current,Current,701975.29,0,0,5/10/2024,18535.02,FALSE,Same,FALSE,FALSE,Standard,0,Static
6/30/2024,ZAAUTO2024-1-00141,ZAAUTO2024-1,0,Current,Current,680663.42,0,0,6/13/2024,20692.87,FALSE,Same,FALSE,FALSE,Standard,0,Static
7/30/2024,ZAAUTO2024-1-00141,ZAAUTO2024-1,0,Current,Current,704895.35,0,0,7/12/2024,21168.09,FALSE,Same,FALSE,FALSE,Standard,0,Static
8/30/2024,ZAAUTO2024-1-00141,ZAAUTO2024-1,0,Current,Current,657928.68,0,0,8/14/2024,19984.94,FALSE,Same,FALSE,FALSE,Standard,0,Static
9/30/2024,ZAAUTO2024-1-00141,ZAAUTO2024-1,0,Current,Current,651221.52,0,0,9/20/2024,19367.23,FALSE,Same,FALSE,FALSE,Standard,0,Static
10/30/2024,ZAAUTO2024-1-00141,ZAAUTO2024-1,0,Current,Current,661692.31,0,0,10/21/2024,20103.62,FALSE,Same,FALSE,FALSE,Standard,0,Static
12/30/2023,ZAAUTO2024-1-00142,ZAAUTO2024-1,0,Current,Current,1905200,0,0,12/2/2023,36903,FALSE,Same,FALSE,FALSE,Standard,0,Static
1/30/2024,ZAAUTO2024-1-00142,ZAAUTO2024-1,0,Current,Current,1905200,0,0,12/30/2023,37490.75,FALSE,Same,FALSE,FALSE,Standard,0,Static
2/28/2024,ZAAUTO2024-1-00142,ZAAUTO2024-1,0,Current,Current,1879690.5,0,0,2/19/2024,35551.09,FALSE,Same,FALSE,FALSE,Standard,0,Static
3/30/2024,ZAAUTO2024-1-00142,ZAAUTO2024-1,0,Current,Current,1849756.22,0,0,3/12/2024,35882.01,FALSE,Same,FALSE,FALSE,Standard,0,Static
4/30/2024,ZAAUTO2024-1-00142,ZAAUTO2024-1,0,Current,Current,1832384.49,0,0,3/29/2024,39608.68,FALSE,Same,FALSE,FALSE,Standard,0,Static
5/30/2024,ZAAUTO2024-1-00142,ZAAUTO2024-1,0,Current,Current,1856781.07,0,0,5/17/2024,38221.02,FALSE,Same,FALSE,FALSE,Standard,0,Static
5/30/2024,ZAAUTO2024-1-00142,ZAAUTO2024-1,0,Current,Current,1881334.51,0,0,4/27/2024,39285.17,FALSE,Same,FALSE,FALSE,Standard,0,Static
6/30/2024,ZAAUTO2024-1-00142,ZAAUTO2024-1,0,Current,Current,1751490.42,0,0,6/26/2024,36262.29,FALSE,Same,FALSE,FALSE,Standard,0,Static
7/30/2024,ZAAUTO2024-1-00142,ZAAUTO2024-1,0,Current,Current,1763787.84,0,0,7/24/2024,39984.86,FALSE,Same,FALSE,FALSE,Standard,0,Static
8/30/2024,ZAAUTO2024-1-00142,ZAAUTO2024-1,0,Current,Current,1677397.24,0,0,8/23/2024,37121.58,FALSE,Same,FALSE,FALSE,Standard,0,Static
9/30/2024,ZAAUTO2024-1-00142,ZAAUTO2024-1,0,Current,Current,1718689.61,0,0,9/24/2024,39692.31,FALSE,Same,FALSE,FALSE,Standard,0,Static
10/30/2024,ZAAUTO2024-1-00142,ZAAUTO2024-1,0,Current,Current,1638251.06,0,0,10/25/2024,37505.11,FALSE,Same,FALSE,FALSE,Standard,0,Static
12/30/2023,ZAAUTO2024-1-00143,ZAAUTO2024-1,26,1-29 DPD,Current,438967.8,14660.13,1,12/17/2023,7593.47,FALSE,Worse,FALSE,FALSE,SMA-0,1,Roll
1/30/2024,ZAAUTO2024-1-00143,ZAAUTO2024-1,0,Current,1-29 DPD,436193.05,0,0,1/12/2024,13904.78,TRUE,Better,FALSE,FALSE,Standard,0,Cure
2/28/2024,ZAAUTO2024-1-00143,ZAAUTO2024-1,0,Current,Current,404081.99,0,0,2/24/2024,14397.32,FALSE,Same,FALSE,FALSE,Standard,0,Static
3/30/2024,ZAAUTO2024-1-00143,ZAAUTO2024-1,0,Current,Current,410444.36,0,0,3/25/2024,14071.21,FALSE,Same,FALSE,FALSE,Standard,0,Static
4/30/2024,ZAAUTO2024-1-00143,ZAAUTO2024-1,0,Current,Current,388602.19,0,0,4/5/2024,13390.24,FALSE,Same,FALSE,FALSE,Standard,0,Static
5/30/2024,ZAAUTO2024-1-00143,ZAAUTO2024-1,0,Current,Current,397636.56,0,0,5/20/2024,14048.44,FALSE,Same,FALSE,FALSE,Standard,0,Static
5/30/2024,ZAAUTO2024-1-00143,ZAAUTO2024-1,0,Current,Current,375520.55,0,0,5/21/2024,13459.32,FALSE,Same,FALSE,FALSE,Standard,0,Static
6/30/2024,ZAAUTO2024-1-00143,ZAAUTO2024-1,0,Current,Current,368124.24,0,0,6/3/2024,14812.35,FALSE,Same,FALSE,FALSE,Standard,0,Static
7/30/2024,ZAAUTO2024-1-00143,ZAAUTO2024-1,0,Current,Current,369330.56,0,0,7/22/2024,13983.66,FALSE,Same,FALSE,FALSE,Standard,0,Static
8/30/2024,ZAAUTO2024-1-00143,ZAAUTO2024-1,0,Current,Current,338793.1,0,0,8/7/2024,14321.45,FALSE,Same,FALSE,FALSE,Standard,0,Static
9/30/2024,ZAAUTO2024-1-00143,ZAAUTO2024-1,0,Current,Current,338775.17,0,0,9/6/2024,14241.82,FALSE,Same,FALSE,FALSE,Standard,0,Static
10/30/2024,ZAAUTO2024-1-00143,ZAAUTO2024-1,0,Current,Current,330721.03,0,0,10/3/2024,13392.52,FALSE,Same,FALSE,FALSE,Standard,0,Static
12/30/2023,ZAAUTO2024-1-00144,ZAAUTO2024-1,17,1-29 DPD,Current,971420.8,25358.4,1,11/27/2023,1277.61,FALSE,Worse,FALSE,FALSE,SMA-0,1,Roll
1/30/2024,ZAAUTO2024-1-00144,ZAAUTO2024-1,15,1-29 DPD,1-29 DPD,938978.96,25358.4,1,12/31/2023,4570.5,FALSE,Same,FALSE,FALSE,SMA-0,2,Static
2/28/2024,ZAAUTO2024-1-00144,ZAAUTO2024-1,5,1-29 DPD,1-29 DPD,935897.84,25358.4,1,2/9/2024,12804.03,FALSE,Same,FALSE,FALSE,SMA-0,3,Static
3/30/2024,ZAAUTO2024-1-00144,ZAAUTO2024-1,17,1-29 DPD,1-29 DPD,899772.23,25358.4,1,3/27/2024,8383.4,FALSE,Same,FALSE,FALSE,SMA-0,4,Static
4/30/2024,ZAAUTO2024-1-00144,ZAAUTO2024-1,2,1-29 DPD,1-29 DPD,885880.5,25358.4,1,3/29/2024,6465.08,FALSE,Same,FALSE,FALSE,SMA-0,5,Static
5/30/2024,ZAAUTO2024-1-00144,ZAAUTO2024-1,0,Current,1-29 DPD,840709.61,0,0,5/14/2024,24174.64,TRUE,Better,FALSE,FALSE,Standard,0,Cure
5/30/2024,ZAAUTO2024-1-00144,ZAAUTO2024-1,0,Current,Current,851422.22,0,0,4/28/2024,22884.44,FALSE,Same,FALSE,FALSE,Standard,0,Static
6/30/2024,ZAAUTO2024-1-00144,ZAAUTO2024-1,0,Current,Current,841029.41,0,0,6/1/2024,23505.53,FALSE,Same,FALSE,FALSE,Standard,0,Static
7/30/2024,ZAAUTO2024-1-00144,ZAAUTO2024-1,0,Current,Current,789278.23,0,0,7/5/2024,22994.71,FALSE,Same,FALSE,FALSE,Standard,0,Static
8/30/2024,ZAAUTO2024-1-00144,ZAAUTO2024-1,0,Current,Current,783444.23,0,0,8/11/2024,24016.74,FALSE,Same,FALSE,FALSE,Standard,0,Static
9/30/2024,ZAAUTO2024-1-00144,ZAAUTO2024-1,0,Current,Current,780997.39,0,0,9/2/2024,25195.39,FALSE,Same,FALSE,FALSE,Standard,0,Static
10/30/2024,ZAAUTO2024-1-00144,ZAAUTO2024-1,0,Current,Current,736863.24,0,0,10/19/2024,23625.41,FALSE,Same,FALSE,FALSE,Standard,0,Static
12/30/2023,ZAAUTO2024-1-00145,ZAAUTO2024-1,0,Current,Current,644533.63,0,0,11/29/2023,13824.95,FALSE,Same,FALSE,FALSE,Standard,0,Static
1/30/2024,ZAAUTO2024-1-00145,ZAAUTO2024-1,0,Current,Current,641175.99,0,0,1/7/2024,14675.71,FALSE,Same,FALSE,FALSE,Standard,0,Static
2/28/2024,ZAAUTO2024-1-00145,ZAAUTO2024-1,0,Current,Current,637356.6,0,0,2/3/2024,14925.72,FALSE,Same,FALSE,FALSE,Standard,0,Static
3/30/2024,ZAAUTO2024-1-00145,ZAAUTO2024-1,0,Current,Current,589091.65,0,0,3/22/2024,13191.21,FALSE,Same,FALSE,FALSE,Standard,0,Static
4/30/2024,ZAAUTO2024-1-00145,ZAAUTO2024-1,0,Current,Current,580248.1,0,0,4/29/2024,14687.49,FALSE,Same,FALSE,FALSE,Standard,0,Static
5/30/2024,ZAAUTO2024-1-00145,ZAAUTO2024-1,0,Current,Current,573538.25,0,0,5/29/2024,13619.71,FALSE,Same,FALSE,FALSE,Standard,0,Static
5/30/2024,ZAAUTO2024-1-00145,ZAAUTO2024-1,0,Current,Current,582450.48,0,0,5/15/2024,14116.66,FALSE,Same,FALSE,FALSE,Standard,0,Static
6/30/2024,ZAAUTO2024-1-00145,ZAAUTO2024-1,0,Current,Current,571264.03,0,0,5/27/2024,13579.54,FALSE,Same,FALSE,FALSE,Standard,0,Static
7/30/2024,ZAAUTO2024-1-00145,ZAAUTO2024-1,0,Current,Current,548154.12,0,0,7/1/2024,13485.77,FALSE,Same,FALSE,FALSE,Standard,0,Static
8/30/2024,ZAAUTO2024-1-00145,ZAAUTO2024-1,14,1-29 DPD,Current,527300.2,14623.08,1,8/20/2024,7917.65,FALSE,Worse,FALSE,FALSE,SMA-0,1,Roll
9/30/2024,ZAAUTO2024-1-00145,ZAAUTO2024-1,0,Current,1-29 DPD,544768.51,0,0,9/2/2024,15274.98,TRUE,Better,FALSE,FALSE,Standard,0,Cure
10/30/2024,ZAAUTO2024-1-00145,ZAAUTO2024-1,0,Current,Current,524442.59,0,0,10/2/2024,14444.44,FALSE,Same,FALSE,FALSE,Standard,0,Static
12/30/2023,ZAAUTO2024-1-00146,ZAAUTO2024-1,0,Current,Current,2431700,0,0,12/12/2023,56390.1,FALSE,Same,FALSE,FALSE,Standard,0,Static
1/30/2024,ZAAUTO2024-1-00146,ZAAUTO2024-1,13,1-29 DPD,Current,2431700,62271.48,1,12/30/2023,8664.67,FALSE,Worse,FALSE,FALSE,SMA-0,1,Roll
2/28/2024,ZAAUTO2024-1-00146,ZAAUTO2024-1,2,1-29 DPD,1-29 DPD,2431700,62271.48,1,2/1/2024,21536.09,FALSE,Same,FALSE,FALSE,SMA-0,2,Static
3/30/2024,ZAAUTO2024-1-00146,ZAAUTO2024-1,18,1-29 DPD,1-29 DPD,2390553.48,62271.48,1,3/4/2024,33220.86,FALSE,Same,FALSE,FALSE,SMA-0,3,Static
4/30/2024,ZAAUTO2024-1-00146,ZAAUTO2024-1,0,Current,1-29 DPD,2364970.84,0,0,4/8/2024,60232.01,TRUE,Better,FALSE,FALSE,Standard,0,Cure
5/30/2024,ZAAUTO2024-1-00146,ZAAUTO2024-1,0,Current,Current,2384369.64,0,0,5/20/2024,58734.56,FALSE,Same,FALSE,FALSE,Standard,0,Static
5/30/2024,ZAAUTO2024-1-00146,ZAAUTO2024-1,0,Current,Current,2307688.84,0,0,5/8/2024,60136.6,FALSE,Same,FALSE,FALSE,Standard,0,Static
6/30/2024,ZAAUTO2024-1-00146,ZAAUTO2024-1,0,Current,Current,2324628.55,0,0,6/9/2024,64654.01,FALSE,Same,FALSE,FALSE,Standard,0,Static
7/30/2024,ZAAUTO2024-1-00146,ZAAUTO2024-1,0,Current,Current,2344896.54,0,0,7/1/2024,57269.45,FALSE,Same,FALSE,FALSE,Standard,0,Static
8/30/2024,ZAAUTO2024-1-00146,ZAAUTO2024-1,0,Current,Current,2218452.87,0,0,8/6/2024,65009.59,FALSE,Same,FALSE,FALSE,Standard,0,Static
9/30/2024,ZAAUTO2024-1-00146,ZAAUTO2024-1,0,Current,Current,2268027.08,0,0,9/7/2024,63479.29,FALSE,Same,FALSE,FALSE,Standard,0,Static
10/30/2024,ZAAUTO2024-1-00146,ZAAUTO2024-1,0,Current,Current,2226086.14,0,0,10/20/2024,61852.79,FALSE,Same,FALSE,FALSE,Standard,0,Static
12/30/2023,ZAAUTO2024-1-00147,ZAAUTO2024-1,0,Current,Current,649900,0,0,12/29/2023,20004.9,FALSE,Same,FALSE,FALSE,Standard,0,Static
1/30/2024,ZAAUTO2024-1-00147,ZAAUTO2024-1,0,Current,Current,649900,0,0,1/20/2024,19425.81,FALSE,Same,FALSE,FALSE,Standard,0,Static
2/28/2024,ZAAUTO2024-1-00147,ZAAUTO2024-1,28,1-29 DPD,Current,649900,20973.5,1,2/26/2024,10153.05,FALSE,Worse,FALSE,FALSE,SMA-0,1,Roll
3/30/2024,ZAAUTO2024-1-00147,ZAAUTO2024-1,0,Current,1-29 DPD,649900,0,0,3/23/2024,20819.02,TRUE,Better,FALSE,FALSE,Standard,0,Cure
4/30/2024,ZAAUTO2024-1-00147,ZAAUTO2024-1,0,Current,Current,649900,0,0,4/16/2024,20406.27,FALSE,Same,FALSE,FALSE,Standard,0,Static
5/30/2024,ZAAUTO2024-1-00147,ZAAUTO2024-1,0,Current,Current,649900,0,0,5/8/2024,21296.62,FALSE,Same,FALSE,FALSE,Standard,0,Static
5/30/2024,ZAAUTO2024-1-00147,ZAAUTO2024-1,0,Current,Current,649900,0,0,4/25/2024,19717.68,FALSE,Same,FALSE,FALSE,Standard,0,Static
6/30/2024,ZAAUTO2024-1-00147,ZAAUTO2024-1,0,Current,Current,624282.56,0,0,5/29/2024,20777.26,FALSE,Same,FALSE,FALSE,Standard,0,Static
7/30/2024,ZAAUTO2024-1-00147,ZAAUTO2024-1,0,Current,Current,612810.59,0,0,7/27/2024,21791.36,FALSE,Same,FALSE,FALSE,Standard,0,Static
8/30/2024,ZAAUTO2024-1-00147,ZAAUTO2024-1,0,Current,Current,618203.36,0,0,8/1/2024,21904.66,FALSE,Same,FALSE,FALSE,Standard,0,Static
9/30/2024,ZAAUTO2024-1-00147,ZAAUTO2024-1,0,Current,Current,622456.57,0,0,9/24/2024,21335.25,FALSE,Same,FALSE,FALSE,Standard,0,Static
10/30/2024,ZAAUTO2024-1-00147,ZAAUTO2024-1,0,Current,Current,606431.67,0,0,10/24/2024,21467.25,FALSE,Same,FALSE,FALSE,Standard,0,Static
12/30/2023,ZAAUTO2024-1-00148,ZAAUTO2024-1,0,Current,Current,803800.46,0,0,12/9/2023,24188.3,FALSE,Same,FALSE,FALSE,Standard,0,Static
1/30/2024,ZAAUTO2024-1-00148,ZAAUTO2024-1,0,Current,Current,758263.91,0,0,1/18/2024,22840.22,FALSE,Same,FALSE,FALSE,Standard,0,Static
2/28/2024,ZAAUTO2024-1-00148,ZAAUTO2024-1,0,Current,Current,758226.76,0,0,2/28/2024,22152.81,FALSE,Same,FALSE,FALSE,Standard,0,Static
3/30/2024,ZAAUTO2024-1-00148,ZAAUTO2024-1,0,Current,Current,762847.52,0,0,3/9/2024,22299.81,FALSE,Same,FALSE,FALSE,Standard,0,Static
4/30/2024,ZAAUTO2024-1-00148,ZAAUTO2024-1,0,Current,Current,713045.95,0,0,4/13/2024,22603.72,FALSE,Same,FALSE,FALSE,Standard,0,Static
5/30/2024,ZAAUTO2024-1-00148,ZAAUTO2024-1,0,Current,Current,726683.83,0,0,5/7/2024,23515.34,FALSE,Same,FALSE,FALSE,Standard,0,Static
5/30/2024,ZAAUTO2024-1-00148,ZAAUTO2024-1,0,Current,Current,684795.52,0,0,4/27/2024,22778.55,FALSE,Same,FALSE,FALSE,Standard,0,Static
6/30/2024,ZAAUTO2024-1-00148,ZAAUTO2024-1,0,Current,Current,667909.78,0,0,6/3/2024,22749.06,FALSE,Same,FALSE,FALSE,Standard,0,Static
7/30/2024,ZAAUTO2024-1-00148,ZAAUTO2024-1,73,60-89 DPD,Current,683524.56,47294.78,2,6/27/2024,11274.23,FALSE,Worse,FALSE,FALSE,SMA-2,1,Roll
8/30/2024,ZAAUTO2024-1-00148,ZAAUTO2024-1,71,60-89 DPD,60-89 DPD,668821.17,47294.78,2,8/2/2024,2065.61,FALSE,Same,FALSE,FALSE,SMA-2,2,Static
9/30/2024,ZAAUTO2024-1-00148,ZAAUTO2024-1,90,90-119 DPD,60-89 DPD,641804.02,70942.17,3,8/28/2024,13388.81,FALSE,Worse,FALSE,FALSE,SMA-2,3,Roll
10/30/2024,ZAAUTO2024-1-00148,ZAAUTO2024-1,176,Default,90-119 DPD,608608.72,118236.95,5,10/5/2024,13932.26,FALSE,Worse,FALSE,FALSE,NPA,4,Roll
12/30/2023,ZAAUTO2024-1-00149,ZAAUTO2024-1,0,Current,Current,604567.45,0,0,12/5/2023,11345.7,FALSE,Same,FALSE,FALSE,Standard,0,Static
1/30/2024,ZAAUTO2024-1-00149,ZAAUTO2024-1,0,Current,Current,612751.6,0,0,1/11/2024,11075.09,FALSE,Same,FALSE,FALSE,Standard,0,Static
2/28/2024,ZAAUTO2024-1-00149,ZAAUTO2024-1,0,Current,Current,586913.84,0,0,2/6/2024,9899.21,FALSE,Same,FALSE,FALSE,Standard,0,Static
3/30/2024,ZAAUTO2024-1-00149,ZAAUTO2024-1,0,Current,Current,576284.27,0,0,2/26/2024,10891.95,FALSE,Same,FALSE,FALSE,Standard,0,Static
4/30/2024,ZAAUTO2024-1-00149,ZAAUTO2024-1,0,Current,Current,561646.36,0,0,4/5/2024,10621.38,FALSE,Same,FALSE,FALSE,Standard,0,Static
5/30/2024,ZAAUTO2024-1-00149,ZAAUTO2024-1,0,Current,Current,554885.62,0,0,4/26/2024,10914.95,FALSE,Same,FALSE,FALSE,Standard,0,Static
5/30/2024,ZAAUTO2024-1-00149,ZAAUTO2024-1,0,Current,Current,562101.7,0,0,5/2/2024,11035.42,FALSE,Same,FALSE,FALSE,Standard,0,Static
6/30/2024,ZAAUTO2024-1-00149,ZAAUTO2024-1,0,Current,Current,563177.45,0,0,6/5/2024,11163.82,FALSE,Same,FALSE,FALSE,Standard,0,Static
7/30/2024,ZAAUTO2024-1-00149,ZAAUTO2024-1,0,Current,Current,553321.31,0,0,7/25/2024,9947.11,FALSE,Same,FALSE,FALSE,Standard,0,Static
8/30/2024,ZAAUTO2024-1-00149,ZAAUTO2024-1,0,Current,Current,523166.49,0,0,8/22/2024,10743.77,FALSE,Same,FALSE,FALSE,Standard,0,Static
9/30/2024,ZAAUTO2024-1-00149,ZAAUTO2024-1,0,Current,Current,521558.46,0,0,9/17/2024,10039.13,FALSE,Same,FALSE,FALSE,Standard,0,Static
10/30/2024,ZAAUTO2024-1-00149,ZAAUTO2024-1,0,Current,Current,512588.23,0,0,9/27/2024,10447.58,FALSE,Same,FALSE,FALSE,Standard,0,Static
12/30/2023,ZAAUTO2024-1-00150,ZAAUTO2024-1,0,Current,Current,679754.47,0,0,11/28/2023,27404.8,FALSE,Same,FALSE,FALSE,Standard,0,Static
1/30/2024,ZAAUTO2024-1-00150,ZAAUTO2024-1,0,Current,Current,654349.16,0,0,1/23/2024,27811.33,FALSE,Same,FALSE,FALSE,Standard,0,Static
2/28/2024,ZAAUTO2024-1-00150,ZAAUTO2024-1,0,Current,Current,663996.7,0,0,2/28/2024,27830.35,FALSE,Same,FALSE,FALSE,Standard,0,Static
3/30/2024,ZAAUTO2024-1-00150,ZAAUTO2024-1,0,Current,Current,667254.61,0,0,2/25/2024,29518.11,FALSE,Same,FALSE,FALSE,Standard,0,Static
4/30/2024,ZAAUTO2024-1-00150,ZAAUTO2024-1,0,Current,Current,617721.2,0,0,4/11/2024,27103.18,FALSE,Same,FALSE,FALSE,Standard,0,Static
5/30/2024,ZAAUTO2024-1-00150,ZAAUTO2024-1,0,Current,Current,626577.63,0,0,5/22/2024,28956.84,FALSE,Same,FALSE,FALSE,Standard,0,Static
5/30/2024,ZAAUTO2024-1-00150,ZAAUTO2024-1,0,Current,Current,599501.98,0,0,5/15/2024,26329.88,FALSE,Same,FALSE,FALSE,Standard,0,Static
6/30/2024,ZAAUTO2024-1-00150,ZAAUTO2024-1,0,Current,Current,583864.38,0,0,6/18/2024,29424.73,FALSE,Same,FALSE,FALSE,Standard,0,Static
7/30/2024,ZAAUTO2024-1-00150,ZAAUTO2024-1,0,Current,Current,562102.78,0,0,7/24/2024,26508.11,FALSE,Same,FALSE,FALSE,Standard,0,Static
8/30/2024,ZAAUTO2024-1-00150,ZAAUTO2024-1,0,Current,Current,549300.98,0,0,8/4/2024,26229.48,FALSE,Same,FALSE,FALSE,Standard,0,Static
9/30/2024,ZAAUTO2024-1-00150,ZAAUTO2024-1,0,Current,Current,520034.89,0,0,9/22/2024,27930,FALSE,Same,FALSE,FALSE,Standard,0,Static
10/30/2024,ZAAUTO2024-1-00150,ZAAUTO2024-1,0,Current,Current,519257.4,0,0,10/7/2024,28794.99,FALSE,Same,FALSE,FALSE,Standard,0,Static
12/30/2023,ZAAUTO2024-1-00151,ZAAUTO2024-1,0,Current,Current,146178.79,0,0,11/28/2023,6640.38,FALSE,Same,FALSE,FALSE,Standard,0,Static
1/30/2024,ZAAUTO2024-1-00151,ZAAUTO2024-1,23,1-29 DPD,Current,145009.98,7225.12,1,12/29/2023,3742.34,FALSE,Worse,FALSE,FALSE,SMA-0,1,Roll
2/28/2024,ZAAUTO2024-1-00151,ZAAUTO2024-1,4,1-29 DPD,1-29 DPD,143077.27,7225.12,1,1/30/2024,2052.03,FALSE,Same,FALSE,FALSE,SMA-0,2,Static
3/30/2024,ZAAUTO2024-1-00151,ZAAUTO2024-1,24,1-29 DPD,1-29 DPD,133470.34,7225.12,1,2/24/2024,1601.08,FALSE,Same,FALSE,FALSE,SMA-0,3,Static
4/30/2024,ZAAUTO2024-1-00151,ZAAUTO2024-1,4,1-29 DPD,1-29 DPD,133443.03,7225.12,1,4/4/2024,478.32,FALSE,Same,FALSE,FALSE,SMA-0,4,Static
5/30/2024,ZAAUTO2024-1-00151,ZAAUTO2024-1,0,Current,1-29 DPD,126978.39,0,0,5/12/2024,6546.26,TRUE,Better,FALSE,FALSE,Standard,0,Cure
5/30/2024,ZAAUTO2024-1-00151,ZAAUTO2024-1,0,Current,Current,120794.67,0,0,5/7/2024,6833.08,FALSE,Same,FALSE,FALSE,Standard,0,Static
6/30/2024,ZAAUTO2024-1-00151,ZAAUTO2024-1,0,Current,Current,118459.44,0,0,6/12/2024,7029.24,FALSE,Same,FALSE,FALSE,Standard,0,Static
7/30/2024,ZAAUTO2024-1-00151,ZAAUTO2024-1,0,Current,Current,117589.74,0,0,7/21/2024,7352.06,FALSE,Same,FALSE,FALSE,Standard,0,Static
8/30/2024,ZAAUTO2024-1-00151,ZAAUTO2024-1,0,Current,Current,110268.82,0,0,8/11/2024,7466.14,FALSE,Same,FALSE,FALSE,Standard,0,Static
9/30/2024,ZAAUTO2024-1-00151,ZAAUTO2024-1,0,Current,Current,104411.23,0,0,8/30/2024,6504.87,FALSE,Same,FALSE,FALSE,Standard,0,Static
10/30/2024,ZAAUTO2024-1-00151,ZAAUTO2024-1,0,Current,Current,102590.38,0,0,10/26/2024,7445.95,FALSE,Same,FALSE,FALSE,Standard,0,Static
12/30/2023,ZAAUTO2024-1-00152,ZAAUTO2024-1,0,Current,Current,953304.56,0,0,12/2/2023,32354.62,FALSE,Same,FALSE,FALSE,Standard,0,Static
1/30/2024,ZAAUTO2024-1-00152,ZAAUTO2024-1,0,Current,Current,947691.92,0,0,1/25/2024,35779.14,FALSE,Same,FALSE,FALSE,Standard,0,Static
2/28/2024,ZAAUTO2024-1-00152,ZAAUTO2024-1,0,Current,Current,919091.91,0,0,2/2/2024,33608.25,FALSE,Same,FALSE,FALSE,Standard,0,Static
3/30/2024,ZAAUTO2024-1-00152,ZAAUTO2024-1,0,Current,Current,909507.02,0,0,3/9/2024,34417.3,FALSE,Same,FALSE,FALSE,Standard,0,Static
4/30/2024,ZAAUTO2024-1-00152,ZAAUTO2024-1,0,Current,Current,888237.94,0,0,4/2/2024,35442.92,FALSE,Same,FALSE,FALSE,Standard,0,Static
5/30/2024,ZAAUTO2024-1-00152,ZAAUTO2024-1,0,Current,Current,844785.55,0,0,5/20/2024,35291.88,FALSE,Same,FALSE,FALSE,Standard,0,Static
5/30/2024,ZAAUTO2024-1-00152,ZAAUTO2024-1,0,Current,Current,816151.05,0,0,5/11/2024,34522.8,FALSE,Same,FALSE,FALSE,Standard,0,Static
6/30/2024,ZAAUTO2024-1-00152,ZAAUTO2024-1,0,Current,Current,766812.9,0,0,5/26/2024,32018.76,FALSE,Same,FALSE,FALSE,Standard,0,Static
7/30/2024,ZAAUTO2024-1-00152,ZAAUTO2024-1,0,Current,Current,788464.46,0,0,6/26/2024,34605.99,FALSE,Same,FALSE,FALSE,Standard,0,Static
8/30/2024,ZAAUTO2024-1-00152,ZAAUTO2024-1,0,Current,Current,716138.05,0,0,7/28/2024,32567.26,FALSE,Same,FALSE,FALSE,Standard,0,Static
9/30/2024,ZAAUTO2024-1-00152,ZAAUTO2024-1,0,Current,Current,714292.99,0,0,9/29/2024,32203.61,FALSE,Same,FALSE,FALSE,Standard,0,Static
10/30/2024,ZAAUTO2024-1-00152,ZAAUTO2024-1,18,1-29 DPD,Current,675667.14,35078.56,1,10/29/2024,5787.17,FALSE,Worse,FALSE,FALSE,SMA-0,1,Roll
12/30/2023,ZAAUTO2024-1-00153,ZAAUTO2024-1,0,Current,Current,456044.26,0,0,12/29/2023,13866.71,FALSE,Same,FALSE,FALSE,Standard,0,Static
1/30/2024,ZAAUTO2024-1-00153,ZAAUTO2024-1,0,Current,Current,451309.83,0,0,1/14/2024,12312.95,FALSE,Same,FALSE,FALSE,Standard,0,Static
2/28/2024,ZAAUTO2024-1-00153,ZAAUTO2024-1,0,Current,Current,463118.53,0,0,1/25/2024,12468.87,FALSE,Same,FALSE,FALSE,Standard,0,Static
3/30/2024,ZAAUTO2024-1-00153,ZAAUTO2024-1,0,Current,Current,427361.48,0,0,3/14/2024,13682.06,FALSE,Same,FALSE,FALSE,Standard,0,Static
4/30/2024,ZAAUTO2024-1-00153,ZAAUTO2024-1,0,Current,Current,418514.53,0,0,4/4/2024,13500.74,FALSE,Same,FALSE,FALSE,Standard,0,Static
5/30/2024,ZAAUTO2024-1-00153,ZAAUTO2024-1,0,Current,Current,406507.38,0,0,5/10/2024,12495.76,FALSE,Same,FALSE,FALSE,Standard,0,Static
5/30/2024,ZAAUTO2024-1-00153,ZAAUTO2024-1,0,Current,Current,416485.78,0,0,5/11/2024,12917.2,FALSE,Same,FALSE,FALSE,Standard,0,Static
6/30/2024,ZAAUTO2024-1-00153,ZAAUTO2024-1,0,Current,Current,395744.64,0,0,6/4/2024,13934.15,FALSE,Same,FALSE,FALSE,Standard,0,Static
7/30/2024,ZAAUTO2024-1-00153,ZAAUTO2024-1,0,Current,Current,384741.52,0,0,7/23/2024,12233.81,FALSE,Same,FALSE,FALSE,Standard,0,Static
8/30/2024,ZAAUTO2024-1-00153,ZAAUTO2024-1,0,Current,Current,375010.52,0,0,8/15/2024,13125.49,FALSE,Same,FALSE,FALSE,Standard,0,Static
9/30/2024,ZAAUTO2024-1-00153,ZAAUTO2024-1,0,Current,Current,379369.7,0,0,9/6/2024,14048.06,FALSE,Same,FALSE,FALSE,Standard,0,Static
10/30/2024,ZAAUTO2024-1-00153,ZAAUTO2024-1,0,Current,Current,357333.24,0,0,10/10/2024,13068.58,FALSE,Same,FALSE,FALSE,Standard,0,Static
12/30/2023,ZAAUTO2024-1-00154,ZAAUTO2024-1,0,Current,Current,378438.09,0,0,12/4/2023,8305.81,FALSE,Same,FALSE,FALSE,Standard,0,Static
1/30/2024,ZAAUTO2024-1-00154,ZAAUTO2024-1,0,Current,Current,386147.12,0,0,12/29/2023,7993.31,FALSE,Same,FALSE,FALSE,Standard,0,Static
2/28/2024,ZAAUTO2024-1-00154,ZAAUTO2024-1,0,Current,Current,382281.56,0,0,2/5/2024,8427.52,FALSE,Same,FALSE,FALSE,Standard,0,Static
3/30/2024,ZAAUTO2024-1-00154,ZAAUTO2024-1,6,1-29 DPD,Current,370361.84,8590.17,1,2/25/2024,4909.86,FALSE,Worse,FALSE,FALSE,SMA-0,1,Roll
4/30/2024,ZAAUTO2024-1-00154,ZAAUTO2024-1,18,1-29 DPD,1-29 DPD,354969.22,8590.17,1,4/30/2024,4188.45,FALSE,Same,FALSE,FALSE,SMA-0,2,Static
5/30/2024,ZAAUTO2024-1-00154,ZAAUTO2024-1,0,Current,1-29 DPD,360743.06,0,0,5/12/2024,8572.64,TRUE,Better,FALSE,FALSE,Standard,0,Cure
5/30/2024,ZAAUTO2024-1-00154,ZAAUTO2024-1,0,Current,Current,334309.08,0,0,5/27/2024,8934,FALSE,Same,FALSE,FALSE,Standard,0,Static
6/30/2024,ZAAUTO2024-1-00154,ZAAUTO2024-1,0,Current,Current,335083.99,0,0,6/14/2024,8812.85,FALSE,Same,FALSE,FALSE,Standard,0,Static
7/30/2024,ZAAUTO2024-1-00154,ZAAUTO2024-1,0,Current,Current,325815.9,0,0,7/8/2024,8816.66,FALSE,Same,FALSE,FALSE,Standard,0,Static
8/30/2024,ZAAUTO2024-1-00154,ZAAUTO2024-1,0,Current,Current,315153.28,0,0,7/29/2024,8093.63,FALSE,Same,FALSE,FALSE,Standard,0,Static
9/30/2024,ZAAUTO2024-1-00154,ZAAUTO2024-1,0,Current,Current,307251.39,0,0,8/27/2024,8456.7,FALSE,Same,FALSE,FALSE,Standard,0,Static
10/30/2024,ZAAUTO2024-1-00154,ZAAUTO2024-1,0,Current,Current,303569.93,0,0,10/5/2024,8631.1,FALSE,Same,FALSE,FALSE,Standard,0,Static
12/30/2023,ZAAUTO2024-1-00155,ZAAUTO2024-1,23,1-29 DPD,Current,1013087.67,18917.57,1,12/15/2023,7517.2,FALSE,Worse,FALSE,FALSE,SMA-0,1,Roll
1/30/2024,ZAAUTO2024-1-00155,ZAAUTO2024-1,0,Current,1-29 DPD,988098.74,0,0,1/17/2024,18330.56,TRUE,Better,FALSE,FALSE,Standard,0,Cure
2/28/2024,ZAAUTO2024-1-00155,ZAAUTO2024-1,0,Current,Current,992031.43,0,0,2/27/2024,19619.46,FALSE,Same,FALSE,FALSE,Standard,0,Static
3/30/2024,ZAAUTO2024-1-00155,ZAAUTO2024-1,0,Current,Current,944114.16,0,0,3/30/2024,18753.33,FALSE,Same,FALSE,FALSE,Standard,0,Static
4/30/2024,ZAAUTO2024-1-00155,ZAAUTO2024-1,0,Current,Current,920031.56,0,0,4/30/2024,18934.71,FALSE,Same,FALSE,FALSE,Standard,0,Static
5/30/2024,ZAAUTO2024-1-00155,ZAAUTO2024-1,0,Current,Current,932119.67,0,0,4/29/2024,19189.41,FALSE,Same,FALSE,FALSE,Standard,0,Static
5/30/2024,ZAAUTO2024-1-00155,ZAAUTO2024-1,0,Current,Current,924687.51,0,0,5/26/2024,18554.3,FALSE,Same,FALSE,FALSE,Standard,0,Static
6/30/2024,ZAAUTO2024-1-00155,ZAAUTO2024-1,29,1-29 DPD,Current,927861.96,18917.57,1,6/2/2024,7630.36,FALSE,Worse,FALSE,FALSE,SMA-0,1,Roll
7/30/2024,ZAAUTO2024-1-00155,ZAAUTO2024-1,12,1-29 DPD,1-29 DPD,920631.31,18917.57,1,7/6/2024,9392.2,FALSE,Same,FALSE,FALSE,SMA-0,2,Static
8/30/2024,ZAAUTO2024-1-00155,ZAAUTO2024-1,0,Current,1-29 DPD,866198.76,0,0,8/19/2024,19407,TRUE,Better,FALSE,FALSE,Standard,0,Cure
9/30/2024,ZAAUTO2024-1-00155,ZAAUTO2024-1,0,Current,Current,878357.25,0,0,9/30/2024,17379.85,FALSE,Same,FALSE,FALSE,Standard,0,Static
10/30/2024,ZAAUTO2024-1-00155,ZAAUTO2024-1,71,60-89 DPD,Current,869746.3,37835.14,2,10/2/2024,106.28,FALSE,Worse,FALSE,FALSE,SMA-2,1,Roll
12/30/2023,ZAAUTO2024-1-00156,ZAAUTO2024-1,2,1-29 DPD,Current,626764.27,18640.73,1,12/17/2023,79.81,FALSE,Worse,FALSE,FALSE,SMA-0,1,Roll
1/30/2024,ZAAUTO2024-1-00156,ZAAUTO2024-1,27,1-29 DPD,1-29 DPD,630258.3,18640.73,1,1/23/2024,9729.52,FALSE,Same,FALSE,FALSE,SMA-0,2,Static
2/28/2024,ZAAUTO2024-1-00156,ZAAUTO2024-1,0,Current,1-29 DPD,614555.25,0,0,1/28/2024,17253.33,TRUE,Better,FALSE,FALSE,Standard,0,Cure
3/30/2024,ZAAUTO2024-1-00156,ZAAUTO2024-1,0,Current,Current,585950.45,0,0,3/19/2024,16959.41,FALSE,Same,FALSE,FALSE,Standard,0,Static
4/30/2024,ZAAUTO2024-1-00156,ZAAUTO2024-1,0,Current,Current,570927.1,0,0,4/26/2024,17132.97,FALSE,Same,FALSE,FALSE,Standard,0,Static
5/30/2024,ZAAUTO2024-1-00156,ZAAUTO2024-1,0,Current,Current,591534.97,0,0,5/16/2024,19240.04,FALSE,Same,FALSE,FALSE,Standard,0,Static
5/30/2024,ZAAUTO2024-1-00156,ZAAUTO2024-1,0,Current,Current,570417.9,0,0,5/13/2024,17313.09,FALSE,Same,FALSE,FALSE,Standard,0,Static
6/30/2024,ZAAUTO2024-1-00156,ZAAUTO2024-1,0,Current,Current,555661.69,0,0,5/27/2024,18494.74,FALSE,Same,FALSE,FALSE,Standard,0,Static
7/30/2024,ZAAUTO2024-1-00156,ZAAUTO2024-1,0,Current,Current,543039.56,0,0,7/1/2024,16782.12,FALSE,Same,FALSE,FALSE,Standard,0,Static
8/30/2024,ZAAUTO2024-1-00156,ZAAUTO2024-1,0,Current,Current,520877.04,0,0,8/27/2024,19164.14,FALSE,Same,FALSE,FALSE,Standard,0,Static
9/30/2024,ZAAUTO2024-1-00156,ZAAUTO2024-1,0,Current,Current,504594.9,0,0,9/4/2024,17542.89,FALSE,Same,FALSE,FALSE,Standard,0,Static
10/30/2024,ZAAUTO2024-1-00156,ZAAUTO2024-1,0,Current,Current,504839.13,0,0,10/1/2024,18162.34,FALSE,Same,FALSE,FALSE,Standard,0,Static
12/30/2023,ZAAUTO2024-1-00157,ZAAUTO2024-1,0,Current,Current,1030382.72,0,0,12/16/2023,27218.44,FALSE,Same,FALSE,FALSE,Standard,0,Static
1/30/2024,ZAAUTO2024-1-00157,ZAAUTO2024-1,0,Current,Current,968615.79,0,0,1/26/2024,26980.11,FALSE,Same,FALSE,FALSE,Standard,0,Static
2/28/2024,ZAAUTO2024-1-00157,ZAAUTO2024-1,0,Current,Current,931575.18,0,0,2/7/2024,24615.64,FALSE,Same,FALSE,FALSE,Standard,0,Static
3/30/2024,ZAAUTO2024-1-00157,ZAAUTO2024-1,0,Current,Current,938610.96,0,0,3/24/2024,23512.04,FALSE,Same,FALSE,FALSE,Standard,0,Static
4/30/2024,ZAAUTO2024-1-00157,ZAAUTO2024-1,0,Current,Current,904084.31,0,0,4/29/2024,25714.52,FALSE,Same,FALSE,FALSE,Standard,0,Static
5/30/2024,ZAAUTO2024-1-00157,ZAAUTO2024-1,0,Current,Current,894632.63,0,0,5/9/2024,26681.77,FALSE,Same,FALSE,FALSE,Standard,0,Static
5/30/2024,ZAAUTO2024-1-00157,ZAAUTO2024-1,0,Current,Current,849330.2,0,0,4/30/2024,24333.05,FALSE,Same,FALSE,FALSE,Standard,0,Static
6/30/2024,ZAAUTO2024-1-00157,ZAAUTO2024-1,0,Current,Current,833529.31,0,0,6/27/2024,26608.15,FALSE,Same,FALSE,FALSE,Standard,0,Static
7/30/2024,ZAAUTO2024-1-00157,ZAAUTO2024-1,0,Current,Current,822412.26,0,0,7/15/2024,27083.68,FALSE,Same,FALSE,FALSE,Standard,0,Static
8/30/2024,ZAAUTO2024-1-00157,ZAAUTO2024-1,54,30-59 DPD,Current,805139.91,26003.69,1,8/2/2024,11921.63,FALSE,Worse,FALSE,FALSE,SMA-1,1,Roll
9/30/2024,ZAAUTO2024-1-00157,ZAAUTO2024-1,80,60-89 DPD,30-59 DPD,774697.91,52007.38,2,9/23/2024,1334.53,FALSE,Worse,FALSE,FALSE,SMA-2,2,Roll
10/30/2024,ZAAUTO2024-1-00157,ZAAUTO2024-1,61,60-89 DPD,60-89 DPD,778237.55,52007.38,2,10/6/2024,4887.85,FALSE,Same,FALSE,FALSE,SMA-2,3,Static
12/30/2023,ZAAUTO2024-1-00158,ZAAUTO2024-1,0,Current,Current,1636300,0,0,12/24/2023,42246.55,FALSE,Same,FALSE,FALSE,Standard,0,Static
1/30/2024,ZAAUTO2024-1-00158,ZAAUTO2024-1,0,Current,Current,1636300,0,0,1/30/2024,41200.23,FALSE,Same,FALSE,FALSE,Standard,0,Static
2/28/2024,ZAAUTO2024-1-00158,ZAAUTO2024-1,0,Current,Current,1636300,0,0,2/1/2024,43923.29,FALSE,Same,FALSE,FALSE,Standard,0,Static
3/30/2024,ZAAUTO2024-1-00158,ZAAUTO2024-1,0,Current,Current,1636300,0,0,3/9/2024,42461.19,FALSE,Same,FALSE,FALSE,Standard,0,Static
4/30/2024,ZAAUTO2024-1-00158,ZAAUTO2024-1,0,Current,Current,1636300,0,0,4/29/2024,41204.48,FALSE,Same,FALSE,FALSE,Standard,0,Static
5/30/2024,ZAAUTO2024-1-00158,ZAAUTO2024-1,0,Current,Current,1636300,0,0,5/18/2024,38995.08,FALSE,Same,FALSE,FALSE,Standard,0,Static
5/30/2024,ZAAUTO2024-1-00158,ZAAUTO2024-1,0,Current,Current,1625907.71,0,0,5/26/2024,42090.68,FALSE,Same,FALSE,FALSE,Standard,0,Static
6/30/2024,ZAAUTO2024-1-00158,ZAAUTO2024-1,0,Current,Current,1636300,0,0,6/22/2024,42374.63,FALSE,Same,FALSE,FALSE,Standard,0,Static
7/30/2024,ZAAUTO2024-1-00158,ZAAUTO2024-1,0,Current,Current,1607597.87,0,0,7/4/2024,41378.92,FALSE,Same,FALSE,FALSE,Standard,0,Static
8/30/2024,ZAAUTO2024-1-00158,ZAAUTO2024-1,0,Current,Current,1625597.88,0,0,8/19/2024,39857.89,FALSE,Same,FALSE,FALSE,Standard,0,Static
9/30/2024,ZAAUTO2024-1-00158,ZAAUTO2024-1,0,Current,Current,1621090.45,0,0,9/27/2024,39120.69,FALSE,Same,FALSE,FALSE,Standard,0,Static
10/30/2024,ZAAUTO2024-1-00158,ZAAUTO2024-1,0,Current,Current,1572793.67,0,0,9/28/2024,44432.77,FALSE,Same,FALSE,FALSE,Standard,0,Static
12/30/2023,ZAAUTO2024-1-00159,ZAAUTO2024-1,0,Current,Current,1687500,0,0,11/28/2023,57993.19,FALSE,Same,FALSE,FALSE,Standard,0,Static
1/30/2024,ZAAUTO2024-1-00159,ZAAUTO2024-1,0,Current,Current,1687500,0,0,1/27/2024,54615.89,FALSE,Same,FALSE,FALSE,Standard,0,Static
2/28/2024,ZAAUTO2024-1-00159,ZAAUTO2024-1,0,Current,Current,1687500,0,0,2/16/2024,56474.05,FALSE,Same,FALSE,FALSE,Standard,0,Static
3/30/2024,ZAAUTO2024-1-00159,ZAAUTO2024-1,0,Current,Current,1687500,0,0,3/26/2024,53931.21,FALSE,Same,FALSE,FALSE,Standard,0,Static
4/30/2024,ZAAUTO2024-1-00159,ZAAUTO2024-1,0,Current,Current,1687500,0,0,4/1/2024,56127.14,FALSE,Same,FALSE,FALSE,Standard,0,Static
5/30/2024,ZAAUTO2024-1-00159,ZAAUTO2024-1,0,Current,Current,1687500,0,0,5/9/2024,56266.11,FALSE,Same,FALSE,FALSE,Standard,0,Static
5/30/2024,ZAAUTO2024-1-00159,ZAAUTO2024-1,0,Current,Current,1687500,0,0,5/20/2024,51918.18,FALSE,Same,FALSE,FALSE,Standard,0,Static
6/30/2024,ZAAUTO2024-1-00159,ZAAUTO2024-1,0,Current,Current,1687500,0,0,6/28/2024,55244.11,FALSE,Same,FALSE,FALSE,Standard,0,Static
7/30/2024,ZAAUTO2024-1-00159,ZAAUTO2024-1,0,Current,Current,1687500,0,0,7/16/2024,56921.95,FALSE,Same,FALSE,FALSE,Standard,0,Static
8/30/2024,ZAAUTO2024-1-00159,ZAAUTO2024-1,0,Current,Current,1658234.65,0,0,8/17/2024,53059.23,FALSE,Same,FALSE,FALSE,Standard,0,Static
9/30/2024,ZAAUTO2024-1-00159,ZAAUTO2024-1,0,Current,Current,1664549.52,0,0,9/9/2024,57891.88,FALSE,Same,FALSE,FALSE,Standard,0,Static
10/30/2024,ZAAUTO2024-1-00159,ZAAUTO2024-1,0,Current,Current,1598103.69,0,0,10/5/2024,52593.4,FALSE,Same,FALSE,FALSE,Standard,0,Static
12/30/2023,ZAAUTO2024-1-00160,ZAAUTO2024-1,0,Current,Current,795593.67,0,0,12/19/2023,20371.28,FALSE,Same,FALSE,FALSE,Standard,0,Static
1/30/2024,ZAAUTO2024-1-00160,ZAAUTO2024-1,0,Current,Current,785196.34,0,0,1/19/2024,20767.22,FALSE,Same,FALSE,FALSE,Standard,0,Static
2/28/2024,ZAAUTO2024-1-00160,ZAAUTO2024-1,0,Current,Current,787395.64,0,0,2/17/2024,20296.08,FALSE,Same,FALSE,FALSE,Standard,0,Static
3/30/2024,ZAAUTO2024-1-00160,ZAAUTO2024-1,0,Current,Current,752283.94,0,0,3/14/2024,22637.08,FALSE,Same,FALSE,FALSE,Standard,0,Static
4/30/2024,ZAAUTO2024-1-00160,ZAAUTO2024-1,0,Current,Current,729937.95,0,0,4/22/2024,20895.31,FALSE,Same,FALSE,FALSE,Standard,0,Static
5/30/2024,ZAAUTO2024-1-00160,ZAAUTO2024-1,0,Current,Current,756455.06,0,0,5/23/2024,20762.52,FALSE,Same,FALSE,FALSE,Standard,0,Static
5/30/2024,ZAAUTO2024-1-00160,ZAAUTO2024-1,0,Current,Current,711995.59,0,0,5/1/2024,20440.74,FALSE,Same,FALSE,FALSE,Standard,0,Static
6/30/2024,ZAAUTO2024-1-00160,ZAAUTO2024-1,0,Current,Current,728290.8,0,0,6/20/2024,22737.03,FALSE,Same,FALSE,FALSE,Standard,0,Static
7/30/2024,ZAAUTO2024-1-00160,ZAAUTO2024-1,0,Current,Current,721944.78,0,0,7/3/2024,22531.4,FALSE,Same,FALSE,FALSE,Standard,0,Static
8/30/2024,ZAAUTO2024-1-00160,ZAAUTO2024-1,0,Current,Current,662797.25,0,0,8/21/2024,22545.6,FALSE,Same,FALSE,FALSE,Standard,0,Static
9/30/2024,ZAAUTO2024-1-00160,ZAAUTO2024-1,5,1-29 DPD,Current,683605.85,21837.87,1,9/18/2024,6977.92,FALSE,Worse,FALSE,FALSE,SMA-0,1,Roll
10/30/2024,ZAAUTO2024-1-00160,ZAAUTO2024-1,0,Current,1-29 DPD,664275.39,0,0,10/10/2024,21618.01,TRUE,Better,FALSE,FALSE,Standard,0,Cure
12/30/2023,ZAAUTO2024-1-00161,ZAAUTO2024-1,0,Current,Current,1035200,0,0,11/29/2023,17857.21,FALSE,Same,FALSE,FALSE,Standard,0,Static
1/30/2024,ZAAUTO2024-1-00161,ZAAUTO2024-1,0,Current,Current,1035200,0,0,12/31/2023,19530.29,FALSE,Same,FALSE,FALSE,Standard,0,Static
2/28/2024,ZAAUTO2024-1-00161,ZAAUTO2024-1,0,Current,Current,1035200,0,0,2/18/2024,18718.18,FALSE,Same,FALSE,FALSE,Standard,0,Static
3/30/2024,ZAAUTO2024-1-00161,ZAAUTO2024-1,0,Current,Current,1035200,0,0,2/27/2024,18331.81,FALSE,Same,FALSE,FALSE,Standard,0,Static
4/30/2024,ZAAUTO2024-1-00161,ZAAUTO2024-1,0,Current,Current,1035200,0,0,4/19/2024,18180.99,FALSE,Same,FALSE,FALSE,Standard,0,Static
5/30/2024,ZAAUTO2024-1-00161,ZAAUTO2024-1,0,Current,Current,1025690.74,0,0,4/30/2024,19313.6,FALSE,Same,FALSE,FALSE,Standard,0,Static
5/30/2024,ZAAUTO2024-1-00161,ZAAUTO2024-1,0,Current,Current,1019294.61,0,0,5/13/2024,18926.9,FALSE,Same,FALSE,FALSE,Standard,0,Static
6/30/2024,ZAAUTO2024-1-00161,ZAAUTO2024-1,0,Current,Current,1014234.49,0,0,6/28/2024,17851.34,FALSE,Same,FALSE,FALSE,Standard,0,Static
7/30/2024,ZAAUTO2024-1-00161,ZAAUTO2024-1,0,Current,Current,1016838.31,0,0,7/2/2024,19737.85,FALSE,Same,FALSE,FALSE,Standard,0,Static
8/30/2024,ZAAUTO2024-1-00161,ZAAUTO2024-1,0,Current,Current,966582.71,0,0,8/11/2024,18477.78,FALSE,Same,FALSE,FALSE,Standard,0,Static
9/30/2024,ZAAUTO2024-1-00161,ZAAUTO2024-1,0,Current,Current,950119.04,0,0,9/20/2024,19945.87,FALSE,Same,FALSE,FALSE,Standard,0,Static
10/30/2024,ZAAUTO2024-1-00161,ZAAUTO2024-1,71,60-89 DPD,Current,926742.89,38345.46,2,10/25/2024,1545.29,FALSE,Worse,FALSE,FALSE,SMA-2,1,Roll
12/30/2023,ZAAUTO2024-1-00162,ZAAUTO2024-1,0,Current,Current,645700,0,0,12/19/2023,13643.23,FALSE,Same,FALSE,FALSE,Standard,0,Static
1/30/2024,ZAAUTO2024-1-00162,ZAAUTO2024-1,0,Current,Current,645700,0,0,1/26/2024,13468.29,FALSE,Same,FALSE,FALSE,Standard,0,Static
2/28/2024,ZAAUTO2024-1-00162,ZAAUTO2024-1,0,Current,Current,645700,0,0,1/27/2024,13793.82,FALSE,Same,FALSE,FALSE,Standard,0,Static
3/30/2024,ZAAUTO2024-1-00162,ZAAUTO2024-1,0,Current,Current,645700,0,0,3/13/2024,14670.26,FALSE,Same,FALSE,FALSE,Standard,0,Static
4/30/2024,ZAAUTO2024-1-00162,ZAAUTO2024-1,0,Current,Current,645700,0,0,4/26/2024,13470.71,FALSE,Same,FALSE,FALSE,Standard,0,Static
5/30/2024,ZAAUTO2024-1-00162,ZAAUTO2024-1,0,Current,Current,645700,0,0,5/9/2024,13124.24,FALSE,Same,FALSE,FALSE,Standard,0,Static
5/30/2024,ZAAUTO2024-1-00162,ZAAUTO2024-1,0,Current,Current,645700,0,0,5/11/2024,14286.07,FALSE,Same,FALSE,FALSE,Standard,0,Static
6/30/2024,ZAAUTO2024-1-00162,ZAAUTO2024-1,0,Current,Current,645700,0,0,6/13/2024,13111.52,FALSE,Same,FALSE,FALSE,Standard,0,Static
7/30/2024,ZAAUTO2024-1-00162,ZAAUTO2024-1,0,Current,Current,640716.73,0,0,7/22/2024,14822.33,FALSE,Same,FALSE,FALSE,Standard,0,Static
8/30/2024,ZAAUTO2024-1-00162,ZAAUTO2024-1,0,Current,Current,637710.65,0,0,7/27/2024,14640.14,FALSE,Same,FALSE,FALSE,Standard,0,Static
9/30/2024,ZAAUTO2024-1-00162,ZAAUTO2024-1,0,Current,Current,595386.7,0,0,9/11/2024,13304.68,FALSE,Same,FALSE,FALSE,Standard,0,Static
10/30/2024,ZAAUTO2024-1-00162,ZAAUTO2024-1,0,Current,Current,600773.73,0,0,10/5/2024,14710.94,FALSE,Same,FALSE,FALSE,Standard,0,Static
12/30/2023,ZAAUTO2024-1-00163,ZAAUTO2024-1,0,Current,Current,730193.67,0,0,11/25/2023,28176.76,FALSE,Same,FALSE,FALSE,Standard,0,Static
1/30/2024,ZAAUTO2024-1-00163,ZAAUTO2024-1,0,Current,Current,719054.74,0,0,1/1/2024,26438.18,FALSE,Same,FALSE,FALSE,Standard,0,Static
2/28/2024,ZAAUTO2024-1-00163,ZAAUTO2024-1,0,Current,Current,669708.87,0,0,2/16/2024,26805.67,FALSE,Same,FALSE,FALSE,Standard,0,Static
3/30/2024,ZAAUTO2024-1-00163,ZAAUTO2024-1,0,Current,Current,693281.21,0,0,3/4/2024,25891.65,FALSE,Same,FALSE,FALSE,Standard,0,Static
4/30/2024,ZAAUTO2024-1-00163,ZAAUTO2024-1,15,1-29 DPD,Current,670737.66,27797.51,1,4/29/2024,6249.44,FALSE,Worse,FALSE,FALSE,SMA-0,1,Roll
5/30/2024,ZAAUTO2024-1-00163,ZAAUTO2024-1,19,1-29 DPD,1-29 DPD,653385.92,27797.51,1,5/11/2024,15733.74,FALSE,Same,FALSE,FALSE,SMA-0,2,Static
5/30/2024,ZAAUTO2024-1-00163,ZAAUTO2024-1,1,1-29 DPD,1-29 DPD,618626.38,27797.51,1,5/8/2024,5667.73,FALSE,Same,FALSE,FALSE,SMA-0,3,Static
6/30/2024,ZAAUTO2024-1-00163,ZAAUTO2024-1,0,Current,1-29 DPD,597337.85,0,0,6/5/2024,28198.52,TRUE,Better,FALSE,FALSE,Standard,0,Cure
7/30/2024,ZAAUTO2024-1-00163,ZAAUTO2024-1,0,Current,Current,590837.39,0,0,7/11/2024,26377.39,FALSE,Same,FALSE,FALSE,Standard,0,Static
8/30/2024,ZAAUTO2024-1-00163,ZAAUTO2024-1,1,1-29 DPD,Current,567813.29,27797.51,1,8/28/2024,15379.99,FALSE,Worse,FALSE,FALSE,SMA-0,1,Roll
9/30/2024,ZAAUTO2024-1-00163,ZAAUTO2024-1,5,1-29 DPD,1-29 DPD,565814.73,27797.51,1,9/9/2024,9476.58,FALSE,Same,FALSE,FALSE,SMA-0,2,Static
10/30/2024,ZAAUTO2024-1-00163,ZAAUTO2024-1,26,1-29 DPD,1-29 DPD,533284.21,27797.51,1,10/5/2024,16347.81,FALSE,Same,FALSE,FALSE,SMA-0,3,Static
12/30/2023,ZAAUTO2024-1-00164,ZAAUTO2024-1,0,Current,Current,409035.52,0,0,11/29/2023,18542.55,FALSE,Same,FALSE,FALSE,Standard,0,Static
1/30/2024,ZAAUTO2024-1-00164,ZAAUTO2024-1,0,Current,Current,404572.95,0,0,1/6/2024,19333.18,FALSE,Same,FALSE,FALSE,Standard,0,Static
2/28/2024,ZAAUTO2024-1-00164,ZAAUTO2024-1,0,Current,Current,396067.44,0,0,1/26/2024,18675.28,FALSE,Same,FALSE,FALSE,Standard,0,Static
3/30/2024,ZAAUTO2024-1-00164,ZAAUTO2024-1,0,Current,Current,381644.94,0,0,2/26/2024,18493.96,FALSE,Same,FALSE,FALSE,Standard,0,Static
4/30/2024,ZAAUTO2024-1-00164,ZAAUTO2024-1,0,Current,Current,379616.43,0,0,4/4/2024,19663.27,FALSE,Same,FALSE,FALSE,Standard,0,Static
5/30/2024,ZAAUTO2024-1-00164,ZAAUTO2024-1,0,Current,Current,387694.25,0,0,5/22/2024,20110.46,FALSE,Same,FALSE,FALSE,Standard,0,Static
5/30/2024,ZAAUTO2024-1-00164,ZAAUTO2024-1,0,Current,Current,364405,0,0,5/26/2024,19656.77,FALSE,Same,FALSE,FALSE,Standard,0,Static
6/30/2024,ZAAUTO2024-1-00164,ZAAUTO2024-1,0,Current,Current,365469.55,0,0,6/17/2024,18859.73,FALSE,Same,FALSE,FALSE,Standard,0,Static
7/30/2024,ZAAUTO2024-1-00164,ZAAUTO2024-1,0,Current,Current,338361.72,0,0,7/3/2024,20976.36,FALSE,Same,FALSE,FALSE,Standard,0,Static
8/30/2024,ZAAUTO2024-1-00164,ZAAUTO2024-1,0,Current,Current,339834.55,0,0,8/20/2024,20317.38,FALSE,Same,FALSE,FALSE,Standard,0,Static
9/30/2024,ZAAUTO2024-1-00164,ZAAUTO2024-1,0,Current,Current,336392.02,0,0,9/18/2024,20005.92,FALSE,Same,FALSE,FALSE,Standard,0,Static
10/30/2024,ZAAUTO2024-1-00164,ZAAUTO2024-1,0,Current,Current,320679.56,0,0,10/13/2024,19080.54,FALSE,Same,FALSE,FALSE,Standard,0,Static
12/30/2023,ZAAUTO2024-1-00165,ZAAUTO2024-1,0,Current,Current,1293642.04,0,0,12/1/2023,43391.1,FALSE,Same,FALSE,FALSE,Standard,0,Static
1/30/2024,ZAAUTO2024-1-00165,ZAAUTO2024-1,0,Current,Current,1285621.65,0,0,1/11/2024,43694.03,FALSE,Same,FALSE,FALSE,Standard,0,Static
2/28/2024,ZAAUTO2024-1-00165,ZAAUTO2024-1,0,Current,Current,1258057.78,0,0,2/17/2024,43857.85,FALSE,Same,FALSE,FALSE,Standard,0,Static
3/30/2024,ZAAUTO2024-1-00165,ZAAUTO2024-1,0,Current,Current,1177093.25,0,0,3/3/2024,44150.29,FALSE,Same,FALSE,FALSE,Standard,0,Static
4/30/2024,ZAAUTO2024-1-00165,ZAAUTO2024-1,0,Current,Current,1213681.59,0,0,4/19/2024,45795.85,FALSE,Same,FALSE,FALSE,Standard,0,Static
5/30/2024,ZAAUTO2024-1-00165,ZAAUTO2024-1,0,Current,Current,1120812.38,0,0,5/28/2024,42658.98,FALSE,Same,FALSE,FALSE,Standard,0,Static
5/30/2024,ZAAUTO2024-1-00165,ZAAUTO2024-1,0,Current,Current,1158434.6,0,0,5/13/2024,47054.03,FALSE,Same,FALSE,FALSE,Standard,0,Static
6/30/2024,ZAAUTO2024-1-00165,ZAAUTO2024-1,0,Current,Current,1106402.08,0,0,6/26/2024,45792.58,FALSE,Same,FALSE,FALSE,Standard,0,Static
7/30/2024,ZAAUTO2024-1-00165,ZAAUTO2024-1,0,Current,Current,1095214.45,0,0,7/17/2024,47233.02,FALSE,Same,FALSE,FALSE,Standard,0,Static
8/30/2024,ZAAUTO2024-1-00165,ZAAUTO2024-1,0,Current,Current,1046264.77,0,0,7/26/2024,41849.07,FALSE,Same,FALSE,FALSE,Standard,0,Static
9/30/2024,ZAAUTO2024-1-00165,ZAAUTO2024-1,12,1-29 DPD,Current,996708.09,45578.06,1,9/24/2024,13793.6,FALSE,Worse,FALSE,FALSE,SMA-0,1,Roll
10/30/2024,ZAAUTO2024-1-00165,ZAAUTO2024-1,25,1-29 DPD,1-29 DPD,989970.29,45578.06,1,10/2/2024,4507.83,FALSE,Same,FALSE,FALSE,SMA-0,2,Static
12/30/2023,ZAAUTO2024-1-00166,ZAAUTO2024-1,0,Current,Current,551788.61,0,0,12/22/2023,28512.48,FALSE,Same,FALSE,FALSE,Standard,0,Static
1/30/2024,ZAAUTO2024-1-00166,ZAAUTO2024-1,0,Current,Current,539711.64,0,0,12/30/2023,29117.45,FALSE,Same,FALSE,FALSE,Standard,0,Static
2/28/2024,ZAAUTO2024-1-00166,ZAAUTO2024-1,0,Current,Current,501632.65,0,0,2/13/2024,30254.08,FALSE,Same,FALSE,FALSE,Standard,0,Static
3/30/2024,ZAAUTO2024-1-00166,ZAAUTO2024-1,0,Current,Current,501370.68,0,0,2/29/2024,30735.56,FALSE,Same,FALSE,FALSE,Standard,0,Static
4/30/2024,ZAAUTO2024-1-00166,ZAAUTO2024-1,0,Current,Current,502129.15,0,0,4/20/2024,30816.99,FALSE,Same,FALSE,FALSE,Standard,0,Static
5/30/2024,ZAAUTO2024-1-00166,ZAAUTO2024-1,0,Current,Current,480485.36,0,0,5/19/2024,28363.93,FALSE,Same,FALSE,FALSE,Standard,0,Static
5/30/2024,ZAAUTO2024-1-00166,ZAAUTO2024-1,0,Current,Current,464631.22,0,0,5/5/2024,27797.51,FALSE,Same,FALSE,FALSE,Standard,0,Static
6/30/2024,ZAAUTO2024-1-00166,ZAAUTO2024-1,0,Current,Current,455602.41,0,0,6/30/2024,30090.95,FALSE,Same,FALSE,FALSE,Standard,0,Static
7/30/2024,ZAAUTO2024-1-00166,ZAAUTO2024-1,0,Current,Current,425995.18,0,0,7/8/2024,27840.26,FALSE,Same,FALSE,FALSE,Standard,0,Static
8/30/2024,ZAAUTO2024-1-00166,ZAAUTO2024-1,0,Current,Current,429831.31,0,0,7/27/2024,28012.53,FALSE,Same,FALSE,FALSE,Standard,0,Static
9/30/2024,ZAAUTO2024-1-00166,ZAAUTO2024-1,0,Current,Current,415742.83,0,0,8/28/2024,29927.05,FALSE,Same,FALSE,FALSE,Standard,0,Static
10/30/2024,ZAAUTO2024-1-00166,ZAAUTO2024-1,0,Current,Current,402740.39,0,0,10/24/2024,28798.68,FALSE,Same,FALSE,FALSE,Standard,0,Static
12/30/2023,ZAAUTO2024-1-00167,ZAAUTO2024-1,11,1-29 DPD,Current,267732.39,15251.64,1,12/26/2023,2018.41,FALSE,Worse,FALSE,FALSE,SMA-0,1,Roll
1/30/2024,ZAAUTO2024-1-00167,ZAAUTO2024-1,0,Current,1-29 DPD,261927.47,0,0,1/20/2024,15382.83,TRUE,Better,FALSE,FALSE,Standard,0,Cure
2/28/2024,ZAAUTO2024-1-00167,ZAAUTO2024-1,0,Current,Current,240185.91,0,0,1/27/2024,13972.83,FALSE,Same,FALSE,FALSE,Standard,0,Static
3/30/2024,ZAAUTO2024-1-00167,ZAAUTO2024-1,0,Current,Current,238493.76,0,0,2/24/2024,15160.4,FALSE,Same,FALSE,FALSE,Standard,0,Static
4/30/2024,ZAAUTO2024-1-00167,ZAAUTO2024-1,0,Current,Current,236769.4,0,0,3/27/2024,14630.28,FALSE,Same,FALSE,FALSE,Standard,0,Static
5/30/2024,ZAAUTO2024-1-00167,ZAAUTO2024-1,0,Current,Current,226751.99,0,0,5/16/2024,14215.55,FALSE,Same,FALSE,FALSE,Standard,0,Static
5/30/2024,ZAAUTO2024-1-00167,ZAAUTO2024-1,0,Current,Current,218896.15,0,0,5/19/2024,13760.78,FALSE,Same,FALSE,FALSE,Standard,0,Static
6/30/2024,ZAAUTO2024-1-00167,ZAAUTO2024-1,0,Current,Current,216726.43,0,0,6/30/2024,14616.84,FALSE,Same,FALSE,FALSE,Standard,0,Static
7/30/2024,ZAAUTO2024-1-00167,ZAAUTO2024-1,0,Current,Current,207002.2,0,0,7/26/2024,15231.73,FALSE,Same,FALSE,FALSE,Standard,0,Static
8/30/2024,ZAAUTO2024-1-00167,ZAAUTO2024-1,0,Current,Current,197678.46,0,0,8/7/2024,13827,FALSE,Same,FALSE,FALSE,Standard,0,Static
9/30/2024,ZAAUTO2024-1-00167,ZAAUTO2024-1,0,Current,Current,199386.81,0,0,9/4/2024,14416.31,FALSE,Same,FALSE,FALSE,Standard,0,Static
10/30/2024,ZAAUTO2024-1-00167,ZAAUTO2024-1,0,Current,Current,188616.72,0,0,10/24/2024,15356.57,FALSE,Same,FALSE,FALSE,Standard,0,Static
12/30/2023,ZAAUTO2024-1-00168,ZAAUTO2024-1,0,Current,Current,1331150.97,0,0,12/10/2023,60582.28,FALSE,Same,FALSE,FALSE,Standard,0,Static
1/30/2024,ZAAUTO2024-1-00168,ZAAUTO2024-1,0,Current,Current,1353480.07,0,0,1/26/2024,55000.57,FALSE,Same,FALSE,FALSE,Standard,0,Static
2/28/2024,ZAAUTO2024-1-00168,ZAAUTO2024-1,0,Current,Current,1322864.24,0,0,1/31/2024,55410.93,FALSE,Same,FALSE,FALSE,Standard,0,Static
3/30/2024,ZAAUTO2024-1-00168,ZAAUTO2024-1,0,Current,Current,1300680.57,0,0,3/16/2024,56461.85,FALSE,Same,FALSE,FALSE,Standard,0,Static
4/30/2024,ZAAUTO2024-1-00168,ZAAUTO2024-1,0,Current,Current,1281253.34,0,0,4/30/2024,54110.68,FALSE,Same,FALSE,FALSE,Standard,0,Static
5/30/2024,ZAAUTO2024-1-00168,ZAAUTO2024-1,0,Current,Current,1248198.79,0,0,5/23/2024,54772.61,FALSE,Same,FALSE,FALSE,Standard,0,Static
5/30/2024,ZAAUTO2024-1-00168,ZAAUTO2024-1,0,Current,Current,1233546.83,0,0,5/15/2024,57471.96,FALSE,Same,FALSE,FALSE,Standard,0,Static
6/30/2024,ZAAUTO2024-1-00168,ZAAUTO2024-1,0,Current,Current,1150954.31,0,0,6/7/2024,56421.1,FALSE,Same,FALSE,FALSE,Standard,0,Static
7/30/2024,ZAAUTO2024-1-00168,ZAAUTO2024-1,0,Current,Current,1138553.9,0,0,7/6/2024,53865.67,FALSE,Same,FALSE,FALSE,Standard,0,Static
8/30/2024,ZAAUTO2024-1-00168,ZAAUTO2024-1,0,Current,Current,1100881.59,0,0,8/2/2024,58509.35,FALSE,Same,FALSE,FALSE,Standard,0,Static
9/30/2024,ZAAUTO2024-1-00168,ZAAUTO2024-1,0,Current,Current,1099781.54,0,0,9/13/2024,54848.06,FALSE,Same,FALSE,FALSE,Standard,0,Static
10/30/2024,ZAAUTO2024-1-00168,ZAAUTO2024-1,0,Current,Current,1110607.12,0,0,10/28/2024,56613.38,FALSE,Same,FALSE,FALSE,Standard,0,Static
12/30/2023,ZAAUTO2024-1-00169,ZAAUTO2024-1,0,Current,Current,484604.55,0,0,12/16/2023,21467.8,FALSE,Same,FALSE,FALSE,Standard,0,Static
1/30/2024,ZAAUTO2024-1-00169,ZAAUTO2024-1,0,Current,Current,464047.7,0,0,1/10/2024,20088.66,FALSE,Same,FALSE,FALSE,Standard,0,Static
2/28/2024,ZAAUTO2024-1-00169,ZAAUTO2024-1,0,Current,Current,461963.12,0,0,2/24/2024,22318.33,FALSE,Same,FALSE,FALSE,Standard,0,Static
3/30/2024,ZAAUTO2024-1-00169,ZAAUTO2024-1,0,Current,Current,433818.23,0,0,3/18/2024,19661.65,FALSE,Same,FALSE,FALSE,Standard,0,Static
4/30/2024,ZAAUTO2024-1-00169,ZAAUTO2024-1,0,Current,Current,452533.88,0,0,4/17/2024,19900.28,FALSE,Same,FALSE,FALSE,Standard,0,Static
5/30/2024,ZAAUTO2024-1-00169,ZAAUTO2024-1,0,Current,Current,417095.19,0,0,4/25/2024,22192.78,FALSE,Same,FALSE,FALSE,Standard,0,Static
5/30/2024,ZAAUTO2024-1-00169,ZAAUTO2024-1,0,Current,Current,429538.44,0,0,5/15/2024,21140.86,FALSE,Same,FALSE,FALSE,Standard,0,Static
6/30/2024,ZAAUTO2024-1-00169,ZAAUTO2024-1,0,Current,Current,404370.8,0,0,6/1/2024,20504.23,FALSE,Same,FALSE,FALSE,Standard,0,Static
7/30/2024,ZAAUTO2024-1-00169,ZAAUTO2024-1,0,Current,Current,402496.05,0,0,7/15/2024,20869.89,FALSE,Same,FALSE,FALSE,Standard,0,Static
8/30/2024,ZAAUTO2024-1-00169,ZAAUTO2024-1,20,1-29 DPD,Current,379119.5,21658.19,1,8/12/2024,7490.55,FALSE,Worse,FALSE,FALSE,SMA-0,1,Roll
9/30/2024,ZAAUTO2024-1-00169,ZAAUTO2024-1,21,1-29 DPD,1-29 DPD,367784.13,21658.19,1,8/31/2024,1039.8,FALSE,Same,FALSE,FALSE,SMA-0,2,Static
10/30/2024,ZAAUTO2024-1-00169,ZAAUTO2024-1,0,Current,1-29 DPD,377784.63,0,0,10/5/2024,20719.47,TRUE,Better,FALSE,FALSE,Standard,0,Cure
12/30/2023,ZAAUTO2024-1-00170,ZAAUTO2024-1,0,Current,Current,1348700,0,0,11/26/2023,25203.15,FALSE,Same,FALSE,FALSE,Standard,0,Static
1/30/2024,ZAAUTO2024-1-00170,ZAAUTO2024-1,0,Current,Current,1348700,0,0,1/14/2024,26135.66,FALSE,Same,FALSE,FALSE,Standard,0,Static
2/28/2024,ZAAUTO2024-1-00170,ZAAUTO2024-1,0,Current,Current,1348700,0,0,2/10/2024,26113.93,FALSE,Same,FALSE,FALSE,Standard,0,Static
3/30/2024,ZAAUTO2024-1-00170,ZAAUTO2024-1,0,Current,Current,1348700,0,0,3/26/2024,25942.25,FALSE,Same,FALSE,FALSE,Standard,0,Static
4/30/2024,ZAAUTO2024-1-00170,ZAAUTO2024-1,0,Current,Current,1348700,0,0,4/18/2024,25211.04,FALSE,Same,FALSE,FALSE,Standard,0,Static
5/30/2024,ZAAUTO2024-1-00170,ZAAUTO2024-1,0,Current,Current,1279679.87,0,0,5/30/2024,28106.77,FALSE,Same,FALSE,FALSE,Standard,0,Static
5/30/2024,ZAAUTO2024-1-00170,ZAAUTO2024-1,53,30-59 DPD,Current,1309251.81,27308.06,1,4/29/2024,6628.57,FALSE,Worse,FALSE,FALSE,SMA-1,1,Roll
6/30/2024,ZAAUTO2024-1-00170,ZAAUTO2024-1,73,60-89 DPD,30-59 DPD,1308384.73,54616.12,2,6/7/2024,6292.39,FALSE,Worse,FALSE,FALSE,SMA-2,2,Roll
7/30/2024,ZAAUTO2024-1-00170,ZAAUTO2024-1,69,60-89 DPD,60-89 DPD,1261278.62,54616.12,2,7/26/2024,6697.92,FALSE,Same,FALSE,FALSE,SMA-2,3,Static
8/30/2024,ZAAUTO2024-1-00170,ZAAUTO2024-1,61,60-89 DPD,60-89 DPD,1271841.08,54616.12,2,8/23/2024,6305.31,FALSE,Same,FALSE,FALSE,SMA-2,4,Static
9/30/2024,ZAAUTO2024-1-00170,ZAAUTO2024-1,78,60-89 DPD,60-89 DPD,1179900.06,54616.12,2,9/3/2024,15681.88,FALSE,Same,FALSE,FALSE,SMA-2,5,Static
10/30/2024,ZAAUTO2024-1-00170,ZAAUTO2024-1,84,60-89 DPD,60-89 DPD,1223884.34,54616.12,2,10/8/2024,8349.85,FALSE,Same,FALSE,FALSE,SMA-2,6,Static
12/30/2023,ZAAUTO2024-1-00171,ZAAUTO2024-1,0,Current,Current,1012354.05,0,0,12/21/2023,30828.67,FALSE,Same,FALSE,FALSE,Standard,0,Static
1/30/2024,ZAAUTO2024-1-00171,ZAAUTO2024-1,0,Current,Current,972394.04,0,0,1/21/2024,30794,FALSE,Same,FALSE,FALSE,Standard,0,Static
2/28/2024,ZAAUTO2024-1-00171,ZAAUTO2024-1,0,Current,Current,959533.51,0,0,2/18/2024,29602.71,FALSE,Same,FALSE,FALSE,Standard,0,Static
3/30/2024,ZAAUTO2024-1-00171,ZAAUTO2024-1,0,Current,Current,947659.5,0,0,3/6/2024,31499.95,FALSE,Same,FALSE,FALSE,Standard,0,Static
4/30/2024,ZAAUTO2024-1-00171,ZAAUTO2024-1,0,Current,Current,912445.43,0,0,4/25/2024,32095.07,FALSE,Same,FALSE,FALSE,Standard,0,Static
5/30/2024,ZAAUTO2024-1-00171,ZAAUTO2024-1,0,Current,Current,864480.12,0,0,5/3/2024,30358.43,FALSE,Same,FALSE,FALSE,Standard,0,Static
5/30/2024,ZAAUTO2024-1-00171,ZAAUTO2024-1,0,Current,Current,856691.34,0,0,5/11/2024,32006.98,FALSE,Same,FALSE,FALSE,Standard,0,Static
6/30/2024,ZAAUTO2024-1-00171,ZAAUTO2024-1,0,Current,Current,840281.91,0,0,6/6/2024,32427.63,FALSE,Same,FALSE,FALSE,Standard,0,Static
7/30/2024,ZAAUTO2024-1-00171,ZAAUTO2024-1,0,Current,Current,828997.59,0,0,7/25/2024,30080,FALSE,Same,FALSE,FALSE,Standard,0,Static
8/30/2024,ZAAUTO2024-1-00171,ZAAUTO2024-1,0,Current,Current,796668.16,0,0,8/8/2024,33550.95,FALSE,Same,FALSE,FALSE,Standard,0,Static
9/30/2024,ZAAUTO2024-1-00171,ZAAUTO2024-1,0,Current,Current,757080.78,0,0,9/17/2024,34121.06,FALSE,Same,FALSE,FALSE,Standard,0,Static
10/30/2024,ZAAUTO2024-1-00171,ZAAUTO2024-1,0,Current,Current,741437.3,0,0,10/11/2024,29573.58,FALSE,Same,FALSE,FALSE,Standard,0,Static
12/30/2023,ZAAUTO2024-1-00172,ZAAUTO2024-1,0,Current,Current,722710.16,0,0,11/28/2023,15541.71,FALSE,Same,FALSE,FALSE,Standard,0,Static
1/30/2024,ZAAUTO2024-1-00172,ZAAUTO2024-1,0,Current,Current,709365.93,0,0,1/17/2024,13835.45,FALSE,Same,FALSE,FALSE,Standard,0,Static
2/28/2024,ZAAUTO2024-1-00172,ZAAUTO2024-1,0,Current,Current,678369.32,0,0,2/17/2024,15230.13,FALSE,Same,FALSE,FALSE,Standard,0,Static
3/30/2024,ZAAUTO2024-1-00172,ZAAUTO2024-1,0,Current,Current,673692.79,0,0,3/4/2024,14406.02,FALSE,Same,FALSE,FALSE,Standard,0,Static
4/30/2024,ZAAUTO2024-1-00172,ZAAUTO2024-1,0,Current,Current,697106.36,0,0,4/24/2024,15362.5,FALSE,Same,FALSE,FALSE,Standard,0,Static
5/30/2024,ZAAUTO2024-1-00172,ZAAUTO2024-1,0,Current,Current,649892.32,0,0,5/12/2024,13611.93,FALSE,Same,FALSE,FALSE,Standard,0,Static
5/30/2024,ZAAUTO2024-1-00172,ZAAUTO2024-1,0,Current,Current,636695.87,0,0,5/26/2024,14185.53,FALSE,Same,FALSE,FALSE,Standard,0,Static
6/30/2024,ZAAUTO2024-1-00172,ZAAUTO2024-1,0,Current,Current,646510.93,0,0,5/31/2024,14505.47,FALSE,Same,FALSE,FALSE,Standard,0,Static
7/30/2024,ZAAUTO2024-1-00172,ZAAUTO2024-1,0,Current,Current,642740.06,0,0,7/30/2024,13556.8,FALSE,Same,FALSE,FALSE,Standard,0,Static
8/30/2024,ZAAUTO2024-1-00172,ZAAUTO2024-1,0,Current,Current,630598.06,0,0,8/30/2024,14908.36,FALSE,Same,FALSE,FALSE,Standard,0,Static
9/30/2024,ZAAUTO2024-1-00172,ZAAUTO2024-1,0,Current,Current,620464.05,0,0,9/28/2024,13636.84,FALSE,Same,FALSE,FALSE,Standard,0,Static
10/30/2024,ZAAUTO2024-1-00172,ZAAUTO2024-1,0,Current,Current,597371.55,0,0,10/30/2024,14260.49,FALSE,Same,FALSE,FALSE,Standard,0,Static
12/30/2023,ZAAUTO2024-1-00173,ZAAUTO2024-1,0,Current,Current,177595.45,0,0,12/5/2023,6129.5,FALSE,Same,FALSE,FALSE,Standard,0,Static
1/30/2024,ZAAUTO2024-1-00173,ZAAUTO2024-1,0,Current,Current,170292.14,0,0,1/8/2024,6604.83,FALSE,Same,FALSE,FALSE,Standard,0,Static
2/28/2024,ZAAUTO2024-1-00173,ZAAUTO2024-1,0,Current,Current,176034.22,0,0,2/28/2024,6204.92,FALSE,Same,FALSE,FALSE,Standard,0,Static
3/30/2024,ZAAUTO2024-1-00173,ZAAUTO2024-1,0,Current,Current,171122.4,0,0,3/22/2024,5790.51,FALSE,Same,FALSE,FALSE,Standard,0,Static
4/30/2024,ZAAUTO2024-1-00173,ZAAUTO2024-1,33,30-59 DPD,Current,169536.47,6406.48,1,4/13/2024,3655.78,FALSE,Worse,FALSE,FALSE,SMA-1,1,Roll
5/30/2024,ZAAUTO2024-1-00173,ZAAUTO2024-1,84,60-89 DPD,30-59 DPD,165283.68,12812.96,2,5/7/2024,1737.12,FALSE,Worse,FALSE,FALSE,SMA-2,2,Roll
5/30/2024,ZAAUTO2024-1-00173,ZAAUTO2024-1,81,60-89 DPD,60-89 DPD,159909.35,12812.96,2,4/30/2024,1979.27,FALSE,Same,FALSE,FALSE,SMA-2,3,Static
6/30/2024,ZAAUTO2024-1-00173,ZAAUTO2024-1,81,60-89 DPD,60-89 DPD,151155.69,12812.96,2,6/10/2024,63.93,FALSE,Same,FALSE,FALSE,SMA-2,4,Static
7/30/2024,ZAAUTO2024-1-00173,ZAAUTO2024-1,71,60-89 DPD,60-89 DPD,155052.32,12812.96,2,7/10/2024,2605.88,FALSE,Same,FALSE,FALSE,SMA-2,5,Static
8/30/2024,ZAAUTO2024-1-00173,ZAAUTO2024-1,97,90-119 DPD,60-89 DPD,148622.89,19219.44,3,8/5/2024,2841.42,FALSE,Worse,FALSE,FALSE,NPA,6,Roll
9/30/2024,ZAAUTO2024-1-00173,ZAAUTO2024-1,115,90-119 DPD,90-119 DPD,139680.68,19219.44,3,9/3/2024,3609.74,FALSE,Same,FALSE,FALSE,NPA,7,Static
10/30/2024,ZAAUTO2024-1-00173,ZAAUTO2024-1,358,120+ DPD,90-119 DPD,140185.28,70471.28,11,10/24/2024,2822.48,FALSE,Worse,FALSE,FALSE,NPA,8,Roll
12/30/2023,ZAAUTO2024-1-00174,ZAAUTO2024-1,0,Current,Current,306281.29,0,0,12/1/2023,10805.46,FALSE,Same,FALSE,FALSE,Standard,0,Static
1/30/2024,ZAAUTO2024-1-00174,ZAAUTO2024-1,0,Current,Current,295533.81,0,0,1/23/2024,11355.74,FALSE,Same,FALSE,FALSE,Standard,0,Static
2/28/2024,ZAAUTO2024-1-00174,ZAAUTO2024-1,0,Current,Current,288941.22,0,0,2/13/2024,10881.82,FALSE,Same,FALSE,FALSE,Standard,0,Static
3/30/2024,ZAAUTO2024-1-00174,ZAAUTO2024-1,0,Current,Current,284582.14,0,0,3/25/2024,10695.82,FALSE,Same,FALSE,FALSE,Standard,0,Static
4/30/2024,ZAAUTO2024-1-00174,ZAAUTO2024-1,0,Current,Current,280494.55,0,0,4/29/2024,10791.76,FALSE,Same,FALSE,FALSE,Standard,0,Static
5/30/2024,ZAAUTO2024-1-00174,ZAAUTO2024-1,0,Current,Current,270435.86,0,0,5/6/2024,11853.51,FALSE,Same,FALSE,FALSE,Standard,0,Static
5/30/2024,ZAAUTO2024-1-00174,ZAAUTO2024-1,0,Current,Current,248832.84,0,0,5/14/2024,11677.66,FALSE,Same,FALSE,FALSE,Standard,0,Static
6/30/2024,ZAAUTO2024-1-00174,ZAAUTO2024-1,0,Current,Current,253191.64,0,0,6/23/2024,11676.86,FALSE,Same,FALSE,FALSE,Standard,0,Static
7/30/2024,ZAAUTO2024-1-00174,ZAAUTO2024-1,0,Current,Current,243875.34,0,0,6/29/2024,10669.49,FALSE,Same,FALSE,FALSE,Standard,0,Static
8/30/2024,ZAAUTO2024-1-00174,ZAAUTO2024-1,0,Current,Current,231315.09,0,0,8/16/2024,12143.39,FALSE,Same,FALSE,FALSE,Standard,0,Static
9/30/2024,ZAAUTO2024-1-00174,ZAAUTO2024-1,0,Current,Current,223804.5,0,0,9/26/2024,11639.22,FALSE,Same,FALSE,FALSE,Standard,0,Static
10/30/2024,ZAAUTO2024-1-00174,ZAAUTO2024-1,0,Current,Current,209244.44,0,0,10/6/2024,11656.62,FALSE,Same,FALSE,FALSE,Standard,0,Static
12/30/2023,ZAAUTO2024-1-00175,ZAAUTO2024-1,0,Current,Current,479618.68,0,0,12/22/2023,9052.69,FALSE,Same,FALSE,FALSE,Standard,0,Static
1/30/2024,ZAAUTO2024-1-00175,ZAAUTO2024-1,0,Current,Current,483853.83,0,0,1/30/2024,8336.05,FALSE,Same,FALSE,FALSE,Standard,0,Static
2/28/2024,ZAAUTO2024-1-00175,ZAAUTO2024-1,0,Current,Current,463254.29,0,0,2/16/2024,9044.48,FALSE,Same,FALSE,FALSE,Standard,0,Static
3/30/2024,ZAAUTO2024-1-00175,ZAAUTO2024-1,0,Current,Current,467297.78,0,0,3/10/2024,8944.31,FALSE,Same,FALSE,FALSE,Standard,0,Static
4/30/2024,ZAAUTO2024-1-00175,ZAAUTO2024-1,0,Current,Current,452844.11,0,0,4/22/2024,8612.06,FALSE,Same,FALSE,FALSE,Standard,0,Static
5/30/2024,ZAAUTO2024-1-00175,ZAAUTO2024-1,0,Current,Current,438189.13,0,0,5/16/2024,8066.3,FALSE,Same,FALSE,FALSE,Standard,0,Static
5/30/2024,ZAAUTO2024-1-00175,ZAAUTO2024-1,0,Current,Current,411746.38,0,0,5/1/2024,8342.82,FALSE,Same,FALSE,FALSE,Standard,0,Static
6/30/2024,ZAAUTO2024-1-00175,ZAAUTO2024-1,0,Current,Current,427602.87,0,0,6/12/2024,9031.4,FALSE,Same,FALSE,FALSE,Standard,0,Static
7/30/2024,ZAAUTO2024-1-00175,ZAAUTO2024-1,0,Current,Current,409781.72,0,0,7/1/2024,8120.24,FALSE,Same,FALSE,FALSE,Standard,0,Static
8/30/2024,ZAAUTO2024-1-00175,ZAAUTO2024-1,0,Current,Current,395187.93,0,0,8/28/2024,8716.58,FALSE,Same,FALSE,FALSE,Standard,0,Static
9/30/2024,ZAAUTO2024-1-00175,ZAAUTO2024-1,69,60-89 DPD,Current,393012.46,17612.24,2,9/23/2024,1444.83,FALSE,Worse,FALSE,FALSE,SMA-2,1,Roll
10/30/2024,ZAAUTO2024-1-00175,ZAAUTO2024-1,87,60-89 DPD,60-89 DPD,390169.35,17612.24,2,9/30/2024,3334.4,FALSE,Same,FALSE,FALSE,SMA-2,2,Static
12/30/2023,ZAAUTO2024-1-00176,ZAAUTO2024-1,0,Current,Current,1615700,0,0,12/19/2023,52028,FALSE,Same,FALSE,FALSE,Standard,0,Static
1/30/2024,ZAAUTO2024-1-00176,ZAAUTO2024-1,0,Current,Current,1615700,0,0,1/11/2024,52996.28,FALSE,Same,FALSE,FALSE,Standard,0,Static
2/28/2024,ZAAUTO2024-1-00176,ZAAUTO2024-1,0,Current,Current,1615700,0,0,2/18/2024,53046.92,FALSE,Same,FALSE,FALSE,Standard,0,Static
3/30/2024,ZAAUTO2024-1-00176,ZAAUTO2024-1,0,Current,Current,1615700,0,0,3/9/2024,48732.29,FALSE,Same,FALSE,FALSE,Standard,0,Static
4/30/2024,ZAAUTO2024-1-00176,ZAAUTO2024-1,0,Current,Current,1612285.39,0,0,4/8/2024,51276.31,FALSE,Same,FALSE,FALSE,Standard,0,Static
5/30/2024,ZAAUTO2024-1-00176,ZAAUTO2024-1,0,Current,Current,1579143.84,0,0,4/27/2024,51041.4,FALSE,Same,FALSE,FALSE,Standard,0,Static
5/30/2024,ZAAUTO2024-1-00176,ZAAUTO2024-1,0,Current,Current,1543347.34,0,0,5/18/2024,50846.8,FALSE,Same,FALSE,FALSE,Standard,0,Static
6/30/2024,ZAAUTO2024-1-00176,ZAAUTO2024-1,0,Current,Current,1548987.55,0,0,6/24/2024,46520.16,FALSE,Same,FALSE,FALSE,Standard,0,Static
7/30/2024,ZAAUTO2024-1-00176,ZAAUTO2024-1,25,1-29 DPD,Current,1551309.34,50585.46,1,7/27/2024,25792.81,FALSE,Worse,FALSE,FALSE,SMA-0,1,Roll
8/30/2024,ZAAUTO2024-1-00176,ZAAUTO2024-1,0,Current,1-29 DPD,1518258.52,0,0,8/1/2024,50494.16,TRUE,Better,FALSE,FALSE,Standard,0,Cure
9/30/2024,ZAAUTO2024-1-00176,ZAAUTO2024-1,0,Current,Current,1480176.61,0,0,9/2/2024,50807.7,FALSE,Same,FALSE,FALSE,Standard,0,Static
10/30/2024,ZAAUTO2024-1-00176,ZAAUTO2024-1,10,1-29 DPD,Current,1489114.42,50585.46,1,10/17/2024,6620.72,FALSE,Worse,FALSE,FALSE,SMA-0,1,Roll
12/30/2023,ZAAUTO2024-1-00177,ZAAUTO2024-1,0,Current,Current,677042.06,0,0,12/24/2023,23721.73,FALSE,Same,FALSE,FALSE,Standard,0,Static
1/30/2024,ZAAUTO2024-1-00177,ZAAUTO2024-1,0,Current,Current,636445.13,0,0,1/27/2024,22832.53,FALSE,Same,FALSE,FALSE,Standard,0,Static
2/28/2024,ZAAUTO2024-1-00177,ZAAUTO2024-1,17,1-29 DPD,Current,624702.94,24882.82,1,2/1/2024,14477.73,FALSE,Worse,FALSE,FALSE,SMA-0,1,Roll
3/30/2024,ZAAUTO2024-1-00177,ZAAUTO2024-1,0,Current,1-29 DPD,603991.75,0,0,3/5/2024,23308.99,TRUE,Better,FALSE,FALSE,Standard,0,Cure
4/30/2024,ZAAUTO2024-1-00177,ZAAUTO2024-1,4,1-29 DPD,Current,568406.77,24882.82,1,3/30/2024,4519.06,FALSE,Worse,FALSE,FALSE,SMA-0,1,Roll
5/30/2024,ZAAUTO2024-1-00177,ZAAUTO2024-1,0,Current,1-29 DPD,563375.54,0,0,5/19/2024,24831.05,TRUE,Better,FALSE,FALSE,Standard,0,Cure
5/30/2024,ZAAUTO2024-1-00177,ZAAUTO2024-1,0,Current,Current,535249.67,0,0,5/25/2024,25297.36,FALSE,Same,FALSE,FALSE,Standard,0,Static
6/30/2024,ZAAUTO2024-1-00177,ZAAUTO2024-1,0,Current,Current,534011.19,0,0,6/6/2024,23421.76,FALSE,Same,FALSE,FALSE,Standard,0,Static
7/30/2024,ZAAUTO2024-1-00177,ZAAUTO2024-1,0,Current,Current,506448.46,0,0,7/7/2024,22437.84,FALSE,Same,FALSE,FALSE,Standard,0,Static
8/30/2024,ZAAUTO2024-1-00177,ZAAUTO2024-1,0,Current,Current,468357.24,0,0,8/23/2024,24220.51,FALSE,Same,FALSE,FALSE,Standard,0,Static
9/30/2024,ZAAUTO2024-1-00177,ZAAUTO2024-1,0,Current,Current,467496.98,0,0,8/29/2024,23234.09,FALSE,Same,FALSE,FALSE,Standard,0,Static
10/30/2024,ZAAUTO2024-1-00177,ZAAUTO2024-1,0,Current,Current,445167.16,0,0,9/30/2024,23416.19,FALSE,Same,FALSE,FALSE,Standard,0,Static
12/30/2023,ZAAUTO2024-1-00178,ZAAUTO2024-1,0,Current,Current,834042.83,0,0,12/29/2023,28957.78,FALSE,Same,FALSE,FALSE,Standard,0,Static
1/30/2024,ZAAUTO2024-1-00178,ZAAUTO2024-1,0,Current,Current,855510.53,0,0,12/28/2023,29386.98,FALSE,Same,FALSE,FALSE,Standard,0,Static
2/28/2024,ZAAUTO2024-1-00178,ZAAUTO2024-1,0,Current,Current,821224.43,0,0,1/25/2024,30406.86,FALSE,Same,FALSE,FALSE,Standard,0,Static
3/30/2024,ZAAUTO2024-1-00178,ZAAUTO2024-1,0,Current,Current,820175.86,0,0,3/23/2024,30586.93,FALSE,Same,FALSE,FALSE,Standard,0,Static
4/30/2024,ZAAUTO2024-1-00178,ZAAUTO2024-1,0,Current,Current,770734.47,0,0,4/23/2024,27992.49,FALSE,Same,FALSE,FALSE,Standard,0,Static
5/30/2024,ZAAUTO2024-1-00178,ZAAUTO2024-1,0,Current,Current,776012.3,0,0,5/19/2024,27198.37,FALSE,Same,FALSE,FALSE,Standard,0,Static
5/30/2024,ZAAUTO2024-1-00178,ZAAUTO2024-1,0,Current,Current,751244.93,0,0,5/10/2024,27731.54,FALSE,Same,FALSE,FALSE,Standard,0,Static
6/30/2024,ZAAUTO2024-1-00178,ZAAUTO2024-1,0,Current,Current,718104.35,0,0,6/17/2024,30130.09,FALSE,Same,FALSE,FALSE,Standard,0,Static
7/30/2024,ZAAUTO2024-1-00178,ZAAUTO2024-1,0,Current,Current,699926.72,0,0,7/14/2024,31030.51,FALSE,Same,FALSE,FALSE,Standard,0,Static
8/30/2024,ZAAUTO2024-1-00178,ZAAUTO2024-1,0,Current,Current,681253.46,0,0,8/23/2024,29466.63,FALSE,Same,FALSE,FALSE,Standard,0,Static
9/30/2024,ZAAUTO2024-1-00178,ZAAUTO2024-1,0,Current,Current,681351.25,0,0,8/27/2024,27951.46,FALSE,Same,FALSE,FALSE,Standard,0,Static
10/30/2024,ZAAUTO2024-1-00178,ZAAUTO2024-1,0,Current,Current,694278.05,0,0,10/30/2024,28298.99,FALSE,Same,FALSE,FALSE,Standard,0,Static
12/30/2023,ZAAUTO2024-1-00179,ZAAUTO2024-1,17,1-29 DPD,Current,525766.95,10287.84,1,12/24/2023,4090.14,FALSE,Worse,FALSE,FALSE,SMA-0,1,Roll
1/30/2024,ZAAUTO2024-1-00179,ZAAUTO2024-1,2,1-29 DPD,1-29 DPD,518400.48,10287.84,1,1/18/2024,874.47,FALSE,Same,FALSE,FALSE,SMA-0,2,Static
2/28/2024,ZAAUTO2024-1-00179,ZAAUTO2024-1,0,Current,1-29 DPD,532855.12,0,0,2/15/2024,10736.53,TRUE,Better,FALSE,FALSE,Standard,0,Cure
3/30/2024,ZAAUTO2024-1-00179,ZAAUTO2024-1,0,Current,Current,514847.53,0,0,3/17/2024,10172.28,FALSE,Same,FALSE,FALSE,Standard,0,Static
4/30/2024,ZAAUTO2024-1-00179,ZAAUTO2024-1,0,Current,Current,494620.18,0,0,4/3/2024,9373.81,FALSE,Same,FALSE,FALSE,Standard,0,Static
5/30/2024,ZAAUTO2024-1-00179,ZAAUTO2024-1,0,Current,Current,485401.76,0,0,5/6/2024,10261.76,FALSE,Same,FALSE,FALSE,Standard,0,Static
5/30/2024,ZAAUTO2024-1-00179,ZAAUTO2024-1,0,Current,Current,473822.71,0,0,5/1/2024,9387.53,FALSE,Same,FALSE,FALSE,Standard,0,Static
6/30/2024,ZAAUTO2024-1-00179,ZAAUTO2024-1,0,Current,Current,468540.31,0,0,6/3/2024,10709.95,FALSE,Same,FALSE,FALSE,Standard,0,Static
7/30/2024,ZAAUTO2024-1-00179,ZAAUTO2024-1,0,Current,Current,456431.43,0,0,7/17/2024,9367.94,FALSE,Same,FALSE,FALSE,Standard,0,Static
8/30/2024,ZAAUTO2024-1-00179,ZAAUTO2024-1,0,Current,Current,467339.81,0,0,8/18/2024,10361.57,FALSE,Same,FALSE,FALSE,Standard,0,Static
9/30/2024,ZAAUTO2024-1-00179,ZAAUTO2024-1,0,Current,Current,453211.92,0,0,8/29/2024,10192.59,FALSE,Same,FALSE,FALSE,Standard,0,Static
10/30/2024,ZAAUTO2024-1-00179,ZAAUTO2024-1,0,Current,Current,440078.63,0,0,10/21/2024,9747.26,FALSE,Same,FALSE,FALSE,Standard,0,Static
12/30/2023,ZAAUTO2024-1-00180,ZAAUTO2024-1,0,Current,Current,691762.97,0,0,12/21/2023,17243.53,FALSE,Same,FALSE,FALSE,Standard,0,Static
1/30/2024,ZAAUTO2024-1-00180,ZAAUTO2024-1,0,Current,Current,653799.77,0,0,1/30/2024,15308.25,FALSE,Same,FALSE,FALSE,Standard,0,Static
2/28/2024,ZAAUTO2024-1-00180,ZAAUTO2024-1,0,Current,Current,677558.94,0,0,2/14/2024,16012.88,FALSE,Same,FALSE,FALSE,Standard,0,Static
3/30/2024,ZAAUTO2024-1-00180,ZAAUTO2024-1,0,Current,Current,625600.59,0,0,3/23/2024,15503.52,FALSE,Same,FALSE,FALSE,Standard,0,Static
4/30/2024,ZAAUTO2024-1-00180,ZAAUTO2024-1,0,Current,Current,642362.77,0,0,4/11/2024,16540.55,FALSE,Same,FALSE,FALSE,Standard,0,Static
5/30/2024,ZAAUTO2024-1-00180,ZAAUTO2024-1,55,30-59 DPD,Current,620085.29,16735.96,1,4/27/2024,3503.51,FALSE,Worse,FALSE,FALSE,SMA-1,1,Roll
5/30/2024,ZAAUTO2024-1-00180,ZAAUTO2024-1,48,30-59 DPD,30-59 DPD,624793.82,16735.96,1,4/25/2024,2721.81,FALSE,Same,FALSE,FALSE,SMA-1,2,Static
6/30/2024,ZAAUTO2024-1-00180,ZAAUTO2024-1,63,60-89 DPD,30-59 DPD,614254.08,33471.92,2,6/20/2024,3193.18,FALSE,Worse,FALSE,FALSE,SMA-2,3,Roll
7/30/2024,ZAAUTO2024-1-00180,ZAAUTO2024-1,114,90-119 DPD,60-89 DPD,581256.4,50207.88,3,7/8/2024,8094.36,FALSE,Worse,FALSE,FALSE,NPA,4,Roll
8/30/2024,ZAAUTO2024-1-00180,ZAAUTO2024-1,111,90-119 DPD,90-119 DPD,593391.75,50207.88,3,7/27/2024,5539.65,FALSE,Same,FALSE,FALSE,NPA,5,Static
9/30/2024,ZAAUTO2024-1-00180,ZAAUTO2024-1,345,120+ DPD,90-119 DPD,576710.54,184095.56,11,8/31/2024,5947.73,FALSE,Worse,FALSE,FALSE,NPA,6,Roll
10/30/2024,ZAAUTO2024-1-00180,ZAAUTO2024-1,186,120+ DPD,120+ DPD,531953.06,100415.76,6,9/28/2024,7161.88,FALSE,Same,FALSE,FALSE,NPA,7,Static
12/30/2023,ZAAUTO2024-1-00181,ZAAUTO2024-1,0,Current,Current,648600,0,0,12/8/2023,16396.8,FALSE,Same,FALSE,FALSE,Standard,0,Static
1/30/2024,ZAAUTO2024-1-00181,ZAAUTO2024-1,0,Current,Current,648600,0,0,1/13/2024,16768.57,FALSE,Same,FALSE,FALSE,Standard,0,Static
2/28/2024,ZAAUTO2024-1-00181,ZAAUTO2024-1,0,Current,Current,648600,0,0,2/14/2024,15207.08,FALSE,Same,FALSE,FALSE,Standard,0,Static
3/30/2024,ZAAUTO2024-1-00181,ZAAUTO2024-1,0,Current,Current,648600,0,0,3/11/2024,15451.47,FALSE,Same,FALSE,FALSE,Standard,0,Static
4/30/2024,ZAAUTO2024-1-00181,ZAAUTO2024-1,0,Current,Current,639824.41,0,0,4/25/2024,16001.76,FALSE,Same,FALSE,FALSE,Standard,0,Static
5/30/2024,ZAAUTO2024-1-00181,ZAAUTO2024-1,0,Current,Current,619652.03,0,0,5/15/2024,16749.88,FALSE,Same,FALSE,FALSE,Standard,0,Static
5/30/2024,ZAAUTO2024-1-00181,ZAAUTO2024-1,0,Current,Current,614311.47,0,0,5/27/2024,14675.02,FALSE,Same,FALSE,FALSE,Standard,0,Static
6/30/2024,ZAAUTO2024-1-00181,ZAAUTO2024-1,0,Current,Current,610273.75,0,0,5/30/2024,16420.62,FALSE,Same,FALSE,FALSE,Standard,0,Static
7/30/2024,ZAAUTO2024-1-00181,ZAAUTO2024-1,0,Current,Current,588906.06,0,0,7/3/2024,16103.91,FALSE,Same,FALSE,FALSE,Standard,0,Static
8/30/2024,ZAAUTO2024-1-00181,ZAAUTO2024-1,0,Current,Current,618994.42,0,0,8/22/2024,15627.87,FALSE,Same,FALSE,FALSE,Standard,0,Static
9/30/2024,ZAAUTO2024-1-00181,ZAAUTO2024-1,0,Current,Current,591586.11,0,0,8/27/2024,16154.2,FALSE,Same,FALSE,FALSE,Standard,0,Static
10/30/2024,ZAAUTO2024-1-00181,ZAAUTO2024-1,0,Current,Current,577467.09,0,0,10/18/2024,16667.93,FALSE,Same,FALSE,FALSE,Standard,0,Static
12/30/2023,ZAAUTO2024-1-00182,ZAAUTO2024-1,0,Current,Current,3040300,0,0,12/20/2023,66318.08,FALSE,Same,FALSE,FALSE,Standard,0,Static
1/30/2024,ZAAUTO2024-1-00182,ZAAUTO2024-1,0,Current,Current,3040300,0,0,12/28/2023,68596.17,FALSE,Same,FALSE,FALSE,Standard,0,Static
2/28/2024,ZAAUTO2024-1-00182,ZAAUTO2024-1,6,1-29 DPD,Current,2991400.8,66240.03,1,2/20/2024,20415.89,FALSE,Worse,FALSE,FALSE,SMA-0,1,Roll
3/30/2024,ZAAUTO2024-1-00182,ZAAUTO2024-1,2,1-29 DPD,1-29 DPD,3022922.91,66240.03,1,3/6/2024,6775.72,FALSE,Same,FALSE,FALSE,SMA-0,2,Static
4/30/2024,ZAAUTO2024-1-00182,ZAAUTO2024-1,4,1-29 DPD,1-29 DPD,2960209.69,66240.03,1,4/15/2024,33056.15,FALSE,Same,FALSE,FALSE,SMA-0,3,Static
5/30/2024,ZAAUTO2024-1-00182,ZAAUTO2024-1,0,Current,1-29 DPD,3023308,0,0,5/23/2024,62498.11,TRUE,Better,FALSE,FALSE,Standard,0,Cure
5/30/2024,ZAAUTO2024-1-00182,ZAAUTO2024-1,0,Current,Current,2901370.96,0,0,5/14/2024,61733.05,FALSE,Same,FALSE,FALSE,Standard,0,Static
6/30/2024,ZAAUTO2024-1-00182,ZAAUTO2024-1,0,Current,Current,2908311.52,0,0,6/5/2024,61776.74,FALSE,Same,FALSE,FALSE,Standard,0,Static
7/30/2024,ZAAUTO2024-1-00182,ZAAUTO2024-1,0,Current,Current,2775967.63,0,0,6/28/2024,67820.46,FALSE,Same,FALSE,FALSE,Standard,0,Static
8/30/2024,ZAAUTO2024-1-00182,ZAAUTO2024-1,0,Current,Current,2678638.18,0,0,8/1/2024,68483.85,FALSE,Same,FALSE,FALSE,Standard,0,Static
9/30/2024,ZAAUTO2024-1-00182,ZAAUTO2024-1,0,Current,Current,2792637.19,0,0,9/27/2024,63150.7,FALSE,Same,FALSE,FALSE,Standard,0,Static
10/30/2024,ZAAUTO2024-1-00182,ZAAUTO2024-1,0,Current,Current,2702258.07,0,0,10/9/2024,62580.44,FALSE,Same,FALSE,FALSE,Standard,0,Static
12/30/2023,ZAAUTO2024-1-00183,ZAAUTO2024-1,0,Current,Current,638550.18,0,0,12/14/2023,19236.27,FALSE,Same,FALSE,FALSE,Standard,0,Static
1/30/2024,ZAAUTO2024-1-00183,ZAAUTO2024-1,0,Current,Current,644346.56,0,0,1/11/2024,19663.88,FALSE,Same,FALSE,FALSE,Standard,0,Static
2/28/2024,ZAAUTO2024-1-00183,ZAAUTO2024-1,0,Current,Current,654352.77,0,0,1/25/2024,21045.09,FALSE,Same,FALSE,FALSE,Standard,0,Static
3/30/2024,ZAAUTO2024-1-00183,ZAAUTO2024-1,0,Current,Current,606691.04,0,0,3/2/2024,20565.38,FALSE,Same,FALSE,FALSE,Standard,0,Static
4/30/2024,ZAAUTO2024-1-00183,ZAAUTO2024-1,0,Current,Current,608844.84,0,0,4/22/2024,19630.64,FALSE,Same,FALSE,FALSE,Standard,0,Static
5/30/2024,ZAAUTO2024-1-00183,ZAAUTO2024-1,0,Current,Current,596104.64,0,0,5/8/2024,21267.64,FALSE,Same,FALSE,FALSE,Standard,0,Static
5/30/2024,ZAAUTO2024-1-00183,ZAAUTO2024-1,0,Current,Current,595068.89,0,0,5/23/2024,19123.41,FALSE,Same,FALSE,FALSE,Standard,0,Static
6/30/2024,ZAAUTO2024-1-00183,ZAAUTO2024-1,0,Current,Current,555039.32,0,0,6/5/2024,19838.63,FALSE,Same,FALSE,FALSE,Standard,0,Static
7/30/2024,ZAAUTO2024-1-00183,ZAAUTO2024-1,0,Current,Current,554489.64,0,0,7/28/2024,19033.03,FALSE,Same,FALSE,FALSE,Standard,0,Static
8/30/2024,ZAAUTO2024-1-00183,ZAAUTO2024-1,0,Current,Current,536920.26,0,0,7/31/2024,21502.83,FALSE,Same,FALSE,FALSE,Standard,0,Static
9/30/2024,ZAAUTO2024-1-00183,ZAAUTO2024-1,0,Current,Current,554490.74,0,0,9/23/2024,19838.75,FALSE,Same,FALSE,FALSE,Standard,0,Static
10/30/2024,ZAAUTO2024-1-00183,ZAAUTO2024-1,0,Current,Current,525392.35,0,0,10/22/2024,19541.5,FALSE,Same,FALSE,FALSE,Standard,0,Static
12/30/2023,ZAAUTO2024-1-00184,ZAAUTO2024-1,0,Current,Current,721489.31,0,0,12/15/2023,17355.01,FALSE,Same,FALSE,FALSE,Standard,0,Static
1/30/2024,ZAAUTO2024-1-00184,ZAAUTO2024-1,0,Current,Current,712880.87,0,0,1/3/2024,20005.84,FALSE,Same,FALSE,FALSE,Standard,0,Static
2/28/2024,ZAAUTO2024-1-00184,ZAAUTO2024-1,0,Current,Current,696631.36,0,0,2/1/2024,18582.79,FALSE,Same,FALSE,FALSE,Standard,0,Static
3/30/2024,ZAAUTO2024-1-00184,ZAAUTO2024-1,0,Current,Current,663165.45,0,0,3/25/2024,19387.76,FALSE,Same,FALSE,FALSE,Standard,0,Static
4/30/2024,ZAAUTO2024-1-00184,ZAAUTO2024-1,0,Current,Current,650239.28,0,0,4/21/2024,19296.99,FALSE,Same,FALSE,FALSE,Standard,0,Static
5/30/2024,ZAAUTO2024-1-00184,ZAAUTO2024-1,0,Current,Current,636148.19,0,0,5/13/2024,19404.47,FALSE,Same,FALSE,FALSE,Standard,0,Static
5/30/2024,ZAAUTO2024-1-00184,ZAAUTO2024-1,0,Current,Current,655686.32,0,0,5/15/2024,19116.57,FALSE,Same,FALSE,FALSE,Standard,0,Static
6/30/2024,ZAAUTO2024-1-00184,ZAAUTO2024-1,0,Current,Current,624503.77,0,0,5/31/2024,19231.65,FALSE,Same,FALSE,FALSE,Standard,0,Static
7/30/2024,ZAAUTO2024-1-00184,ZAAUTO2024-1,0,Current,Current,629754.71,0,0,6/28/2024,18958.19,FALSE,Same,FALSE,FALSE,Standard,0,Static
8/30/2024,ZAAUTO2024-1-00184,ZAAUTO2024-1,0,Current,Current,591321.34,0,0,8/21/2024,17863.57,FALSE,Same,FALSE,FALSE,Standard,0,Static
9/30/2024,ZAAUTO2024-1-00184,ZAAUTO2024-1,0,Current,Current,577717.16,0,0,9/28/2024,17991.11,FALSE,Same,FALSE,FALSE,Standard,0,Static
10/30/2024,ZAAUTO2024-1-00184,ZAAUTO2024-1,0,Current,Current,569011.14,0,0,10/21/2024,18428.26,FALSE,Same,FALSE,FALSE,Standard,0,Static
12/30/2023,ZAAUTO2024-1-00185,ZAAUTO2024-1,0,Current,Current,271592.08,0,0,12/13/2023,9094.58,FALSE,Same,FALSE,FALSE,Standard,0,Static
1/30/2024,ZAAUTO2024-1-00185,ZAAUTO2024-1,0,Current,Current,277872.61,0,0,1/4/2024,8927.93,FALSE,Same,FALSE,FALSE,Standard,0,Static
2/28/2024,ZAAUTO2024-1-00185,ZAAUTO2024-1,0,Current,Current,270755.23,0,0,2/17/2024,8633.41,FALSE,Same,FALSE,FALSE,Standard,0,Static
3/30/2024,ZAAUTO2024-1-00185,ZAAUTO2024-1,0,Current,Current,249138.93,0,0,3/10/2024,8877.93,FALSE,Same,FALSE,FALSE,Standard,0,Static
4/30/2024,ZAAUTO2024-1-00185,ZAAUTO2024-1,0,Current,Current,250799.12,0,0,4/24/2024,9190.81,FALSE,Same,FALSE,FALSE,Standard,0,Static
5/30/2024,ZAAUTO2024-1-00185,ZAAUTO2024-1,0,Current,Current,240948.88,0,0,4/29/2024,9094.59,FALSE,Same,FALSE,FALSE,Standard,0,Static
5/30/2024,ZAAUTO2024-1-00185,ZAAUTO2024-1,0,Current,Current,235909.58,0,0,5/24/2024,9531.01,FALSE,Same,FALSE,FALSE,Standard,0,Static
6/30/2024,ZAAUTO2024-1-00185,ZAAUTO2024-1,0,Current,Current,236236.87,0,0,6/22/2024,9048.33,FALSE,Same,FALSE,FALSE,Standard,0,Static
7/30/2024,ZAAUTO2024-1-00185,ZAAUTO2024-1,0,Current,Current,231069,0,0,7/7/2024,9636.75,FALSE,Same,FALSE,FALSE,Standard,0,Static
8/30/2024,ZAAUTO2024-1-00185,ZAAUTO2024-1,0,Current,Current,222539.65,0,0,8/7/2024,8915.48,FALSE,Same,FALSE,FALSE,Standard,0,Static
9/30/2024,ZAAUTO2024-1-00185,ZAAUTO2024-1,0,Current,Current,211686.08,0,0,9/6/2024,8699.64,FALSE,Same,FALSE,FALSE,Standard,0,Static
10/30/2024,ZAAUTO2024-1-00185,ZAAUTO2024-1,0,Current,Current,203231.23,0,0,10/23/2024,8633.63,FALSE,Same,FALSE,FALSE,Standard,0,Static
12/30/2023,ZAAUTO2024-1-00186,ZAAUTO2024-1,0,Current,Current,891464.6,0,0,12/21/2023,30872.54,FALSE,Same,FALSE,FALSE,Standard,0,Static
1/30/2024,ZAAUTO2024-1-00186,ZAAUTO2024-1,0,Current,Current,854774.66,0,0,12/26/2023,34283.7,FALSE,Same,FALSE,FALSE,Standard,0,Static
2/28/2024,ZAAUTO2024-1-00186,ZAAUTO2024-1,0,Current,Current,882390.15,0,0,1/24/2024,35629.81,FALSE,Same,FALSE,FALSE,Standard,0,Static
3/30/2024,ZAAUTO2024-1-00186,ZAAUTO2024-1,0,Current,Current,866738.13,0,0,3/2/2024,33866.17,FALSE,Same,FALSE,FALSE,Standard,0,Static
4/30/2024,ZAAUTO2024-1-00186,ZAAUTO2024-1,0,Current,Current,805153,0,0,4/3/2024,30994.61,FALSE,Same,FALSE,FALSE,Standard,0,Static
5/30/2024,ZAAUTO2024-1-00186,ZAAUTO2024-1,0,Current,Current,807557.72,0,0,4/28/2024,34688.68,FALSE,Same,FALSE,FALSE,Standard,0,Static
5/30/2024,ZAAUTO2024-1-00186,ZAAUTO2024-1,0,Current,Current,777950.64,0,0,5/13/2024,34207.61,FALSE,Same,FALSE,FALSE,Standard,0,Static
6/30/2024,ZAAUTO2024-1-00186,ZAAUTO2024-1,0,Current,Current,760783.34,0,0,6/28/2024,35531.1,FALSE,Same,FALSE,FALSE,Standard,0,Static
7/30/2024,ZAAUTO2024-1-00186,ZAAUTO2024-1,2,1-29 DPD,Current,781991.43,34054.16,1,7/18/2024,15134.66,FALSE,Worse,FALSE,FALSE,SMA-0,1,Roll
8/30/2024,ZAAUTO2024-1-00186,ZAAUTO2024-1,13,1-29 DPD,1-29 DPD,750279.08,34054.16,1,7/27/2024,17781.5,FALSE,Same,FALSE,FALSE,SMA-0,2,Static
9/30/2024,ZAAUTO2024-1-00186,ZAAUTO2024-1,3,1-29 DPD,1-29 DPD,717648.18,34054.16,1,8/29/2024,7849.15,FALSE,Same,FALSE,FALSE,SMA-0,3,Static
10/30/2024,ZAAUTO2024-1-00186,ZAAUTO2024-1,0,Current,1-29 DPD,733988.93,0,0,10/5/2024,33750.49,TRUE,Better,FALSE,FALSE,Standard,0,Cure
12/30/2023,ZAAUTO2024-1-00187,ZAAUTO2024-1,0,Current,Current,284381.82,0,0,12/13/2023,6193,FALSE,Same,FALSE,FALSE,Standard,0,Static
1/30/2024,ZAAUTO2024-1-00187,ZAAUTO2024-1,0,Current,Current,277009.64,0,0,1/28/2024,6175.43,FALSE,Same,FALSE,FALSE,Standard,0,Static
2/28/2024,ZAAUTO2024-1-00187,ZAAUTO2024-1,0,Current,Current,274597.45,0,0,2/19/2024,6561.52,FALSE,Same,FALSE,FALSE,Standard,0,Static
3/30/2024,ZAAUTO2024-1-00187,ZAAUTO2024-1,0,Current,Current,269477.51,0,0,3/22/2024,5926.73,FALSE,Same,FALSE,FALSE,Standard,0,Static
4/30/2024,ZAAUTO2024-1-00187,ZAAUTO2024-1,0,Current,Current,274436.66,0,0,4/15/2024,6606.41,FALSE,Same,FALSE,FALSE,Standard,0,Static
5/30/2024,ZAAUTO2024-1-00187,ZAAUTO2024-1,0,Current,Current,258524.13,0,0,5/23/2024,5672.44,FALSE,Same,FALSE,FALSE,Standard,0,Static
5/30/2024,ZAAUTO2024-1-00187,ZAAUTO2024-1,0,Current,Current,256238,0,0,5/7/2024,5977.89,FALSE,Same,FALSE,FALSE,Standard,0,Static
6/30/2024,ZAAUTO2024-1-00187,ZAAUTO2024-1,0,Current,Current,262189.95,0,0,5/26/2024,5920.68,FALSE,Same,FALSE,FALSE,Standard,0,Static
7/30/2024,ZAAUTO2024-1-00187,ZAAUTO2024-1,0,Current,Current,242720.1,0,0,7/12/2024,5977.96,FALSE,Same,FALSE,FALSE,Standard,0,Static
8/30/2024,ZAAUTO2024-1-00187,ZAAUTO2024-1,0,Current,Current,236604.11,0,0,8/30/2024,6449.88,FALSE,Same,FALSE,FALSE,Standard,0,Static
9/30/2024,ZAAUTO2024-1-00187,ZAAUTO2024-1,0,Current,Current,234596.36,0,0,9/13/2024,5838.16,FALSE,Same,FALSE,FALSE,Standard,0,Static
10/30/2024,ZAAUTO2024-1-00187,ZAAUTO2024-1,1,1-29 DPD,Current,235076.1,6301.24,1,10/24/2024,2731.97,FALSE,Worse,FALSE,FALSE,SMA-0,1,Roll
12/30/2023,ZAAUTO2024-1-00188,ZAAUTO2024-1,0,Current,Current,522541.93,0,0,12/2/2023,16859.7,FALSE,Same,FALSE,FALSE,Standard,0,Static
1/30/2024,ZAAUTO2024-1-00188,ZAAUTO2024-1,0,Current,Current,526647.03,0,0,1/7/2024,16634.09,FALSE,Same,FALSE,FALSE,Standard,0,Static
2/28/2024,ZAAUTO2024-1-00188,ZAAUTO2024-1,0,Current,Current,509409.78,0,0,1/28/2024,16723.86,FALSE,Same,FALSE,FALSE,Standard,0,Static
3/30/2024,ZAAUTO2024-1-00188,ZAAUTO2024-1,0,Current,Current,490792.54,0,0,3/19/2024,16743.73,FALSE,Same,FALSE,FALSE,Standard,0,Static
4/30/2024,ZAAUTO2024-1-00188,ZAAUTO2024-1,0,Current,Current,493556.06,0,0,4/19/2024,17984.74,FALSE,Same,FALSE,FALSE,Standard,0,Static
5/30/2024,ZAAUTO2024-1-00188,ZAAUTO2024-1,0,Current,Current,469214.31,0,0,5/20/2024,18627.8,FALSE,Same,FALSE,FALSE,Standard,0,Static
5/30/2024,ZAAUTO2024-1-00188,ZAAUTO2024-1,0,Current,Current,488383.23,0,0,5/18/2024,16420.68,FALSE,Same,FALSE,FALSE,Standard,0,Static
6/30/2024,ZAAUTO2024-1-00188,ZAAUTO2024-1,0,Current,Current,455188.01,0,0,6/15/2024,17463.83,FALSE,Same,FALSE,FALSE,Standard,0,Static
7/30/2024,ZAAUTO2024-1-00188,ZAAUTO2024-1,0,Current,Current,466082.4,0,0,7/5/2024,16503.96,FALSE,Same,FALSE,FALSE,Standard,0,Static
8/30/2024,ZAAUTO2024-1-00188,ZAAUTO2024-1,17,1-29 DPD,Current,441502.35,18036.42,1,8/30/2024,6528.75,FALSE,Worse,FALSE,FALSE,SMA-0,1,Roll
9/30/2024,ZAAUTO2024-1-00188,ZAAUTO2024-1,13,1-29 DPD,1-29 DPD,441373.62,18036.42,1,9/23/2024,8944.93,FALSE,Same,FALSE,FALSE,SMA-0,2,Static
10/30/2024,ZAAUTO2024-1-00188,ZAAUTO2024-1,25,1-29 DPD,1-29 DPD,447163.85,18036.42,1,10/28/2024,1430.42,FALSE,Same,FALSE,FALSE,SMA-0,3,Static
12/30/2023,ZAAUTO2024-1-00189,ZAAUTO2024-1,0,Current,Current,1046345.92,0,0,12/2/2023,38042.83,FALSE,Same,FALSE,FALSE,Standard,0,Static
1/30/2024,ZAAUTO2024-1-00189,ZAAUTO2024-1,0,Current,Current,1028625.63,0,0,12/31/2023,34353.5,FALSE,Same,FALSE,FALSE,Standard,0,Static
2/28/2024,ZAAUTO2024-1-00189,ZAAUTO2024-1,0,Current,Current,979985.5,0,0,2/11/2024,36993.56,FALSE,Same,FALSE,FALSE,Standard,0,Static
3/30/2024,ZAAUTO2024-1-00189,ZAAUTO2024-1,0,Current,Current,954670.58,0,0,3/28/2024,34064.93,FALSE,Same,FALSE,FALSE,Standard,0,Static
4/30/2024,ZAAUTO2024-1-00189,ZAAUTO2024-1,0,Current,Current,936247.17,0,0,3/29/2024,38439.09,FALSE,Same,FALSE,FALSE,Standard,0,Static
5/30/2024,ZAAUTO2024-1-00189,ZAAUTO2024-1,0,Current,Current,913459.51,0,0,5/30/2024,38582.6,FALSE,Same,FALSE,FALSE,Standard,0,Static
5/30/2024,ZAAUTO2024-1-00189,ZAAUTO2024-1,0,Current,Current,857975.74,0,0,5/3/2024,35642.18,FALSE,Same,FALSE,FALSE,Standard,0,Static
6/30/2024,ZAAUTO2024-1-00189,ZAAUTO2024-1,0,Current,Current,848103.32,0,0,6/12/2024,34751.88,FALSE,Same,FALSE,FALSE,Standard,0,Static
7/30/2024,ZAAUTO2024-1-00189,ZAAUTO2024-1,0,Current,Current,848308.94,0,0,7/6/2024,37324.45,FALSE,Same,FALSE,FALSE,Standard,0,Static
8/30/2024,ZAAUTO2024-1-00189,ZAAUTO2024-1,0,Current,Current,807222.95,0,0,8/23/2024,36236.3,FALSE,Same,FALSE,FALSE,Standard,0,Static
9/30/2024,ZAAUTO2024-1-00189,ZAAUTO2024-1,0,Current,Current,790755.53,0,0,9/16/2024,34058.91,FALSE,Same,FALSE,FALSE,Standard,0,Static
10/30/2024,ZAAUTO2024-1-00189,ZAAUTO2024-1,0,Current,Current,756878.57,0,0,10/8/2024,33916.87,FALSE,Same,FALSE,FALSE,Standard,0,Static
12/30/2023,ZAAUTO2024-1-00190,ZAAUTO2024-1,0,Current,Current,677300,0,0,12/12/2023,14233.06,FALSE,Same,FALSE,FALSE,Standard,0,Static
1/30/2024,ZAAUTO2024-1-00190,ZAAUTO2024-1,0,Current,Current,677300,0,0,12/30/2023,14935.59,FALSE,Same,FALSE,FALSE,Standard,0,Static
2/28/2024,ZAAUTO2024-1-00190,ZAAUTO2024-1,0,Current,Current,677300,0,0,2/24/2024,15220.6,FALSE,Same,FALSE,FALSE,Standard,0,Static
3/30/2024,ZAAUTO2024-1-00190,ZAAUTO2024-1,0,Current,Current,677300,0,0,3/21/2024,15195.77,FALSE,Same,FALSE,FALSE,Standard,0,Static
4/30/2024,ZAAUTO2024-1-00190,ZAAUTO2024-1,0,Current,Current,677300,0,0,4/21/2024,14327.71,FALSE,Same,FALSE,FALSE,Standard,0,Static
5/30/2024,ZAAUTO2024-1-00190,ZAAUTO2024-1,0,Current,Current,677300,0,0,4/30/2024,15278.43,FALSE,Same,FALSE,FALSE,Standard,0,Static
5/30/2024,ZAAUTO2024-1-00190,ZAAUTO2024-1,0,Current,Current,668264.23,0,0,5/3/2024,15603.37,FALSE,Same,FALSE,FALSE,Standard,0,Static
6/30/2024,ZAAUTO2024-1-00190,ZAAUTO2024-1,0,Current,Current,666487.4,0,0,6/25/2024,14176.27,FALSE,Same,FALSE,FALSE,Standard,0,Static
7/30/2024,ZAAUTO2024-1-00190,ZAAUTO2024-1,0,Current,Current,649481.6,0,0,7/6/2024,14242.53,FALSE,Same,FALSE,FALSE,Standard,0,Static
8/30/2024,ZAAUTO2024-1-00190,ZAAUTO2024-1,0,Current,Current,656862.84,0,0,7/31/2024,15006.63,FALSE,Same,FALSE,FALSE,Standard,0,Static
9/30/2024,ZAAUTO2024-1-00190,ZAAUTO2024-1,0,Current,Current,643168.7,0,0,9/9/2024,13761.88,FALSE,Same,FALSE,FALSE,Standard,0,Static
10/30/2024,ZAAUTO2024-1-00190,ZAAUTO2024-1,0,Current,Current,657223.76,0,0,10/15/2024,14311.09,FALSE,Same,FALSE,FALSE,Standard,0,Static
12/30/2023,ZAAUTO2024-1-00191,ZAAUTO2024-1,0,Current,Current,632886.76,0,0,12/7/2023,15793.71,FALSE,Same,FALSE,FALSE,Standard,0,Static
1/30/2024,ZAAUTO2024-1-00191,ZAAUTO2024-1,0,Current,Current,662082.91,0,0,1/29/2024,16739.65,FALSE,Same,FALSE,FALSE,Standard,0,Static
2/28/2024,ZAAUTO2024-1-00191,ZAAUTO2024-1,0,Current,Current,626089.67,0,0,2/20/2024,18209.1,FALSE,Same,FALSE,FALSE,Standard,0,Static
3/30/2024,ZAAUTO2024-1-00191,ZAAUTO2024-1,0,Current,Current,595627.05,0,0,3/8/2024,16735.6,FALSE,Same,FALSE,FALSE,Standard,0,Static
4/30/2024,ZAAUTO2024-1-00191,ZAAUTO2024-1,0,Current,Current,617449.11,0,0,4/22/2024,16561.53,FALSE,Same,FALSE,FALSE,Standard,0,Static
5/30/2024,ZAAUTO2024-1-00191,ZAAUTO2024-1,0,Current,Current,575188.37,0,0,4/25/2024,18343.06,FALSE,Same,FALSE,FALSE,Standard,0,Static
5/30/2024,ZAAUTO2024-1-00191,ZAAUTO2024-1,0,Current,Current,594686.74,0,0,5/15/2024,16340.63,FALSE,Same,FALSE,FALSE,Standard,0,Static
6/30/2024,ZAAUTO2024-1-00191,ZAAUTO2024-1,0,Current,Current,554286.73,0,0,6/22/2024,16094.62,FALSE,Same,FALSE,FALSE,Standard,0,Static
7/30/2024,ZAAUTO2024-1-00191,ZAAUTO2024-1,0,Current,Current,560665.8,0,0,7/21/2024,16779.28,FALSE,Same,FALSE,FALSE,Standard,0,Static
8/30/2024,ZAAUTO2024-1-00191,ZAAUTO2024-1,0,Current,Current,522395.46,0,0,8/3/2024,16764.08,FALSE,Same,FALSE,FALSE,Standard,0,Static
9/30/2024,ZAAUTO2024-1-00191,ZAAUTO2024-1,0,Current,Current,535772.36,0,0,9/26/2024,17040.72,FALSE,Same,FALSE,FALSE,Standard,0,Static
10/30/2024,ZAAUTO2024-1-00191,ZAAUTO2024-1,0,Current,Current,519275.33,0,0,10/20/2024,15865.59,FALSE,Same,FALSE,FALSE,Standard,0,Static
12/30/2023,ZAAUTO2024-1-00192,ZAAUTO2024-1,0,Current,Current,1322300,0,0,12/9/2023,33739.7,FALSE,Same,FALSE,FALSE,Standard,0,Static
1/30/2024,ZAAUTO2024-1-00192,ZAAUTO2024-1,0,Current,Current,1322300,0,0,1/30/2024,32916.6,FALSE,Same,FALSE,FALSE,Standard,0,Static
2/28/2024,ZAAUTO2024-1-00192,ZAAUTO2024-1,0,Current,Current,1270614.09,0,0,2/26/2024,34578.49,FALSE,Same,FALSE,FALSE,Standard,0,Static
3/30/2024,ZAAUTO2024-1-00192,ZAAUTO2024-1,0,Current,Current,1253167.98,0,0,3/20/2024,31472.02,FALSE,Same,FALSE,FALSE,Standard,0,Static
4/30/2024,ZAAUTO2024-1-00192,ZAAUTO2024-1,0,Current,Current,1293260.94,0,0,4/1/2024,34316.6,FALSE,Same,FALSE,FALSE,Standard,0,Static
5/30/2024,ZAAUTO2024-1-00192,ZAAUTO2024-1,0,Current,Current,1272982.57,0,0,4/28/2024,33017.47,FALSE,Same,FALSE,FALSE,Standard,0,Static
5/30/2024,ZAAUTO2024-1-00192,ZAAUTO2024-1,0,Current,Current,1200591.96,0,0,5/20/2024,32838.37,FALSE,Same,FALSE,FALSE,Standard,0,Static
6/30/2024,ZAAUTO2024-1-00192,ZAAUTO2024-1,0,Current,Current,1169842.63,0,0,6/6/2024,36535.4,FALSE,Same,FALSE,FALSE,Standard,0,Static
7/30/2024,ZAAUTO2024-1-00192,ZAAUTO2024-1,0,Current,Current,1153668.4,0,0,7/17/2024,33511.57,FALSE,Same,FALSE,FALSE,Standard,0,Static
8/30/2024,ZAAUTO2024-1-00192,ZAAUTO2024-1,0,Current,Current,1128924.47,0,0,8/5/2024,32376.91,FALSE,Same,FALSE,FALSE,Standard,0,Static
9/30/2024,ZAAUTO2024-1-00192,ZAAUTO2024-1,0,Current,Current,1166206.9,0,0,8/26/2024,34583.25,FALSE,Same,FALSE,FALSE,Standard,0,Static
10/30/2024,ZAAUTO2024-1-00192,ZAAUTO2024-1,0,Current,Current,1092781.8,0,0,10/1/2024,33914.8,FALSE,Same,FALSE,FALSE,Standard,0,Static
12/30/2023,ZAAUTO2024-1-00193,ZAAUTO2024-1,0,Current,Current,653430.14,0,0,12/20/2023,41707.13,FALSE,Same,FALSE,FALSE,Standard,0,Static
1/30/2024,ZAAUTO2024-1-00193,ZAAUTO2024-1,0,Current,Current,626023.81,0,0,1/30/2024,43077.61,FALSE,Same,FALSE,FALSE,Standard,0,Static
2/28/2024,ZAAUTO2024-1-00193,ZAAUTO2024-1,0,Current,Current,617709.4,0,0,1/24/2024,39540.39,FALSE,Same,FALSE,FALSE,Standard,0,Static
3/30/2024,ZAAUTO2024-1-00193,ZAAUTO2024-1,0,Current,Current,624926.13,0,0,3/15/2024,39970.38,FALSE,Same,FALSE,FALSE,Standard,0,Static
4/30/2024,ZAAUTO2024-1-00193,ZAAUTO2024-1,0,Current,Current,606526.82,0,0,4/28/2024,41848.49,FALSE,Same,FALSE,FALSE,Standard,0,Static
5/30/2024,ZAAUTO2024-1-00193,ZAAUTO2024-1,0,Current,Current,578571.31,0,0,5/28/2024,38560.59,FALSE,Same,FALSE,FALSE,Standard,0,Static
5/30/2024,ZAAUTO2024-1-00193,ZAAUTO2024-1,0,Current,Current,531288.29,0,0,5/11/2024,38308.31,FALSE,Same,FALSE,FALSE,Standard,0,Static
6/30/2024,ZAAUTO2024-1-00193,ZAAUTO2024-1,0,Current,Current,521957.5,0,0,6/12/2024,44366.89,FALSE,Same,FALSE,FALSE,Standard,0,Static
7/30/2024,ZAAUTO2024-1-00193,ZAAUTO2024-1,0,Current,Current,507562.53,0,0,7/10/2024,43047.77,FALSE,Same,FALSE,FALSE,Standard,0,Static
8/30/2024,ZAAUTO2024-1-00193,ZAAUTO2024-1,0,Current,Current,495603.26,0,0,8/22/2024,42734.18,FALSE,Same,FALSE,FALSE,Standard,0,Static
9/30/2024,ZAAUTO2024-1-00193,ZAAUTO2024-1,4,1-29 DPD,Current,462394.79,42504.72,1,8/29/2024,2575.86,FALSE,Worse,FALSE,FALSE,SMA-0,1,Roll
10/30/2024,ZAAUTO2024-1-00193,ZAAUTO2024-1,26,1-29 DPD,1-29 DPD,456991.91,42504.72,1,10/29/2024,14974.64,FALSE,Same,FALSE,FALSE,SMA-0,2,Static
12/30/2023,ZAAUTO2024-1-00194,ZAAUTO2024-1,0,Current,Current,354800,0,0,12/20/2023,7873.17,FALSE,Same,FALSE,FALSE,Standard,0,Static
1/30/2024,ZAAUTO2024-1-00194,ZAAUTO2024-1,0,Current,Current,354800,0,0,12/28/2023,7802.04,FALSE,Same,FALSE,FALSE,Standard,0,Static
2/28/2024,ZAAUTO2024-1-00194,ZAAUTO2024-1,0,Current,Current,354800,0,0,2/20/2024,7136.46,FALSE,Same,FALSE,FALSE,Standard,0,Static
3/30/2024,ZAAUTO2024-1-00194,ZAAUTO2024-1,0,Current,Current,354800,0,0,3/3/2024,6799.83,FALSE,Same,FALSE,FALSE,Standard,0,Static
4/30/2024,ZAAUTO2024-1-00194,ZAAUTO2024-1,0,Current,Current,354800,0,0,4/6/2024,7023.98,FALSE,Same,FALSE,FALSE,Standard,0,Static
5/30/2024,ZAAUTO2024-1-00194,ZAAUTO2024-1,0,Current,Current,354800,0,0,5/26/2024,7833.32,FALSE,Same,FALSE,FALSE,Standard,0,Static
5/30/2024,ZAAUTO2024-1-00194,ZAAUTO2024-1,0,Current,Current,345872.46,0,0,4/29/2024,6864.45,FALSE,Same,FALSE,FALSE,Standard,0,Static
6/30/2024,ZAAUTO2024-1-00194,ZAAUTO2024-1,0,Current,Current,327308.16,0,0,6/11/2024,7370.75,FALSE,Same,FALSE,FALSE,Standard,0,Static
7/30/2024,ZAAUTO2024-1-00194,ZAAUTO2024-1,0,Current,Current,344874.16,0,0,7/25/2024,7316.46,FALSE,Same,FALSE,FALSE,Standard,0,Static
8/30/2024,ZAAUTO2024-1-00194,ZAAUTO2024-1,0,Current,Current,327454.27,0,0,8/20/2024,7806.35,FALSE,Same,FALSE,FALSE,Standard,0,Static
9/30/2024,ZAAUTO2024-1-00194,ZAAUTO2024-1,0,Current,Current,315490.06,0,0,9/13/2024,7403.82,FALSE,Same,FALSE,FALSE,Standard,0,Static
10/30/2024,ZAAUTO2024-1-00194,ZAAUTO2024-1,0,Current,Current,314711,0,0,10/26/2024,6956.52,FALSE,Same,FALSE,FALSE,Standard,0,Static
12/30/2023,ZAAUTO2024-1-00195,ZAAUTO2024-1,0,Current,Current,634286.39,0,0,12/22/2023,19837.95,FALSE,Same,FALSE,FALSE,Standard,0,Static
1/30/2024,ZAAUTO2024-1-00195,ZAAUTO2024-1,0,Current,Current,627210.29,0,0,1/10/2024,19631.14,FALSE,Same,FALSE,FALSE,Standard,0,Static
2/28/2024,ZAAUTO2024-1-00195,ZAAUTO2024-1,0,Current,Current,622482.8,0,0,1/27/2024,19866.48,FALSE,Same,FALSE,FALSE,Standard,0,Static
3/30/2024,ZAAUTO2024-1-00195,ZAAUTO2024-1,0,Current,Current,618553.78,0,0,3/28/2024,20391.7,FALSE,Same,FALSE,FALSE,Standard,0,Static
4/30/2024,ZAAUTO2024-1-00195,ZAAUTO2024-1,0,Current,Current,596303.07,0,0,4/15/2024,20635.42,FALSE,Same,FALSE,FALSE,Standard,0,Static
5/30/2024,ZAAUTO2024-1-00195,ZAAUTO2024-1,18,1-29 DPD,Current,557922.67,20533.54,1,5/24/2024,3580.97,FALSE,Worse,FALSE,FALSE,SMA-0,1,Roll
5/30/2024,ZAAUTO2024-1-00195,ZAAUTO2024-1,6,1-29 DPD,1-29 DPD,568831.62,20533.54,1,5/26/2024,2748.02,FALSE,Same,FALSE,FALSE,SMA-0,2,Static
6/30/2024,ZAAUTO2024-1-00195,ZAAUTO2024-1,28,1-29 DPD,1-29 DPD,552396.96,20533.54,1,6/25/2024,4298.96,FALSE,Same,FALSE,FALSE,SMA-0,3,Static
7/30/2024,ZAAUTO2024-1-00195,ZAAUTO2024-1,44,30-59 DPD,1-29 DPD,547238.64,20533.54,1,7/1/2024,1344.36,FALSE,Worse,FALSE,FALSE,SMA-1,4,Roll
8/30/2024,ZAAUTO2024-1-00195,ZAAUTO2024-1,35,30-59 DPD,30-59 DPD,538347.88,20533.54,1,8/5/2024,9464.52,FALSE,Same,FALSE,FALSE,SMA-1,5,Static
9/30/2024,ZAAUTO2024-1-00195,ZAAUTO2024-1,66,60-89 DPD,30-59 DPD,513873.65,41067.08,2,9/26/2024,3908.99,FALSE,Worse,FALSE,FALSE,SMA-2,6,Roll
10/30/2024,ZAAUTO2024-1-00195,ZAAUTO2024-1,79,60-89 DPD,60-89 DPD,504874.36,41067.08,2,9/30/2024,1408.52,FALSE,Same,FALSE,FALSE,SMA-2,7,Static
12/30/2023,ZAAUTO2024-1-00196,ZAAUTO2024-1,0,Current,Current,310841.9,0,0,12/17/2023,8604.91,FALSE,Same,FALSE,FALSE,Standard,0,Static
1/30/2024,ZAAUTO2024-1-00196,ZAAUTO2024-1,0,Current,Current,300502.41,0,0,1/3/2024,8911.6,FALSE,Same,FALSE,FALSE,Standard,0,Static
2/28/2024,ZAAUTO2024-1-00196,ZAAUTO2024-1,0,Current,Current,287817.7,0,0,2/23/2024,8729.51,FALSE,Same,FALSE,FALSE,Standard,0,Static
3/30/2024,ZAAUTO2024-1-00196,ZAAUTO2024-1,9,1-29 DPD,Current,275423.51,9475.61,1,3/11/2024,4967.74,FALSE,Worse,FALSE,FALSE,SMA-0,1,Roll
4/30/2024,ZAAUTO2024-1-00196,ZAAUTO2024-1,15,1-29 DPD,1-29 DPD,276631.19,9475.61,1,3/28/2024,1217.26,FALSE,Same,FALSE,FALSE,SMA-0,2,Static
5/30/2024,ZAAUTO2024-1-00196,ZAAUTO2024-1,0,Current,1-29 DPD,269056.66,0,0,5/19/2024,9708.54,TRUE,Better,FALSE,FALSE,Standard,0,Cure
5/30/2024,ZAAUTO2024-1-00196,ZAAUTO2024-1,0,Current,Current,246614.54,0,0,5/3/2024,9014.18,FALSE,Same,FALSE,FALSE,Standard,0,Static
6/30/2024,ZAAUTO2024-1-00196,ZAAUTO2024-1,0,Current,Current,250625.43,0,0,6/20/2024,8810.33,FALSE,Same,FALSE,FALSE,Standard,0,Static
7/30/2024,ZAAUTO2024-1-00196,ZAAUTO2024-1,0,Current,Current,245909.32,0,0,6/30/2024,9203.9,FALSE,Same,FALSE,FALSE,Standard,0,Static
8/30/2024,ZAAUTO2024-1-00196,ZAAUTO2024-1,0,Current,Current,233741.76,0,0,8/20/2024,9900.48,FALSE,Same,FALSE,FALSE,Standard,0,Static
9/30/2024,ZAAUTO2024-1-00196,ZAAUTO2024-1,0,Current,Current,221870.76,0,0,9/6/2024,9697.84,FALSE,Same,FALSE,FALSE,Standard,0,Static
10/30/2024,ZAAUTO2024-1-00196,ZAAUTO2024-1,0,Current,Current,216028.46,0,0,10/18/2024,8638.64,FALSE,Same,FALSE,FALSE,Standard,0,Static
12/30/2023,ZAAUTO2024-1-00197,ZAAUTO2024-1,0,Current,Current,521859.14,0,0,12/23/2023,21973.45,FALSE,Same,FALSE,FALSE,Standard,0,Static
1/30/2024,ZAAUTO2024-1-00197,ZAAUTO2024-1,0,Current,Current,505557.35,0,0,1/14/2024,21095.66,FALSE,Same,FALSE,FALSE,Standard,0,Static
2/28/2024,ZAAUTO2024-1-00197,ZAAUTO2024-1,0,Current,Current,472792.96,0,0,1/31/2024,22462.96,FALSE,Same,FALSE,FALSE,Standard,0,Static
3/30/2024,ZAAUTO2024-1-00197,ZAAUTO2024-1,0,Current,Current,492980.19,0,0,3/2/2024,21478.14,FALSE,Same,FALSE,FALSE,Standard,0,Static
4/30/2024,ZAAUTO2024-1-00197,ZAAUTO2024-1,19,1-29 DPD,Current,457980.57,21567.92,1,4/17/2024,9650.02,FALSE,Worse,FALSE,FALSE,SMA-0,1,Roll
5/30/2024,ZAAUTO2024-1-00197,ZAAUTO2024-1,7,1-29 DPD,1-29 DPD,459541.24,21567.92,1,4/26/2024,10021.12,FALSE,Same,FALSE,FALSE,SMA-0,2,Static
5/30/2024,ZAAUTO2024-1-00197,ZAAUTO2024-1,20,1-29 DPD,1-29 DPD,448917.12,21567.92,1,5/8/2024,2714.49,FALSE,Same,FALSE,FALSE,SMA-0,3,Static
6/30/2024,ZAAUTO2024-1-00197,ZAAUTO2024-1,7,1-29 DPD,1-29 DPD,458422.48,21567.92,1,6/30/2024,4791.4,FALSE,Same,FALSE,FALSE,SMA-0,4,Static
7/30/2024,ZAAUTO2024-1-00197,ZAAUTO2024-1,0,Current,1-29 DPD,430043.77,0,0,7/11/2024,22311.98,TRUE,Better,FALSE,FALSE,Standard,0,Cure
8/30/2024,ZAAUTO2024-1-00197,ZAAUTO2024-1,0,Current,Current,425004.78,0,0,8/23/2024,21673.55,FALSE,Same,FALSE,FALSE,Standard,0,Static
9/30/2024,ZAAUTO2024-1-00197,ZAAUTO2024-1,0,Current,Current,420035.01,0,0,9/1/2024,20750.67,FALSE,Same,FALSE,FALSE,Standard,0,Static
10/30/2024,ZAAUTO2024-1-00197,ZAAUTO2024-1,0,Current,Current,402049.69,0,0,9/26/2024,20788.83,FALSE,Same,FALSE,FALSE,Standard,0,Static
12/30/2023,ZAAUTO2024-1-00198,ZAAUTO2024-1,0,Current,Current,599692.73,0,0,12/24/2023,23412.2,FALSE,Same,FALSE,FALSE,Standard,0,Static
1/30/2024,ZAAUTO2024-1-00198,ZAAUTO2024-1,0,Current,Current,594726.31,0,0,1/24/2024,20380.9,FALSE,Same,FALSE,FALSE,Standard,0,Static
2/28/2024,ZAAUTO2024-1-00198,ZAAUTO2024-1,0,Current,Current,550518.4,0,0,2/2/2024,20427.88,FALSE,Same,FALSE,FALSE,Standard,0,Static
3/30/2024,ZAAUTO2024-1-00198,ZAAUTO2024-1,0,Current,Current,568064.39,0,0,2/25/2024,20414.58,FALSE,Same,FALSE,FALSE,Standard,0,Static
4/30/2024,ZAAUTO2024-1-00198,ZAAUTO2024-1,0,Current,Current,544020.23,0,0,4/28/2024,22315.6,FALSE,Same,FALSE,FALSE,Standard,0,Static
5/30/2024,ZAAUTO2024-1-00198,ZAAUTO2024-1,0,Current,Current,547582.21,0,0,5/17/2024,20826.84,FALSE,Same,FALSE,FALSE,Standard,0,Static
5/30/2024,ZAAUTO2024-1-00198,ZAAUTO2024-1,0,Current,Current,520585.22,0,0,5/6/2024,20464.11,FALSE,Same,FALSE,FALSE,Standard,0,Static
6/30/2024,ZAAUTO2024-1-00198,ZAAUTO2024-1,0,Current,Current,523231.78,0,0,6/23/2024,21254.34,FALSE,Same,FALSE,FALSE,Standard,0,Static
7/30/2024,ZAAUTO2024-1-00198,ZAAUTO2024-1,0,Current,Current,508751.82,0,0,7/1/2024,21462.92,FALSE,Same,FALSE,FALSE,Standard,0,Static
8/30/2024,ZAAUTO2024-1-00198,ZAAUTO2024-1,0,Current,Current,497463.53,0,0,8/5/2024,20106.35,FALSE,Same,FALSE,FALSE,Standard,0,Static
9/30/2024,ZAAUTO2024-1-00198,ZAAUTO2024-1,12,1-29 DPD,Current,483942.14,22312.11,1,8/29/2024,3796.69,FALSE,Worse,FALSE,FALSE,SMA-0,1,Roll
10/30/2024,ZAAUTO2024-1-00198,ZAAUTO2024-1,0,Current,1-29 DPD,474943.41,0,0,10/14/2024,21109.7,TRUE,Better,FALSE,FALSE,Standard,0,Cure
12/30/2023,ZAAUTO2024-1-00199,ZAAUTO2024-1,0,Current,Current,909520.42,0,0,12/20/2023,43610.43,FALSE,Same,FALSE,FALSE,Standard,0,Static
1/30/2024,ZAAUTO2024-1-00199,ZAAUTO2024-1,0,Current,Current,933737.86,0,0,1/15/2024,41082.34,FALSE,Same,FALSE,FALSE,Standard,0,Static
2/28/2024,ZAAUTO2024-1-00199,ZAAUTO2024-1,0,Current,Current,875994.51,0,0,2/3/2024,42791.94,FALSE,Same,FALSE,FALSE,Standard,0,Static
3/30/2024,ZAAUTO2024-1-00199,ZAAUTO2024-1,0,Current,Current,881969.48,0,0,3/3/2024,38407.31,FALSE,Same,FALSE,FALSE,Standard,0,Static
4/30/2024,ZAAUTO2024-1-00199,ZAAUTO2024-1,0,Current,Current,852322.04,0,0,4/19/2024,40125.93,FALSE,Same,FALSE,FALSE,Standard,0,Static
5/30/2024,ZAAUTO2024-1-00199,ZAAUTO2024-1,0,Current,Current,814154.51,0,0,5/20/2024,40340.76,FALSE,Same,FALSE,FALSE,Standard,0,Static
5/30/2024,ZAAUTO2024-1-00199,ZAAUTO2024-1,0,Current,Current,782562.59,0,0,5/22/2024,40759.72,FALSE,Same,FALSE,FALSE,Standard,0,Static
6/30/2024,ZAAUTO2024-1-00199,ZAAUTO2024-1,0,Current,Current,793495.58,0,0,6/5/2024,42882.69,FALSE,Same,FALSE,FALSE,Standard,0,Static
7/30/2024,ZAAUTO2024-1-00199,ZAAUTO2024-1,0,Current,Current,773758.73,0,0,7/14/2024,42847.01,FALSE,Same,FALSE,FALSE,Standard,0,Static
8/30/2024,ZAAUTO2024-1-00199,ZAAUTO2024-1,0,Current,Current,729377.47,0,0,8/10/2024,38876.64,FALSE,Same,FALSE,FALSE,Standard,0,Static
9/30/2024,ZAAUTO2024-1-00199,ZAAUTO2024-1,0,Current,Current,707109.93,0,0,9/3/2024,37672.04,FALSE,Same,FALSE,FALSE,Standard,0,Static
10/30/2024,ZAAUTO2024-1-00199,ZAAUTO2024-1,0,Current,Current,722428.14,0,0,10/21/2024,37774.06,FALSE,Same,FALSE,FALSE,Standard,0,Static
12/30/2023,ZAAUTO2024-1-00200,ZAAUTO2024-1,0,Current,Current,1243271.67,0,0,11/26/2023,42768.49,FALSE,Same,FALSE,FALSE,Standard,0,Static
1/30/2024,ZAAUTO2024-1-00200,ZAAUTO2024-1,0,Current,Current,1256957.32,0,0,1/6/2024,42330.42,FALSE,Same,FALSE,FALSE,Standard,0,Static
2/28/2024,ZAAUTO2024-1-00200,ZAAUTO2024-1,0,Current,Current,1226370.3,0,0,2/11/2024,38032.42,FALSE,Same,FALSE,FALSE,Standard,0,Static
3/30/2024,ZAAUTO2024-1-00200,ZAAUTO2024-1,0,Current,Current,1158149.04,0,0,3/29/2024,41505.08,FALSE,Same,FALSE,FALSE,Standard,0,Static
4/30/2024,ZAAUTO2024-1-00200,ZAAUTO2024-1,0,Current,Current,1170377.67,0,0,4/24/2024,38207.29,FALSE,Same,FALSE,FALSE,Standard,0,Static
5/30/2024,ZAAUTO2024-1-00200,ZAAUTO2024-1,0,Current,Current,1173990.12,0,0,5/23/2024,38183.18,FALSE,Same,FALSE,FALSE,Standard,0,Static
5/30/2024,ZAAUTO2024-1-00200,ZAAUTO2024-1,0,Current,Current,1097746,0,0,5/19/2024,38093.78,FALSE,Same,FALSE,FALSE,Standard,0,Static
6/30/2024,ZAAUTO2024-1-00200,ZAAUTO2024-1,0,Current,Current,1090121.35,0,0,6/7/2024,43220.29,FALSE,Same,FALSE,FALSE,Standard,0,Static
7/30/2024,ZAAUTO2024-1-00200,ZAAUTO2024-1,0,Current,Current,1044025.6,0,0,7/24/2024,40583.81,FALSE,Same,FALSE,FALSE,Standard,0,Static
8/30/2024,ZAAUTO2024-1-00200,ZAAUTO2024-1,0,Current,Current,1006345.52,0,0,8/26/2024,40555.55,FALSE,Same,FALSE,FALSE,Standard,0,Static
9/30/2024,ZAAUTO2024-1-00200,ZAAUTO2024-1,0,Current,Current,1026406.78,0,0,9/17/2024,41811.13,FALSE,Same,FALSE,FALSE,Standard,0,Static
10/30/2024,ZAAUTO2024-1-00200,ZAAUTO2024-1,0,Current,Current,984102.36,0,0,10/10/2024,41474.86,FALSE,Same,FALSE,FALSE,Standard,0,Static
12/30/2023,ZAAUTO2024-1-00201,ZAAUTO2024-1,20,1-29 DPD,Current,876185.81,29101.78,1,12/20/2023,9110.29,FALSE,Worse,FALSE,FALSE,SMA-0,1,Roll
1/30/2024,ZAAUTO2024-1-00201,ZAAUTO2024-1,0,Current,1-29 DPD,845193.87,0,0,1/23/2024,27033.42,TRUE,Better,FALSE,FALSE,Standard,0,Cure
2/28/2024,ZAAUTO2024-1-00201,ZAAUTO2024-1,0,Current,Current,818781.13,0,0,2/27/2024,28452.79,FALSE,Same,FALSE,FALSE,Standard,0,Static
3/30/2024,ZAAUTO2024-1-00201,ZAAUTO2024-1,0,Current,Current,849469.41,0,0,3/17/2024,29975.74,FALSE,Same,FALSE,FALSE,Standard,0,Static
4/30/2024,ZAAUTO2024-1-00201,ZAAUTO2024-1,0,Current,Current,798430.36,0,0,4/17/2024,26320.37,FALSE,Same,FALSE,FALSE,Standard,0,Static
5/30/2024,ZAAUTO2024-1-00201,ZAAUTO2024-1,0,Current,Current,787054.4,0,0,5/25/2024,29368.4,FALSE,Same,FALSE,FALSE,Standard,0,Static
5/30/2024,ZAAUTO2024-1-00201,ZAAUTO2024-1,0,Current,Current,819544.96,0,0,5/13/2024,27386.23,FALSE,Same,FALSE,FALSE,Standard,0,Static
6/30/2024,ZAAUTO2024-1-00201,ZAAUTO2024-1,0,Current,Current,764898.4,0,0,6/25/2024,27713.13,FALSE,Same,FALSE,FALSE,Standard,0,Static
7/30/2024,ZAAUTO2024-1-00201,ZAAUTO2024-1,0,Current,Current,771317.37,0,0,7/12/2024,28230.37,FALSE,Same,FALSE,FALSE,Standard,0,Static
8/30/2024,ZAAUTO2024-1-00201,ZAAUTO2024-1,0,Current,Current,771994.24,0,0,8/3/2024,28429.48,FALSE,Same,FALSE,FALSE,Standard,0,Static
9/30/2024,ZAAUTO2024-1-00201,ZAAUTO2024-1,0,Current,Current,737027.53,0,0,9/18/2024,27283.33,FALSE,Same,FALSE,FALSE,Standard,0,Static
10/30/2024,ZAAUTO2024-1-00201,ZAAUTO2024-1,0,Current,Current,713549.76,0,0,10/13/2024,30390.43,FALSE,Same,FALSE,FALSE,Standard,0,Static
12/30/2023,ZAAUTO2024-1-00202,ZAAUTO2024-1,0,Current,Current,648685.77,0,0,12/6/2023,23321.7,FALSE,Same,FALSE,FALSE,Standard,0,Static
1/30/2024,ZAAUTO2024-1-00202,ZAAUTO2024-1,0,Current,Current,659780.99,0,0,1/7/2024,25021.44,FALSE,Same,FALSE,FALSE,Standard,0,Static
2/28/2024,ZAAUTO2024-1-00202,ZAAUTO2024-1,0,Current,Current,660659.97,0,0,1/31/2024,22371.09,FALSE,Same,FALSE,FALSE,Standard,0,Static
3/30/2024,ZAAUTO2024-1-00202,ZAAUTO2024-1,0,Current,Current,614299.5,0,0,2/27/2024,22682.38,FALSE,Same,FALSE,FALSE,Standard,0,Static
4/30/2024,ZAAUTO2024-1-00202,ZAAUTO2024-1,0,Current,Current,620698.69,0,0,3/28/2024,23042.18,FALSE,Same,FALSE,FALSE,Standard,0,Static
5/30/2024,ZAAUTO2024-1-00202,ZAAUTO2024-1,0,Current,Current,593541.76,0,0,5/19/2024,24699.13,FALSE,Same,FALSE,FALSE,Standard,0,Static
5/30/2024,ZAAUTO2024-1-00202,ZAAUTO2024-1,0,Current,Current,600378.06,0,0,5/19/2024,23062.1,FALSE,Same,FALSE,FALSE,Standard,0,Static
6/30/2024,ZAAUTO2024-1-00202,ZAAUTO2024-1,0,Current,Current,574755.24,0,0,6/7/2024,23113.68,FALSE,Same,FALSE,FALSE,Standard,0,Static
7/30/2024,ZAAUTO2024-1-00202,ZAAUTO2024-1,0,Current,Current,593672.4,0,0,7/23/2024,21799.35,FALSE,Same,FALSE,FALSE,Standard,0,Static
8/30/2024,ZAAUTO2024-1-00202,ZAAUTO2024-1,0,Current,Current,579107.87,0,0,8/9/2024,22539.85,FALSE,Same,FALSE,FALSE,Standard,0,Static
9/30/2024,ZAAUTO2024-1-00202,ZAAUTO2024-1,0,Current,Current,563501.67,0,0,9/10/2024,25024.52,FALSE,Same,FALSE,FALSE,Standard,0,Static
10/30/2024,ZAAUTO2024-1-00202,ZAAUTO2024-1,18,1-29 DPD,Current,533205.03,24182.68,1,10/12/2024,8731.91,FALSE,Worse,FALSE,FALSE,SMA-0,1,Roll
12/30/2023,ZAAUTO2024-1-00203,ZAAUTO2024-1,0,Current,Current,1159600,0,0,12/18/2023,17409.31,FALSE,Same,FALSE,FALSE,Standard,0,Static
1/30/2024,ZAAUTO2024-1-00203,ZAAUTO2024-1,0,Current,Current,1159600,0,0,1/28/2024,20116.1,FALSE,Same,FALSE,FALSE,Standard,0,Static
2/28/2024,ZAAUTO2024-1-00203,ZAAUTO2024-1,0,Current,Current,1152849.86,0,0,2/21/2024,18569.4,FALSE,Same,FALSE,FALSE,Standard,0,Static
3/30/2024,ZAAUTO2024-1-00203,ZAAUTO2024-1,0,Current,Current,1150439.33,0,0,3/6/2024,17946.76,FALSE,Same,FALSE,FALSE,Standard,0,Static
4/30/2024,ZAAUTO2024-1-00203,ZAAUTO2024-1,0,Current,Current,1086796.23,0,0,4/29/2024,19118.7,FALSE,Same,FALSE,FALSE,Standard,0,Static
5/30/2024,ZAAUTO2024-1-00203,ZAAUTO2024-1,0,Current,Current,1135978.25,0,0,5/30/2024,19889.87,FALSE,Same,FALSE,FALSE,Standard,0,Static
5/30/2024,ZAAUTO2024-1-00203,ZAAUTO2024-1,0,Current,Current,1074090.93,0,0,5/5/2024,17372.9,FALSE,Same,FALSE,FALSE,Standard,0,Static
6/30/2024,ZAAUTO2024-1-00203,ZAAUTO2024-1,0,Current,Current,1076227.23,0,0,5/28/2024,17378.98,FALSE,Same,FALSE,FALSE,Standard,0,Static
7/30/2024,ZAAUTO2024-1-00203,ZAAUTO2024-1,0,Current,Current,1067410.9,0,0,7/26/2024,18618.63,FALSE,Same,FALSE,FALSE,Standard,0,Static
8/30/2024,ZAAUTO2024-1-00203,ZAAUTO2024-1,0,Current,Current,1063772.35,0,0,8/4/2024,19347.73,FALSE,Same,FALSE,FALSE,Standard,0,Static
9/30/2024,ZAAUTO2024-1-00203,ZAAUTO2024-1,0,Current,Current,1005904.64,0,0,9/8/2024,18418.49,FALSE,Same,FALSE,FALSE,Standard,0,Static
10/30/2024,ZAAUTO2024-1-00203,ZAAUTO2024-1,0,Current,Current,1009173.59,0,0,10/10/2024,18687.48,FALSE,Same,FALSE,FALSE,Standard,0,Static
12/30/2023,ZAAUTO2024-1-00204,ZAAUTO2024-1,0,Current,Current,613200,0,0,12/10/2023,21167.46,FALSE,Same,FALSE,FALSE,Standard,0,Static
1/30/2024,ZAAUTO2024-1-00204,ZAAUTO2024-1,0,Current,Current,613200,0,0,1/16/2024,19035.11,FALSE,Same,FALSE,FALSE,Standard,0,Static
2/28/2024,ZAAUTO2024-1-00204,ZAAUTO2024-1,0,Current,Current,613200,0,0,2/5/2024,21027.89,FALSE,Same,FALSE,FALSE,Standard,0,Static
3/30/2024,ZAAUTO2024-1-00204,ZAAUTO2024-1,0,Current,Current,613200,0,0,3/30/2024,21391.81,FALSE,Same,FALSE,FALSE,Standard,0,Static
4/30/2024,ZAAUTO2024-1-00204,ZAAUTO2024-1,0,Current,Current,613200,0,0,4/14/2024,21235.12,FALSE,Same,FALSE,FALSE,Standard,0,Static
5/30/2024,ZAAUTO2024-1-00204,ZAAUTO2024-1,0,Current,Current,613200,0,0,5/27/2024,21432.02,FALSE,Same,FALSE,FALSE,Standard,0,Static
5/30/2024,ZAAUTO2024-1-00204,ZAAUTO2024-1,0,Current,Current,613200,0,0,5/9/2024,20632.31,FALSE,Same,FALSE,FALSE,Standard,0,Static
6/30/2024,ZAAUTO2024-1-00204,ZAAUTO2024-1,0,Current,Current,613200,0,0,6/6/2024,19342.75,FALSE,Same,FALSE,FALSE,Standard,0,Static
7/30/2024,ZAAUTO2024-1-00204,ZAAUTO2024-1,6,1-29 DPD,Current,613200,20566.74,1,7/1/2024,1479.59,FALSE,Worse,FALSE,FALSE,SMA-0,1,Roll
8/30/2024,ZAAUTO2024-1-00204,ZAAUTO2024-1,0,Current,1-29 DPD,605190.74,0,0,8/21/2024,20833.19,TRUE,Better,FALSE,FALSE,Standard,0,Cure
9/30/2024,ZAAUTO2024-1-00204,ZAAUTO2024-1,0,Current,Current,613200,0,0,9/4/2024,20474.92,FALSE,Same,FALSE,FALSE,Standard,0,Static
10/30/2024,ZAAUTO2024-1-00204,ZAAUTO2024-1,0,Current,Current,602054.98,0,0,9/27/2024,20137.68,FALSE,Same,FALSE,FALSE,Standard,0,Static
12/30/2023,ZAAUTO2024-1-00205,ZAAUTO2024-1,0,Current,Current,690527.2,0,0,12/17/2023,17660.09,FALSE,Same,FALSE,FALSE,Standard,0,Static
1/30/2024,ZAAUTO2024-1-00205,ZAAUTO2024-1,0,Current,Current,647009.13,0,0,12/30/2023,15985.87,FALSE,Same,FALSE,FALSE,Standard,0,Static
2/28/2024,ZAAUTO2024-1-00205,ZAAUTO2024-1,0,Current,Current,628973.46,0,0,2/15/2024,17061.79,FALSE,Same,FALSE,FALSE,Standard,0,Static
3/30/2024,ZAAUTO2024-1-00205,ZAAUTO2024-1,0,Current,Current,630685.49,0,0,2/28/2024,16102.64,FALSE,Same,FALSE,FALSE,Standard,0,Static
4/30/2024,ZAAUTO2024-1-00205,ZAAUTO2024-1,0,Current,Current,607401.5,0,0,3/28/2024,17182.54,FALSE,Same,FALSE,FALSE,Standard,0,Static
5/30/2024,ZAAUTO2024-1-00205,ZAAUTO2024-1,0,Current,Current,596587.39,0,0,5/11/2024,17695.82,FALSE,Same,FALSE,FALSE,Standard,0,Static
5/30/2024,ZAAUTO2024-1-00205,ZAAUTO2024-1,0,Current,Current,595470.16,0,0,4/28/2024,16105.61,FALSE,Same,FALSE,FALSE,Standard,0,Static
6/30/2024,ZAAUTO2024-1-00205,ZAAUTO2024-1,0,Current,Current,558261.01,0,0,6/7/2024,16843.97,FALSE,Same,FALSE,FALSE,Standard,0,Static
7/30/2024,ZAAUTO2024-1-00205,ZAAUTO2024-1,15,1-29 DPD,Current,572277.11,17585.44,1,6/28/2024,2142.13,FALSE,Worse,FALSE,FALSE,SMA-0,1,Roll
8/30/2024,ZAAUTO2024-1-00205,ZAAUTO2024-1,0,Current,1-29 DPD,538216.94,0,0,8/26/2024,16559.78,TRUE,Better,FALSE,FALSE,Standard,0,Cure
9/30/2024,ZAAUTO2024-1-00205,ZAAUTO2024-1,0,Current,Current,513862.16,0,0,9/11/2024,18336.76,FALSE,Same,FALSE,FALSE,Standard,0,Static
10/30/2024,ZAAUTO2024-1-00205,ZAAUTO2024-1,19,1-29 DPD,Current,516174.75,17585.44,1,10/21/2024,4863.65,FALSE,Worse,FALSE,FALSE,SMA-0,1,Roll
12/30/2023,ZAAUTO2024-1-00206,ZAAUTO2024-1,0,Current,Current,1077642.68,0,0,12/5/2023,23254.74,FALSE,Same,FALSE,FALSE,Standard,0,Static
1/30/2024,ZAAUTO2024-1-00206,ZAAUTO2024-1,0,Current,Current,1083208.58,0,0,1/27/2024,23037.11,FALSE,Same,FALSE,FALSE,Standard,0,Static
2/28/2024,ZAAUTO2024-1-00206,ZAAUTO2024-1,0,Current,Current,1055186.99,0,0,2/25/2024,23778.44,FALSE,Same,FALSE,FALSE,Standard,0,Static
3/30/2024,ZAAUTO2024-1-00206,ZAAUTO2024-1,0,Current,Current,1064757.78,0,0,3/3/2024,22152.27,FALSE,Same,FALSE,FALSE,Standard,0,Static
4/30/2024,ZAAUTO2024-1-00206,ZAAUTO2024-1,0,Current,Current,1007201.61,0,0,4/19/2024,23583.27,FALSE,Same,FALSE,FALSE,Standard,0,Static
5/30/2024,ZAAUTO2024-1-00206,ZAAUTO2024-1,0,Current,Current,1014503.01,0,0,4/29/2024,23313.49,FALSE,Same,FALSE,FALSE,Standard,0,Static
5/30/2024,ZAAUTO2024-1-00206,ZAAUTO2024-1,0,Current,Current,967190.62,0,0,5/27/2024,23770.3,FALSE,Same,FALSE,FALSE,Standard,0,Static
6/30/2024,ZAAUTO2024-1-00206,ZAAUTO2024-1,0,Current,Current,1009140.51,0,0,6/16/2024,21870.65,FALSE,Same,FALSE,FALSE,Standard,0,Static
7/30/2024,ZAAUTO2024-1-00206,ZAAUTO2024-1,0,Current,Current,986653.19,0,0,7/13/2024,22312.62,FALSE,Same,FALSE,FALSE,Standard,0,Static
8/30/2024,ZAAUTO2024-1-00206,ZAAUTO2024-1,0,Current,Current,944304.87,0,0,8/13/2024,22268.62,FALSE,Same,FALSE,FALSE,Standard,0,Static
9/30/2024,ZAAUTO2024-1-00206,ZAAUTO2024-1,0,Current,Current,932497.23,0,0,9/5/2024,22860.32,FALSE,Same,FALSE,FALSE,Standard,0,Static
10/30/2024,ZAAUTO2024-1-00206,ZAAUTO2024-1,0,Current,Current,881342.31,0,0,10/13/2024,23229.64,FALSE,Same,FALSE,FALSE,Standard,0,Static
12/30/2023,ZAAUTO2024-1-00207,ZAAUTO2024-1,0,Current,Current,416000,0,0,12/20/2023,7282.47,FALSE,Same,FALSE,FALSE,Standard,0,Static
1/30/2024,ZAAUTO2024-1-00207,ZAAUTO2024-1,0,Current,Current,416000,0,0,1/19/2024,7302.13,FALSE,Same,FALSE,FALSE,Standard,0,Static
2/28/2024,ZAAUTO2024-1-00207,ZAAUTO2024-1,0,Current,Current,416000,0,0,2/28/2024,7687.15,FALSE,Same,FALSE,FALSE,Standard,0,Static
3/30/2024,ZAAUTO2024-1-00207,ZAAUTO2024-1,0,Current,Current,416000,0,0,3/29/2024,7123.8,FALSE,Same,FALSE,FALSE,Standard,0,Static
4/30/2024,ZAAUTO2024-1-00207,ZAAUTO2024-1,0,Current,Current,416000,0,0,4/26/2024,7115.97,FALSE,Same,FALSE,FALSE,Standard,0,Static
5/30/2024,ZAAUTO2024-1-00207,ZAAUTO2024-1,0,Current,Current,416000,0,0,5/30/2024,7604.09,FALSE,Same,FALSE,FALSE,Standard,0,Static
5/30/2024,ZAAUTO2024-1-00207,ZAAUTO2024-1,0,Current,Current,416000,0,0,5/30/2024,7482.2,FALSE,Same,FALSE,FALSE,Standard,0,Static
6/30/2024,ZAAUTO2024-1-00207,ZAAUTO2024-1,0,Current,Current,402407.5,0,0,6/23/2024,6971.19,FALSE,Same,FALSE,FALSE,Standard,0,Static
7/30/2024,ZAAUTO2024-1-00207,ZAAUTO2024-1,0,Current,Current,389770.82,0,0,7/12/2024,7882.41,FALSE,Same,FALSE,FALSE,Standard,0,Static
8/30/2024,ZAAUTO2024-1-00207,ZAAUTO2024-1,0,Current,Current,398180.96,0,0,8/20/2024,7789.74,FALSE,Same,FALSE,FALSE,Standard,0,Static
9/30/2024,ZAAUTO2024-1-00207,ZAAUTO2024-1,0,Current,Current,398975.57,0,0,9/24/2024,7270.35,FALSE,Same,FALSE,FALSE,Standard,0,Static
10/30/2024,ZAAUTO2024-1-00207,ZAAUTO2024-1,0,Current,Current,391639.48,0,0,10/2/2024,7484.91,FALSE,Same,FALSE,FALSE,Standard,0,Static
12/30/2023,ZAAUTO2024-1-00208,ZAAUTO2024-1,0,Current,Current,864712.94,0,0,11/30/2023,16949.09,FALSE,Same,FALSE,FALSE,Standard,0,Static
1/30/2024,ZAAUTO2024-1-00208,ZAAUTO2024-1,0,Current,Current,842216.33,0,0,1/29/2024,17046.53,FALSE,Same,FALSE,FALSE,Standard,0,Static
2/28/2024,ZAAUTO2024-1-00208,ZAAUTO2024-1,0,Current,Current,813171.44,0,0,2/14/2024,18464.69,FALSE,Same,FALSE,FALSE,Standard,0,Static
3/30/2024,ZAAUTO2024-1-00208,ZAAUTO2024-1,0,Current,Current,785017.93,0,0,2/28/2024,16722.13,FALSE,Same,FALSE,FALSE,Standard,0,Static
4/30/2024,ZAAUTO2024-1-00208,ZAAUTO2024-1,0,Current,Current,797049.26,0,0,4/3/2024,17633.01,FALSE,Same,FALSE,FALSE,Standard,0,Static
5/30/2024,ZAAUTO2024-1-00208,ZAAUTO2024-1,0,Current,Current,793366.97,0,0,5/18/2024,19189.15,FALSE,Same,FALSE,FALSE,Standard,0,Static
5/30/2024,ZAAUTO2024-1-00208,ZAAUTO2024-1,0,Current,Current,760308.49,0,0,5/24/2024,19313.39,FALSE,Same,FALSE,FALSE,Standard,0,Static
6/30/2024,ZAAUTO2024-1-00208,ZAAUTO2024-1,0,Current,Current,774327.9,0,0,5/27/2024,19129.74,FALSE,Same,FALSE,FALSE,Standard,0,Static
7/30/2024,ZAAUTO2024-1-00208,ZAAUTO2024-1,0,Current,Current,738589.34,0,0,6/27/2024,17121.53,FALSE,Same,FALSE,FALSE,Standard,0,Static
8/30/2024,ZAAUTO2024-1-00208,ZAAUTO2024-1,0,Current,Current,749648.09,0,0,8/8/2024,19098.62,FALSE,Same,FALSE,FALSE,Standard,0,Static
9/30/2024,ZAAUTO2024-1-00208,ZAAUTO2024-1,0,Current,Current,710011.77,0,0,9/4/2024,19257.41,FALSE,Same,FALSE,FALSE,Standard,0,Static
10/30/2024,ZAAUTO2024-1-00208,ZAAUTO2024-1,0,Current,Current,691525.23,0,0,10/18/2024,16750.4,FALSE,Same,FALSE,FALSE,Standard,0,Static
12/30/2023,ZAAUTO2024-1-00209,ZAAUTO2024-1,0,Current,Current,514300,0,0,12/21/2023,17101.64,FALSE,Same,FALSE,FALSE,Standard,0,Static
1/30/2024,ZAAUTO2024-1-00209,ZAAUTO2024-1,0,Current,Current,514300,0,0,12/26/2023,17471.65,FALSE,Same,FALSE,FALSE,Standard,0,Static
2/28/2024,ZAAUTO2024-1-00209,ZAAUTO2024-1,10,1-29 DPD,Current,514300,17477.8,1,2/24/2024,8387.09,FALSE,Worse,FALSE,FALSE,SMA-0,1,Roll
3/30/2024,ZAAUTO2024-1-00209,ZAAUTO2024-1,0,Current,1-29 DPD,514300,0,0,3/28/2024,16299.78,TRUE,Better,FALSE,FALSE,Standard,0,Cure
4/30/2024,ZAAUTO2024-1-00209,ZAAUTO2024-1,27,1-29 DPD,Current,514300,17477.8,1,4/27/2024,5121.34,FALSE,Worse,FALSE,FALSE,SMA-0,1,Roll
5/30/2024,ZAAUTO2024-1-00209,ZAAUTO2024-1,1,1-29 DPD,1-29 DPD,514300,17477.8,1,5/30/2024,523.31,FALSE,Same,FALSE,FALSE,SMA-0,2,Static
5/30/2024,ZAAUTO2024-1-00209,ZAAUTO2024-1,0,Current,1-29 DPD,500946.16,0,0,5/12/2024,17788.72,TRUE,Better,FALSE,FALSE,Standard,0,Cure
6/30/2024,ZAAUTO2024-1-00209,ZAAUTO2024-1,0,Current,Current,506657.26,0,0,5/26/2024,16136.48,FALSE,Same,FALSE,FALSE,Standard,0,Static
7/30/2024,ZAAUTO2024-1-00209,ZAAUTO2024-1,0,Current,Current,484305.99,0,0,7/13/2024,16103.99,FALSE,Same,FALSE,FALSE,Standard,0,Static
8/30/2024,ZAAUTO2024-1-00209,ZAAUTO2024-1,0,Current,Current,499526.38,0,0,8/3/2024,17264.29,FALSE,Same,FALSE,FALSE,Standard,0,Static
9/30/2024,ZAAUTO2024-1-00209,ZAAUTO2024-1,0,Current,Current,469373.83,0,0,9/16/2024,15814.27,FALSE,Same,FALSE,FALSE,Standard,0,Static
10/30/2024,ZAAUTO2024-1-00209,ZAAUTO2024-1,0,Current,Current,490841.29,0,0,10/15/2024,17858.05,FALSE,Same,FALSE,FALSE,Standard,0,Static
12/30/2023,ZAAUTO2024-1-00210,ZAAUTO2024-1,0,Current,Current,2354300,0,0,12/18/2023,71842.32,FALSE,Same,FALSE,FALSE,Standard,0,Static
1/30/2024,ZAAUTO2024-1-00210,ZAAUTO2024-1,0,Current,Current,2305193.68,0,0,1/18/2024,72429.03,FALSE,Same,FALSE,FALSE,Standard,0,Static
2/28/2024,ZAAUTO2024-1-00210,ZAAUTO2024-1,0,Current,Current,2216931.25,0,0,1/30/2024,75242.58,FALSE,Same,FALSE,FALSE,Standard,0,Static
3/30/2024,ZAAUTO2024-1-00210,ZAAUTO2024-1,0,Current,Current,2229588.23,0,0,3/3/2024,70072.38,FALSE,Same,FALSE,FALSE,Standard,0,Static
4/30/2024,ZAAUTO2024-1-00210,ZAAUTO2024-1,0,Current,Current,2218813.09,0,0,4/10/2024,74759.63,FALSE,Same,FALSE,FALSE,Standard,0,Static
5/30/2024,ZAAUTO2024-1-00210,ZAAUTO2024-1,0,Current,Current,2208530.56,0,0,5/8/2024,74352.29,FALSE,Same,FALSE,FALSE,Standard,0,Static
5/30/2024,ZAAUTO2024-1-00210,ZAAUTO2024-1,0,Current,Current,2134035.41,0,0,5/4/2024,80019.98,FALSE,Same,FALSE,FALSE,Standard,0,Static
6/30/2024,ZAAUTO2024-1-00210,ZAAUTO2024-1,0,Current,Current,2104470.61,0,0,5/26/2024,69272.12,FALSE,Same,FALSE,FALSE,Standard,0,Static
7/30/2024,ZAAUTO2024-1-00210,ZAAUTO2024-1,25,1-29 DPD,Current,2063827.76,76631.56,1,7/22/2024,28286.63,FALSE,Worse,FALSE,FALSE,SMA-0,1,Roll
8/30/2024,ZAAUTO2024-1-00210,ZAAUTO2024-1,0,Current,1-29 DPD,2012048.87,0,0,8/15/2024,75639.06,TRUE,Better,FALSE,FALSE,Standard,0,Cure
9/30/2024,ZAAUTO2024-1-00210,ZAAUTO2024-1,0,Current,Current,1987834.09,0,0,8/27/2024,79312.66,FALSE,Same,FALSE,FALSE,Standard,0,Static
10/30/2024,ZAAUTO2024-1-00210,ZAAUTO2024-1,0,Current,Current,2024060.95,0,0,10/27/2024,77650.78,FALSE,Same,FALSE,FALSE,Standard,0,Static
12/30/2023,ZAAUTO2024-1-00211,ZAAUTO2024-1,0,Current,Current,1680662.18,0,0,12/12/2023,41431.62,FALSE,Same,FALSE,FALSE,Standard,0,Static
1/30/2024,ZAAUTO2024-1-00211,ZAAUTO2024-1,0,Current,Current,1718988.33,0,0,1/27/2024,38629.73,FALSE,Same,FALSE,FALSE,Standard,0,Static
2/28/2024,ZAAUTO2024-1-00211,ZAAUTO2024-1,0,Current,Current,1671861.88,0,0,1/27/2024,42529.16,FALSE,Same,FALSE,FALSE,Standard,0,Static
3/30/2024,ZAAUTO2024-1-00211,ZAAUTO2024-1,0,Current,Current,1576015.75,0,0,3/17/2024,41121.28,FALSE,Same,FALSE,FALSE,Standard,0,Static
4/30/2024,ZAAUTO2024-1-00211,ZAAUTO2024-1,0,Current,Current,1600599.4,0,0,3/30/2024,38724.14,FALSE,Same,FALSE,FALSE,Standard,0,Static
5/30/2024,ZAAUTO2024-1-00211,ZAAUTO2024-1,0,Current,Current,1603204.93,0,0,5/21/2024,39762.16,FALSE,Same,FALSE,FALSE,Standard,0,Static
5/30/2024,ZAAUTO2024-1-00211,ZAAUTO2024-1,0,Current,Current,1504777.9,0,0,5/30/2024,42947.25,FALSE,Same,FALSE,FALSE,Standard,0,Static
6/30/2024,ZAAUTO2024-1-00211,ZAAUTO2024-1,0,Current,Current,1504232.94,0,0,6/18/2024,38587.24,FALSE,Same,FALSE,FALSE,Standard,0,Static
7/30/2024,ZAAUTO2024-1-00211,ZAAUTO2024-1,0,Current,Current,1405213.3,0,0,7/23/2024,41143.73,FALSE,Same,FALSE,FALSE,Standard,0,Static
8/30/2024,ZAAUTO2024-1-00211,ZAAUTO2024-1,0,Current,Current,1397271.24,0,0,8/24/2024,40852.94,FALSE,Same,FALSE,FALSE,Standard,0,Static
9/30/2024,ZAAUTO2024-1-00211,ZAAUTO2024-1,0,Current,Current,1421520.71,0,0,9/2/2024,40328.98,FALSE,Same,FALSE,FALSE,Standard,0,Static
10/30/2024,ZAAUTO2024-1-00211,ZAAUTO2024-1,0,Current,Current,1395548.21,0,0,10/11/2024,40416.34,FALSE,Same,FALSE,FALSE,Standard,0,Static
12/30/2023,ZAAUTO2024-1-00212,ZAAUTO2024-1,0,Current,Current,932500,0,0,12/15/2023,15812.46,FALSE,Same,FALSE,FALSE,Standard,0,Static
1/30/2024,ZAAUTO2024-1-00212,ZAAUTO2024-1,0,Current,Current,920272.86,0,0,12/27/2023,15888.25,FALSE,Same,FALSE,FALSE,Standard,0,Static
2/28/2024,ZAAUTO2024-1-00212,ZAAUTO2024-1,0,Current,Current,889720.33,0,0,2/10/2024,17085.4,FALSE,Same,FALSE,FALSE,Standard,0,Static
3/30/2024,ZAAUTO2024-1-00212,ZAAUTO2024-1,0,Current,Current,905798.11,0,0,2/28/2024,16316.15,FALSE,Same,FALSE,FALSE,Standard,0,Static
4/30/2024,ZAAUTO2024-1-00212,ZAAUTO2024-1,0,Current,Current,849607.21,0,0,4/6/2024,17162.57,FALSE,Same,FALSE,FALSE,Standard,0,Static
5/30/2024,ZAAUTO2024-1-00212,ZAAUTO2024-1,0,Current,Current,825915.25,0,0,5/4/2024,17459.41,FALSE,Same,FALSE,FALSE,Standard,0,Static
5/30/2024,ZAAUTO2024-1-00212,ZAAUTO2024-1,0,Current,Current,814947.38,0,0,5/12/2024,16546.12,FALSE,Same,FALSE,FALSE,Standard,0,Static
6/30/2024,ZAAUTO2024-1-00212,ZAAUTO2024-1,0,Current,Current,825819.85,0,0,6/30/2024,16862.47,FALSE,Same,FALSE,FALSE,Standard,0,Static
7/30/2024,ZAAUTO2024-1-00212,ZAAUTO2024-1,2,1-29 DPD,Current,816626.35,17083.17,1,7/2/2024,436.97,FALSE,Worse,FALSE,FALSE,SMA-0,1,Roll
8/30/2024,ZAAUTO2024-1-00212,ZAAUTO2024-1,12,1-29 DPD,1-29 DPD,820644.13,17083.17,1,8/1/2024,9044.76,FALSE,Same,FALSE,FALSE,SMA-0,2,Static
9/30/2024,ZAAUTO2024-1-00212,ZAAUTO2024-1,15,1-29 DPD,1-29 DPD,768357.42,17083.17,1,9/20/2024,3666.88,FALSE,Same,FALSE,FALSE,SMA-0,3,Static
10/30/2024,ZAAUTO2024-1-00212,ZAAUTO2024-1,0,Current,1-29 DPD,786352.84,0,0,9/28/2024,15914.97,TRUE,Better,FALSE,FALSE,Standard,0,Cure
12/30/2023,ZAAUTO2024-1-00213,ZAAUTO2024-1,0,Current,Current,463535.96,0,0,12/5/2023,14904.77,FALSE,Same,FALSE,FALSE,Standard,0,Static
1/30/2024,ZAAUTO2024-1-00213,ZAAUTO2024-1,0,Current,Current,456625.57,0,0,12/31/2023,15662.05,FALSE,Same,FALSE,FALSE,Standard,0,Static
2/28/2024,ZAAUTO2024-1-00213,ZAAUTO2024-1,0,Current,Current,432502.45,0,0,2/17/2024,16152.1,FALSE,Same,FALSE,FALSE,Standard,0,Static
3/30/2024,ZAAUTO2024-1-00213,ZAAUTO2024-1,0,Current,Current,433655.04,0,0,2/26/2024,15373.94,FALSE,Same,FALSE,FALSE,Standard,0,Static
4/30/2024,ZAAUTO2024-1-00213,ZAAUTO2024-1,0,Current,Current,414109.66,0,0,4/8/2024,16172.87,FALSE,Same,FALSE,FALSE,Standard,0,Static
5/30/2024,ZAAUTO2024-1-00213,ZAAUTO2024-1,0,Current,Current,405149.67,0,0,5/26/2024,14847.59,FALSE,Same,FALSE,FALSE,Standard,0,Static
5/30/2024,ZAAUTO2024-1-00213,ZAAUTO2024-1,0,Current,Current,392958.8,0,0,5/20/2024,15306.34,FALSE,Same,FALSE,FALSE,Standard,0,Static
6/30/2024,ZAAUTO2024-1-00213,ZAAUTO2024-1,0,Current,Current,375222.4,0,0,5/30/2024,17031.9,FALSE,Same,FALSE,FALSE,Standard,0,Static
7/30/2024,ZAAUTO2024-1-00213,ZAAUTO2024-1,0,Current,Current,357764.95,0,0,7/16/2024,17147.57,FALSE,Same,FALSE,FALSE,Standard,0,Static
8/30/2024,ZAAUTO2024-1-00213,ZAAUTO2024-1,0,Current,Current,353448.58,0,0,8/15/2024,14996.19,FALSE,Same,FALSE,FALSE,Standard,0,Static
9/30/2024,ZAAUTO2024-1-00213,ZAAUTO2024-1,0,Current,Current,342383.8,0,0,9/6/2024,16593.66,FALSE,Same,FALSE,FALSE,Standard,0,Static
10/30/2024,ZAAUTO2024-1-00213,ZAAUTO2024-1,0,Current,Current,319039.36,0,0,10/26/2024,14889.33,FALSE,Same,FALSE,FALSE,Standard,0,Static
12/30/2023,ZAAUTO2024-1-00214,ZAAUTO2024-1,0,Current,Current,317034.39,0,0,11/25/2023,11756.98,FALSE,Same,FALSE,FALSE,Standard,0,Static
1/30/2024,ZAAUTO2024-1-00214,ZAAUTO2024-1,0,Current,Current,303003.12,0,0,1/2/2024,12665.56,FALSE,Same,FALSE,FALSE,Standard,0,Static
2/28/2024,ZAAUTO2024-1-00214,ZAAUTO2024-1,0,Current,Current,296978.81,0,0,2/18/2024,12201.36,FALSE,Same,FALSE,FALSE,Standard,0,Static
3/30/2024,ZAAUTO2024-1-00214,ZAAUTO2024-1,0,Current,Current,297949.74,0,0,3/18/2024,11541.34,FALSE,Same,FALSE,FALSE,Standard,0,Static
4/30/2024,ZAAUTO2024-1-00214,ZAAUTO2024-1,0,Current,Current,281940.24,0,0,4/24/2024,11764.2,FALSE,Same,FALSE,FALSE,Standard,0,Static
5/30/2024,ZAAUTO2024-1-00214,ZAAUTO2024-1,0,Current,Current,292572.37,0,0,5/30/2024,12060.07,FALSE,Same,FALSE,FALSE,Standard,0,Static
5/30/2024,ZAAUTO2024-1-00214,ZAAUTO2024-1,0,Current,Current,278890.15,0,0,4/26/2024,13017.61,FALSE,Same,FALSE,FALSE,Standard,0,Static
6/30/2024,ZAAUTO2024-1-00214,ZAAUTO2024-1,0,Current,Current,272069.29,0,0,5/28/2024,12319.15,FALSE,Same,FALSE,FALSE,Standard,0,Static
7/30/2024,ZAAUTO2024-1-00214,ZAAUTO2024-1,0,Current,Current,276013.42,0,0,6/30/2024,12328.01,FALSE,Same,FALSE,FALSE,Standard,0,Static
8/30/2024,ZAAUTO2024-1-00214,ZAAUTO2024-1,0,Current,Current,261409.53,0,0,7/26/2024,12996.62,FALSE,Same,FALSE,FALSE,Standard,0,Static
9/30/2024,ZAAUTO2024-1-00214,ZAAUTO2024-1,0,Current,Current,264104.32,0,0,9/2/2024,12188.93,FALSE,Same,FALSE,FALSE,Standard,0,Static
10/30/2024,ZAAUTO2024-1-00214,ZAAUTO2024-1,0,Current,Current,250794.33,0,0,10/26/2024,12457.54,FALSE,Same,FALSE,FALSE,Standard,0,Static
12/30/2023,ZAAUTO2024-1-00215,ZAAUTO2024-1,0,Current,Current,852200,0,0,12/20/2023,14958.08,FALSE,Same,FALSE,FALSE,Standard,0,Static
1/30/2024,ZAAUTO2024-1-00215,ZAAUTO2024-1,0,Current,Current,852200,0,0,1/15/2024,14711.39,FALSE,Same,FALSE,FALSE,Standard,0,Static
2/28/2024,ZAAUTO2024-1-00215,ZAAUTO2024-1,0,Current,Current,852200,0,0,1/27/2024,13550.15,FALSE,Same,FALSE,FALSE,Standard,0,Static
3/30/2024,ZAAUTO2024-1-00215,ZAAUTO2024-1,0,Current,Current,852200,0,0,2/25/2024,14377.21,FALSE,Same,FALSE,FALSE,Standard,0,Static
4/30/2024,ZAAUTO2024-1-00215,ZAAUTO2024-1,0,Current,Current,852200,0,0,3/31/2024,14891.13,FALSE,Same,FALSE,FALSE,Standard,0,Static
5/30/2024,ZAAUTO2024-1-00215,ZAAUTO2024-1,0,Current,Current,852200,0,0,5/29/2024,12949.16,FALSE,Same,FALSE,FALSE,Standard,0,Static
5/30/2024,ZAAUTO2024-1-00215,ZAAUTO2024-1,0,Current,Current,852200,0,0,5/18/2024,13598.02,FALSE,Same,FALSE,FALSE,Standard,0,Static
6/30/2024,ZAAUTO2024-1-00215,ZAAUTO2024-1,0,Current,Current,852200,0,0,6/22/2024,13318.3,FALSE,Same,FALSE,FALSE,Standard,0,Static
7/30/2024,ZAAUTO2024-1-00215,ZAAUTO2024-1,0,Current,Current,852200,0,0,7/9/2024,14863.76,FALSE,Same,FALSE,FALSE,Standard,0,Static
8/30/2024,ZAAUTO2024-1-00215,ZAAUTO2024-1,0,Current,Current,852200,0,0,8/27/2024,13385.67,FALSE,Same,FALSE,FALSE,Standard,0,Static
9/30/2024,ZAAUTO2024-1-00215,ZAAUTO2024-1,0,Current,Current,813939.49,0,0,9/28/2024,13622.29,FALSE,Same,FALSE,FALSE,Standard,0,Static
10/30/2024,ZAAUTO2024-1-00215,ZAAUTO2024-1,0,Current,Current,801604.13,0,0,10/4/2024,14163.89,FALSE,Same,FALSE,FALSE,Standard,0,Static
12/30/2023,ZAAUTO2024-1-00216,ZAAUTO2024-1,0,Current,Current,1234901.04,0,0,12/16/2023,30643.87,FALSE,Same,FALSE,FALSE,Standard,0,Static
1/30/2024,ZAAUTO2024-1-00216,ZAAUTO2024-1,0,Current,Current,1138176,0,0,1/18/2024,33253.28,FALSE,Same,FALSE,FALSE,Standard,0,Static
2/28/2024,ZAAUTO2024-1-00216,ZAAUTO2024-1,0,Current,Current,1175019.92,0,0,2/27/2024,33346.46,FALSE,Same,FALSE,FALSE,Standard,0,Static
3/30/2024,ZAAUTO2024-1-00216,ZAAUTO2024-1,0,Current,Current,1080533.89,0,0,3/6/2024,34073.92,FALSE,Same,FALSE,FALSE,Standard,0,Static
4/30/2024,ZAAUTO2024-1-00216,ZAAUTO2024-1,0,Current,Current,1080999.17,0,0,4/3/2024,33331.44,FALSE,Same,FALSE,FALSE,Standard,0,Static
5/30/2024,ZAAUTO2024-1-00216,ZAAUTO2024-1,0,Current,Current,1027925.11,0,0,5/23/2024,35100.43,FALSE,Same,FALSE,FALSE,Standard,0,Static
5/30/2024,ZAAUTO2024-1-00216,ZAAUTO2024-1,0,Current,Current,1062389.24,0,0,5/7/2024,32325.04,FALSE,Same,FALSE,FALSE,Standard,0,Static
6/30/2024,ZAAUTO2024-1-00216,ZAAUTO2024-1,0,Current,Current,986415.13,0,0,6/27/2024,31746.82,FALSE,Same,FALSE,FALSE,Standard,0,Static
7/30/2024,ZAAUTO2024-1-00216,ZAAUTO2024-1,0,Current,Current,939841.31,0,0,7/30/2024,31690.61,FALSE,Same,FALSE,FALSE,Standard,0,Static
8/30/2024,ZAAUTO2024-1-00216,ZAAUTO2024-1,0,Current,Current,954778.09,0,0,7/27/2024,33425.61,FALSE,Same,FALSE,FALSE,Standard,0,Static
9/30/2024,ZAAUTO2024-1-00216,ZAAUTO2024-1,0,Current,Current,940348.56,0,0,9/30/2024,34978.85,FALSE,Same,FALSE,FALSE,Standard,0,Static
10/30/2024,ZAAUTO2024-1-00216,ZAAUTO2024-1,0,Current,Current,863395.06,0,0,10/27/2024,30924.63,FALSE,Same,FALSE,FALSE,Standard,0,Static
12/30/2023,ZAAUTO2024-1-00217,ZAAUTO2024-1,0,Current,Current,1027612.98,0,0,11/26/2023,25143.88,FALSE,Same,FALSE,FALSE,Standard,0,Static
1/30/2024,ZAAUTO2024-1-00217,ZAAUTO2024-1,0,Current,Current,1041667.11,0,0,1/8/2024,27946.72,FALSE,Same,FALSE,FALSE,Standard,0,Static
2/28/2024,ZAAUTO2024-1-00217,ZAAUTO2024-1,0,Current,Current,1032876.11,0,0,1/31/2024,27199.17,FALSE,Same,FALSE,FALSE,Standard,0,Static
3/30/2024,ZAAUTO2024-1-00217,ZAAUTO2024-1,0,Current,Current,1018687.52,0,0,2/24/2024,25495.66,FALSE,Same,FALSE,FALSE,Standard,0,Static
4/30/2024,ZAAUTO2024-1-00217,ZAAUTO2024-1,0,Current,Current,978780.43,0,0,3/28/2024,27927.83,FALSE,Same,FALSE,FALSE,Standard,0,Static
5/30/2024,ZAAUTO2024-1-00217,ZAAUTO2024-1,0,Current,Current,936501.8,0,0,4/26/2024,26349.59,FALSE,Same,FALSE,FALSE,Standard,0,Static
5/30/2024,ZAAUTO2024-1-00217,ZAAUTO2024-1,0,Current,Current,899768.23,0,0,5/4/2024,27168.25,FALSE,Same,FALSE,FALSE,Standard,0,Static
6/30/2024,ZAAUTO2024-1-00217,ZAAUTO2024-1,0,Current,Current,917605.38,0,0,6/13/2024,24627.64,FALSE,Same,FALSE,FALSE,Standard,0,Static
7/30/2024,ZAAUTO2024-1-00217,ZAAUTO2024-1,5,1-29 DPD,Current,911832.52,27010.9,1,6/27/2024,3736.19,FALSE,Worse,FALSE,FALSE,SMA-0,1,Roll
8/30/2024,ZAAUTO2024-1-00217,ZAAUTO2024-1,53,30-59 DPD,1-29 DPD,874015.54,27010.9,1,8/23/2024,6035.15,FALSE,Worse,FALSE,FALSE,SMA-1,2,Roll
9/30/2024,ZAAUTO2024-1-00217,ZAAUTO2024-1,86,60-89 DPD,30-59 DPD,868662.68,54021.8,2,9/28/2024,15848.53,FALSE,Worse,FALSE,FALSE,SMA-2,3,Roll
10/30/2024,ZAAUTO2024-1-00217,ZAAUTO2024-1,112,90-119 DPD,60-89 DPD,828219.61,81032.7,3,10/1/2024,15445.56,FALSE,Worse,FALSE,FALSE,NPA,4,Roll
12/30/2023,ZAAUTO2024-1-00218,ZAAUTO2024-1,0,Current,Current,1061100,0,0,12/16/2023,25653.43,FALSE,Same,FALSE,FALSE,Standard,0,Static
1/30/2024,ZAAUTO2024-1-00218,ZAAUTO2024-1,0,Current,Current,1061100,0,0,1/3/2024,27004.2,FALSE,Same,FALSE,FALSE,Standard,0,Static
2/28/2024,ZAAUTO2024-1-00218,ZAAUTO2024-1,0,Current,Current,1061100,0,0,2/26/2024,27041.65,FALSE,Same,FALSE,FALSE,Standard,0,Static
3/30/2024,ZAAUTO2024-1-00218,ZAAUTO2024-1,0,Current,Current,1061100,0,0,3/29/2024,28564.98,FALSE,Same,FALSE,FALSE,Standard,0,Static
4/30/2024,ZAAUTO2024-1-00218,ZAAUTO2024-1,0,Current,Current,1061100,0,0,4/9/2024,28617.25,FALSE,Same,FALSE,FALSE,Standard,0,Static
5/30/2024,ZAAUTO2024-1-00218,ZAAUTO2024-1,9,1-29 DPD,Current,1061100,27558.86,1,5/17/2024,12521.4,FALSE,Worse,FALSE,FALSE,SMA-0,1,Roll
5/30/2024,ZAAUTO2024-1-00218,ZAAUTO2024-1,0,Current,1-29 DPD,1061100,0,0,5/3/2024,28381.8,TRUE,Better,FALSE,FALSE,Standard,0,Cure
6/30/2024,ZAAUTO2024-1-00218,ZAAUTO2024-1,0,Current,Current,1061100,0,0,6/27/2024,28140.61,FALSE,Same,FALSE,FALSE,Standard,0,Static
7/30/2024,ZAAUTO2024-1-00218,ZAAUTO2024-1,0,Current,Current,1049142.03,0,0,7/12/2024,28351.92,FALSE,Same,FALSE,FALSE,Standard,0,Static
8/30/2024,ZAAUTO2024-1-00218,ZAAUTO2024-1,0,Current,Current,1061100,0,0,8/1/2024,26555.04,FALSE,Same,FALSE,FALSE,Standard,0,Static
9/30/2024,ZAAUTO2024-1-00218,ZAAUTO2024-1,0,Current,Current,1029622.52,0,0,8/28/2024,25878.19,FALSE,Same,FALSE,FALSE,Standard,0,Static
10/30/2024,ZAAUTO2024-1-00218,ZAAUTO2024-1,0,Current,Current,1030801.76,0,0,10/1/2024,27885.3,FALSE,Same,FALSE,FALSE,Standard,0,Static
12/30/2023,ZAAUTO2024-1-00219,ZAAUTO2024-1,0,Current,Current,2676557.19,0,0,12/14/2023,70795.52,FALSE,Same,FALSE,FALSE,Standard,0,Static
1/30/2024,ZAAUTO2024-1-00219,ZAAUTO2024-1,0,Current,Current,2717925.62,0,0,1/30/2024,63926.01,FALSE,Same,FALSE,FALSE,Standard,0,Static
2/28/2024,ZAAUTO2024-1-00219,ZAAUTO2024-1,0,Current,Current,2628177.85,0,0,2/8/2024,71354.72,FALSE,Same,FALSE,FALSE,Standard,0,Static
3/30/2024,ZAAUTO2024-1-00219,ZAAUTO2024-1,0,Current,Current,2635146.5,0,0,3/2/2024,67458.44,FALSE,Same,FALSE,FALSE,Standard,0,Static
4/30/2024,ZAAUTO2024-1-00219,ZAAUTO2024-1,0,Current,Current,2516993.09,0,0,4/1/2024,63014.74,FALSE,Same,FALSE,FALSE,Standard,0,Static
5/30/2024,ZAAUTO2024-1-00219,ZAAUTO2024-1,0,Current,Current,2459014.55,0,0,4/25/2024,64902.35,FALSE,Same,FALSE,FALSE,Standard,0,Static
5/30/2024,ZAAUTO2024-1-00219,ZAAUTO2024-1,2,1-29 DPD,Current,2453917.08,69587.21,1,5/25/2024,11542.25,FALSE,Worse,FALSE,FALSE,SMA-0,1,Roll
6/30/2024,ZAAUTO2024-1-00219,ZAAUTO2024-1,0,Current,1-29 DPD,2415072.68,0,0,6/10/2024,72579.04,TRUE,Better,FALSE,FALSE,Standard,0,Cure
7/30/2024,ZAAUTO2024-1-00219,ZAAUTO2024-1,0,Current,Current,2342492.62,0,0,7/14/2024,70623.82,FALSE,Same,FALSE,FALSE,Standard,0,Static
8/30/2024,ZAAUTO2024-1-00219,ZAAUTO2024-1,0,Current,Current,2271888.76,0,0,7/30/2024,63956.45,FALSE,Same,FALSE,FALSE,Standard,0,Static
9/30/2024,ZAAUTO2024-1-00219,ZAAUTO2024-1,0,Current,Current,2285758.74,0,0,9/21/2024,71722.55,FALSE,Same,FALSE,FALSE,Standard,0,Static
10/30/2024,ZAAUTO2024-1-00219,ZAAUTO2024-1,0,Current,Current,2245565.1,0,0,10/16/2024,63823.09,FALSE,Same,FALSE,FALSE,Standard,0,Static
12/30/2023,ZAAUTO2024-1-00220,ZAAUTO2024-1,0,Current,Current,1323585.36,0,0,12/8/2023,48511.38,FALSE,Same,FALSE,FALSE,Standard,0,Static
1/30/2024,ZAAUTO2024-1-00220,ZAAUTO2024-1,0,Current,Current,1226592.31,0,0,1/15/2024,47096.84,FALSE,Same,FALSE,FALSE,Standard,0,Static
2/28/2024,ZAAUTO2024-1-00220,ZAAUTO2024-1,0,Current,Current,1207050.57,0,0,1/31/2024,45342.34,FALSE,Same,FALSE,FALSE,Standard,0,Static
3/30/2024,ZAAUTO2024-1-00220,ZAAUTO2024-1,0,Current,Current,1184556.44,0,0,3/17/2024,46919.27,FALSE,Same,FALSE,FALSE,Standard,0,Static
4/30/2024,ZAAUTO2024-1-00220,ZAAUTO2024-1,0,Current,Current,1187088.27,0,0,4/4/2024,45032.38,FALSE,Same,FALSE,FALSE,Standard,0,Static
5/30/2024,ZAAUTO2024-1-00220,ZAAUTO2024-1,0,Current,Current,1168714.11,0,0,5/12/2024,45564.09,FALSE,Same,FALSE,FALSE,Standard,0,Static
5/30/2024,ZAAUTO2024-1-00220,ZAAUTO2024-1,0,Current,Current,1137468.3,0,0,5/7/2024,46987.49,FALSE,Same,FALSE,FALSE,Standard,0,Static
6/30/2024,ZAAUTO2024-1-00220,ZAAUTO2024-1,0,Current,Current,1121110.04,0,0,6/7/2024,47993.99,FALSE,Same,FALSE,FALSE,Standard,0,Static
7/30/2024,ZAAUTO2024-1-00220,ZAAUTO2024-1,0,Current,Current,1142481.98,0,0,7/29/2024,45691.91,FALSE,Same,FALSE,FALSE,Standard,0,Static
8/30/2024,ZAAUTO2024-1-00220,ZAAUTO2024-1,0,Current,Current,1047081.58,0,0,8/21/2024,51266.34,FALSE,Same,FALSE,FALSE,Standard,0,Static
9/30/2024,ZAAUTO2024-1-00220,ZAAUTO2024-1,0,Current,Current,1023208.65,0,0,9/17/2024,50496.15,FALSE,Same,FALSE,FALSE,Standard,0,Static
10/30/2024,ZAAUTO2024-1-00220,ZAAUTO2024-1,17,1-29 DPD,Current,1051607.1,49447.61,1,9/28/2024,23244.35,FALSE,Worse,FALSE,FALSE,SMA-0,1,Roll
12/30/2023,ZAAUTO2024-1-00221,ZAAUTO2024-1,19,1-29 DPD,Current,321100,8683,1,11/25/2023,3823.74,FALSE,Worse,FALSE,FALSE,SMA-0,1,Roll
1/30/2024,ZAAUTO2024-1-00221,ZAAUTO2024-1,18,1-29 DPD,1-29 DPD,321100,8683,1,12/28/2023,4158.49,FALSE,Same,FALSE,FALSE,SMA-0,2,Static
2/28/2024,ZAAUTO2024-1-00221,ZAAUTO2024-1,20,1-29 DPD,1-29 DPD,321100,8683,1,1/26/2024,2710.85,FALSE,Same,FALSE,FALSE,SMA-0,3,Static
3/30/2024,ZAAUTO2024-1-00221,ZAAUTO2024-1,0,Current,1-29 DPD,316851.38,0,0,3/18/2024,8903.56,TRUE,Better,FALSE,FALSE,Standard,0,Cure
4/30/2024,ZAAUTO2024-1-00221,ZAAUTO2024-1,0,Current,Current,311632.23,0,0,4/15/2024,8242.8,FALSE,Same,FALSE,FALSE,Standard,0,Static
5/30/2024,ZAAUTO2024-1-00221,ZAAUTO2024-1,0,Current,Current,318159.19,0,0,5/7/2024,8115.42,FALSE,Same,FALSE,FALSE,Standard,0,Static
5/30/2024,ZAAUTO2024-1-00221,ZAAUTO2024-1,0,Current,Current,302757.49,0,0,5/23/2024,8717.39,FALSE,Same,FALSE,FALSE,Standard,0,Static
6/30/2024,ZAAUTO2024-1-00221,ZAAUTO2024-1,0,Current,Current,300870.3,0,0,6/4/2024,8286.03,FALSE,Same,FALSE,FALSE,Standard,0,Static
7/30/2024,ZAAUTO2024-1-00221,ZAAUTO2024-1,0,Current,Current,294179.16,0,0,6/28/2024,7914.26,FALSE,Same,FALSE,FALSE,Standard,0,Static
8/30/2024,ZAAUTO2024-1-00221,ZAAUTO2024-1,0,Current,Current,289699.22,0,0,7/31/2024,8602.97,FALSE,Same,FALSE,FALSE,Standard,0,Static
9/30/2024,ZAAUTO2024-1-00221,ZAAUTO2024-1,0,Current,Current,286774.17,0,0,9/4/2024,8113.96,FALSE,Same,FALSE,FALSE,Standard,0,Static
10/30/2024,ZAAUTO2024-1-00221,ZAAUTO2024-1,0,Current,Current,289668.48,0,0,10/22/2024,9020.4,FALSE,Same,FALSE,FALSE,Standard,0,Static
12/30/2023,ZAAUTO2024-1-00222,ZAAUTO2024-1,0,Current,Current,414154.21,0,0,12/18/2023,18995.9,FALSE,Same,FALSE,FALSE,Standard,0,Static
1/30/2024,ZAAUTO2024-1-00222,ZAAUTO2024-1,0,Current,Current,416483.38,0,0,1/30/2024,16977.62,FALSE,Same,FALSE,FALSE,Standard,0,Static
2/28/2024,ZAAUTO2024-1-00222,ZAAUTO2024-1,0,Current,Current,394645.23,0,0,1/24/2024,18476.97,FALSE,Same,FALSE,FALSE,Standard,0,Static
3/30/2024,ZAAUTO2024-1-00222,ZAAUTO2024-1,0,Current,Current,387416.99,0,0,3/24/2024,16866.47,FALSE,Same,FALSE,FALSE,Standard,0,Static
4/30/2024,ZAAUTO2024-1-00222,ZAAUTO2024-1,0,Current,Current,366988.82,0,0,4/3/2024,16584.37,FALSE,Same,FALSE,FALSE,Standard,0,Static
5/30/2024,ZAAUTO2024-1-00222,ZAAUTO2024-1,0,Current,Current,362086.13,0,0,5/26/2024,16882.93,FALSE,Same,FALSE,FALSE,Standard,0,Static
5/30/2024,ZAAUTO2024-1-00222,ZAAUTO2024-1,0,Current,Current,371614.99,0,0,5/6/2024,19007.98,FALSE,Same,FALSE,FALSE,Standard,0,Static
6/30/2024,ZAAUTO2024-1-00222,ZAAUTO2024-1,0,Current,Current,349821.71,0,0,6/5/2024,18437.18,FALSE,Same,FALSE,FALSE,Standard,0,Static
7/30/2024,ZAAUTO2024-1-00222,ZAAUTO2024-1,0,Current,Current,338452.38,0,0,7/12/2024,16846.18,FALSE,Same,FALSE,FALSE,Standard,0,Static
8/30/2024,ZAAUTO2024-1-00222,ZAAUTO2024-1,0,Current,Current,345588.31,0,0,8/9/2024,18146.87,FALSE,Same,FALSE,FALSE,Standard,0,Static
9/30/2024,ZAAUTO2024-1-00222,ZAAUTO2024-1,0,Current,Current,330117.31,0,0,9/28/2024,16721.53,FALSE,Same,FALSE,FALSE,Standard,0,Static
10/30/2024,ZAAUTO2024-1-00222,ZAAUTO2024-1,12,1-29 DPD,Current,328901.99,18353.87,1,10/4/2024,6946.93,FALSE,Worse,FALSE,FALSE,SMA-0,1,Roll
12/30/2023,ZAAUTO2024-1-00223,ZAAUTO2024-1,0,Current,Current,750870.6,0,0,12/1/2023,12159.86,FALSE,Same,FALSE,FALSE,Standard,0,Static
1/30/2024,ZAAUTO2024-1-00223,ZAAUTO2024-1,0,Current,Current,730638.99,0,0,12/29/2023,12813.96,FALSE,Same,FALSE,FALSE,Standard,0,Static
2/28/2024,ZAAUTO2024-1-00223,ZAAUTO2024-1,0,Current,Current,710425.39,0,0,2/22/2024,11879.45,FALSE,Same,FALSE,FALSE,Standard,0,Static
3/30/2024,ZAAUTO2024-1-00223,ZAAUTO2024-1,0,Current,Current,709310.94,0,0,3/27/2024,12512.03,FALSE,Same,FALSE,FALSE,Standard,0,Static
4/30/2024,ZAAUTO2024-1-00223,ZAAUTO2024-1,0,Current,Current,717248.02,0,0,3/29/2024,13045.61,FALSE,Same,FALSE,FALSE,Standard,0,Static
5/30/2024,ZAAUTO2024-1-00223,ZAAUTO2024-1,0,Current,Current,681885.43,0,0,5/10/2024,12168.8,FALSE,Same,FALSE,FALSE,Standard,0,Static
5/30/2024,ZAAUTO2024-1-00223,ZAAUTO2024-1,0,Current,Current,685672.87,0,0,5/21/2024,11516.66,FALSE,Same,FALSE,FALSE,Standard,0,Static
6/30/2024,ZAAUTO2024-1-00223,ZAAUTO2024-1,0,Current,Current,682178.52,0,0,6/17/2024,12257.38,FALSE,Same,FALSE,FALSE,Standard,0,Static
7/30/2024,ZAAUTO2024-1-00223,ZAAUTO2024-1,0,Current,Current,638937.83,0,0,7/10/2024,11626.32,FALSE,Same,FALSE,FALSE,Standard,0,Static
8/30/2024,ZAAUTO2024-1-00223,ZAAUTO2024-1,0,Current,Current,627328.01,0,0,8/23/2024,11985.39,FALSE,Same,FALSE,FALSE,Standard,0,Static
9/30/2024,ZAAUTO2024-1-00223,ZAAUTO2024-1,0,Current,Current,624381.55,0,0,9/16/2024,13124.31,FALSE,Same,FALSE,FALSE,Standard,0,Static
10/30/2024,ZAAUTO2024-1-00223,ZAAUTO2024-1,0,Current,Current,603666.05,0,0,10/14/2024,13321.51,FALSE,Same,FALSE,FALSE,Standard,0,Static
12/30/2023,ZAAUTO2024-1-00224,ZAAUTO2024-1,0,Current,Current,1277857.32,0,0,12/30/2023,49918.99,FALSE,Same,FALSE,FALSE,Standard,0,Static
1/30/2024,ZAAUTO2024-1-00224,ZAAUTO2024-1,27,1-29 DPD,Current,1179368.95,51290.77,1,1/17/2024,8673.4,FALSE,Worse,FALSE,FALSE,SMA-0,1,Roll
2/28/2024,ZAAUTO2024-1-00224,ZAAUTO2024-1,0,Current,1-29 DPD,1227600.26,0,0,2/1/2024,51794.11,TRUE,Better,FALSE,FALSE,Standard,0,Cure
3/30/2024,ZAAUTO2024-1-00224,ZAAUTO2024-1,0,Current,Current,1160684.19,0,0,3/1/2024,48430.86,FALSE,Same,FALSE,FALSE,Standard,0,Static
4/30/2024,ZAAUTO2024-1-00224,ZAAUTO2024-1,0,Current,Current,1096894.76,0,0,4/23/2024,49580.77,FALSE,Same,FALSE,FALSE,Standard,0,Static
5/30/2024,ZAAUTO2024-1-00224,ZAAUTO2024-1,0,Current,Current,1092142.88,0,0,5/14/2024,46829.99,FALSE,Same,FALSE,FALSE,Standard,0,Static
5/30/2024,ZAAUTO2024-1-00224,ZAAUTO2024-1,0,Current,Current,1039126.22,0,0,5/13/2024,51790.6,FALSE,Same,FALSE,FALSE,Standard,0,Static
6/30/2024,ZAAUTO2024-1-00224,ZAAUTO2024-1,0,Current,Current,1007652.93,0,0,6/8/2024,52344.6,FALSE,Same,FALSE,FALSE,Standard,0,Static
7/30/2024,ZAAUTO2024-1-00224,ZAAUTO2024-1,0,Current,Current,1022567.31,0,0,7/16/2024,51757.73,FALSE,Same,FALSE,FALSE,Standard,0,Static
8/30/2024,ZAAUTO2024-1-00224,ZAAUTO2024-1,0,Current,Current,962378.64,0,0,7/29/2024,48741.65,FALSE,Same,FALSE,FALSE,Standard,0,Static
9/30/2024,ZAAUTO2024-1-00224,ZAAUTO2024-1,0,Current,Current,940460.21,0,0,8/29/2024,51332.43,FALSE,Same,FALSE,FALSE,Standard,0,Static
10/30/2024,ZAAUTO2024-1-00224,ZAAUTO2024-1,32,30-59 DPD,Current,926227.54,51290.77,1,10/10/2024,27459.21,FALSE,Worse,FALSE,FALSE,SMA-1,1,Roll
12/30/2023,ZAAUTO2024-1-00225,ZAAUTO2024-1,0,Current,Current,1433102.2,0,0,12/16/2023,30103.29,FALSE,Same,FALSE,FALSE,Standard,0,Static
1/30/2024,ZAAUTO2024-1-00225,ZAAUTO2024-1,0,Current,Current,1375443.04,0,0,1/21/2024,29251.43,FALSE,Same,FALSE,FALSE,Standard,0,Static
2/28/2024,ZAAUTO2024-1-00225,ZAAUTO2024-1,0,Current,Current,1342653.04,0,0,1/28/2024,28340.63,FALSE,Same,FALSE,FALSE,Standard,0,Static
3/30/2024,ZAAUTO2024-1-00225,ZAAUTO2024-1,0,Current,Current,1318732.94,0,0,3/25/2024,31355.02,FALSE,Same,FALSE,FALSE,Standard,0,Static
4/30/2024,ZAAUTO2024-1-00225,ZAAUTO2024-1,0,Current,Current,1355567.76,0,0,4/17/2024,27080.26,FALSE,Same,FALSE,FALSE,Standard,0,Static
5/30/2024,ZAAUTO2024-1-00225,ZAAUTO2024-1,0,Current,Current,1256556.5,0,0,4/25/2024,29823.02,FALSE,Same,FALSE,FALSE,Standard,0,Static
5/30/2024,ZAAUTO2024-1-00225,ZAAUTO2024-1,0,Current,Current,1289803.09,0,0,5/28/2024,28952.14,FALSE,Same,FALSE,FALSE,Standard,0,Static
6/30/2024,ZAAUTO2024-1-00225,ZAAUTO2024-1,0,Current,Current,1224284.01,0,0,6/6/2024,29912.38,FALSE,Same,FALSE,FALSE,Standard,0,Static
7/30/2024,ZAAUTO2024-1-00225,ZAAUTO2024-1,0,Current,Current,1196669.51,0,0,7/8/2024,29250.2,FALSE,Same,FALSE,FALSE,Standard,0,Static
8/30/2024,ZAAUTO2024-1-00225,ZAAUTO2024-1,0,Current,Current,1207393.83,0,0,8/19/2024,31025.97,FALSE,Same,FALSE,FALSE,Standard,0,Static
9/30/2024,ZAAUTO2024-1-00225,ZAAUTO2024-1,0,Current,Current,1196779.74,0,0,9/12/2024,30079.06,FALSE,Same,FALSE,FALSE,Standard,0,Static
10/30/2024,ZAAUTO2024-1-00225,ZAAUTO2024-1,0,Current,Current,1142107.22,0,0,10/5/2024,29762.68,FALSE,Same,FALSE,FALSE,Standard,0,Static
12/30/2023,ZAAUTO2024-1-00226,ZAAUTO2024-1,0,Current,Current,306784.99,0,0,12/23/2023,9633.4,FALSE,Same,FALSE,FALSE,Standard,0,Static
1/30/2024,ZAAUTO2024-1-00226,ZAAUTO2024-1,0,Current,Current,288537.04,0,0,1/22/2024,10280.07,FALSE,Same,FALSE,FALSE,Standard,0,Static
2/28/2024,ZAAUTO2024-1-00226,ZAAUTO2024-1,0,Current,Current,283806.72,0,0,1/28/2024,10018.09,FALSE,Same,FALSE,FALSE,Standard,0,Static
3/30/2024,ZAAUTO2024-1-00226,ZAAUTO2024-1,0,Current,Current,281322.03,0,0,3/29/2024,9547.42,FALSE,Same,FALSE,FALSE,Standard,0,Static
4/30/2024,ZAAUTO2024-1-00226,ZAAUTO2024-1,0,Current,Current,271265.51,0,0,4/4/2024,9198.17,FALSE,Same,FALSE,FALSE,Standard,0,Static
5/30/2024,ZAAUTO2024-1-00226,ZAAUTO2024-1,25,1-29 DPD,Current,261289.45,10117.66,1,5/10/2024,2496.41,FALSE,Worse,FALSE,FALSE,SMA-0,1,Roll
5/30/2024,ZAAUTO2024-1-00226,ZAAUTO2024-1,26,1-29 DPD,1-29 DPD,257042.67,10117.66,1,5/5/2024,1582.6,FALSE,Same,FALSE,FALSE,SMA-0,2,Static
6/30/2024,ZAAUTO2024-1-00226,ZAAUTO2024-1,2,1-29 DPD,1-29 DPD,247457.98,10117.66,1,6/16/2024,2063.04,FALSE,Same,FALSE,FALSE,SMA-0,3,Static
7/30/2024,ZAAUTO2024-1-00226,ZAAUTO2024-1,0,Current,1-29 DPD,250641.61,0,0,7/11/2024,9785.25,TRUE,Better,FALSE,FALSE,Standard,0,Cure
8/30/2024,ZAAUTO2024-1-00226,ZAAUTO2024-1,0,Current,Current,233861.4,0,0,8/20/2024,9919.37,FALSE,Same,FALSE,FALSE,Standard,0,Static
9/30/2024,ZAAUTO2024-1-00226,ZAAUTO2024-1,0,Current,Current,236690.44,0,0,9/23/2024,10544.44,FALSE,Same,FALSE,FALSE,Standard,0,Static
10/30/2024,ZAAUTO2024-1-00226,ZAAUTO2024-1,0,Current,Current,227389.21,0,0,10/9/2024,9302,FALSE,Same,FALSE,FALSE,Standard,0,Static
12/30/2023,ZAAUTO2024-1-00227,ZAAUTO2024-1,0,Current,Current,749401.9,0,0,12/20/2023,34839.35,FALSE,Same,FALSE,FALSE,Standard,0,Static
1/30/2024,ZAAUTO2024-1-00227,ZAAUTO2024-1,0,Current,Current,723722.42,0,0,1/16/2024,32047.56,FALSE,Same,FALSE,FALSE,Standard,0,Static
2/28/2024,ZAAUTO2024-1-00227,ZAAUTO2024-1,0,Current,Current,693651.7,0,0,2/5/2024,32258.06,FALSE,Same,FALSE,FALSE,Standard,0,Static
3/30/2024,ZAAUTO2024-1-00227,ZAAUTO2024-1,0,Current,Current,678379.83,0,0,3/15/2024,35358.33,FALSE,Same,FALSE,FALSE,Standard,0,Static
4/30/2024,ZAAUTO2024-1-00227,ZAAUTO2024-1,0,Current,Current,651770.16,0,0,4/29/2024,34416.34,FALSE,Same,FALSE,FALSE,Standard,0,Static
5/30/2024,ZAAUTO2024-1-00227,ZAAUTO2024-1,0,Current,Current,656846.85,0,0,4/28/2024,32596.53,FALSE,Same,FALSE,FALSE,Standard,0,Static
5/30/2024,ZAAUTO2024-1-00227,ZAAUTO2024-1,0,Current,Current,636544.21,0,0,5/20/2024,32011.4,FALSE,Same,FALSE,FALSE,Standard,0,Static
6/30/2024,ZAAUTO2024-1-00227,ZAAUTO2024-1,0,Current,Current,597923.22,0,0,6/15/2024,30741.2,FALSE,Same,FALSE,FALSE,Standard,0,Static
7/30/2024,ZAAUTO2024-1-00227,ZAAUTO2024-1,0,Current,Current,611129.41,0,0,7/6/2024,33907.64,FALSE,Same,FALSE,FALSE,Standard,0,Static
8/30/2024,ZAAUTO2024-1-00227,ZAAUTO2024-1,5,1-29 DPD,Current,595250.02,33965.67,1,8/13/2024,17566.71,FALSE,Worse,FALSE,FALSE,SMA-0,1,Roll
9/30/2024,ZAAUTO2024-1-00227,ZAAUTO2024-1,0,Current,1-29 DPD,546737.38,0,0,8/29/2024,34248.16,TRUE,Better,FALSE,FALSE,Standard,0,Cure
10/30/2024,ZAAUTO2024-1-00227,ZAAUTO2024-1,25,1-29 DPD,Current,554335.75,33965.67,1,10/29/2024,300.43,FALSE,Worse,FALSE,FALSE,SMA-0,1,Roll
12/30/2023,ZAAUTO2024-1-00228,ZAAUTO2024-1,0,Current,Current,1110621.27,0,0,12/18/2023,18262.57,FALSE,Same,FALSE,FALSE,Standard,0,Static
1/30/2024,ZAAUTO2024-1-00228,ZAAUTO2024-1,0,Current,Current,1129000,0,0,12/31/2023,19091.62,FALSE,Same,FALSE,FALSE,Standard,0,Static
2/28/2024,ZAAUTO2024-1-00228,ZAAUTO2024-1,0,Current,Current,1089898.68,0,0,2/14/2024,20859,FALSE,Same,FALSE,FALSE,Standard,0,Static
3/30/2024,ZAAUTO2024-1-00228,ZAAUTO2024-1,0,Current,Current,1083378.97,0,0,2/29/2024,18815.69,FALSE,Same,FALSE,FALSE,Standard,0,Static
4/30/2024,ZAAUTO2024-1-00228,ZAAUTO2024-1,0,Current,Current,1077334.13,0,0,3/29/2024,18696.51,FALSE,Same,FALSE,FALSE,Standard,0,Static
5/30/2024,ZAAUTO2024-1-00228,ZAAUTO2024-1,0,Current,Current,1009475.69,0,0,4/29/2024,20142.45,FALSE,Same,FALSE,FALSE,Standard,0,Static
5/30/2024,ZAAUTO2024-1-00228,ZAAUTO2024-1,0,Current,Current,1061662.9,0,0,4/26/2024,20103.59,FALSE,Same,FALSE,FALSE,Standard,0,Static
6/30/2024,ZAAUTO2024-1-00228,ZAAUTO2024-1,0,Current,Current,1008546.56,0,0,6/29/2024,19153.8,FALSE,Same,FALSE,FALSE,Standard,0,Static
7/30/2024,ZAAUTO2024-1-00228,ZAAUTO2024-1,0,Current,Current,976350.21,0,0,7/7/2024,19391.69,FALSE,Same,FALSE,FALSE,Standard,0,Static
8/30/2024,ZAAUTO2024-1-00228,ZAAUTO2024-1,0,Current,Current,951420.97,0,0,8/11/2024,18959.44,FALSE,Same,FALSE,FALSE,Standard,0,Static
9/30/2024,ZAAUTO2024-1-00228,ZAAUTO2024-1,0,Current,Current,983106.3,0,0,9/25/2024,18249.72,FALSE,Same,FALSE,FALSE,Standard,0,Static
10/30/2024,ZAAUTO2024-1-00228,ZAAUTO2024-1,65,60-89 DPD,Current,925618.63,39920.28,2,9/29/2024,7106.72,FALSE,Worse,FALSE,FALSE,SMA-2,1,Roll
12/30/2023,ZAAUTO2024-1-00229,ZAAUTO2024-1,0,Current,Current,2396900,0,0,12/4/2023,83241.54,FALSE,Same,FALSE,FALSE,Standard,0,Static
1/30/2024,ZAAUTO2024-1-00229,ZAAUTO2024-1,0,Current,Current,2396900,0,0,1/17/2024,81831.57,FALSE,Same,FALSE,FALSE,Standard,0,Static
2/28/2024,ZAAUTO2024-1-00229,ZAAUTO2024-1,0,Current,Current,2396900,0,0,1/25/2024,78739.77,FALSE,Same,FALSE,FALSE,Standard,0,Static
3/30/2024,ZAAUTO2024-1-00229,ZAAUTO2024-1,0,Current,Current,2396900,0,0,3/15/2024,76583.72,FALSE,Same,FALSE,FALSE,Standard,0,Static
4/30/2024,ZAAUTO2024-1-00229,ZAAUTO2024-1,0,Current,Current,2396900,0,0,3/29/2024,79405.95,FALSE,Same,FALSE,FALSE,Standard,0,Static
5/30/2024,ZAAUTO2024-1-00229,ZAAUTO2024-1,0,Current,Current,2396900,0,0,5/25/2024,83844.85,FALSE,Same,FALSE,FALSE,Standard,0,Static
5/30/2024,ZAAUTO2024-1-00229,ZAAUTO2024-1,0,Current,Current,2396900,0,0,5/26/2024,77236.05,FALSE,Same,FALSE,FALSE,Standard,0,Static
6/30/2024,ZAAUTO2024-1-00229,ZAAUTO2024-1,0,Current,Current,2396900,0,0,6/20/2024,78983.55,FALSE,Same,FALSE,FALSE,Standard,0,Static
7/30/2024,ZAAUTO2024-1-00229,ZAAUTO2024-1,0,Current,Current,2331898.44,0,0,7/18/2024,77986.1,FALSE,Same,FALSE,FALSE,Standard,0,Static
8/30/2024,ZAAUTO2024-1-00229,ZAAUTO2024-1,0,Current,Current,2396900,0,0,8/28/2024,83412.05,FALSE,Same,FALSE,FALSE,Standard,0,Static
9/30/2024,ZAAUTO2024-1-00229,ZAAUTO2024-1,0,Current,Current,2324736.47,0,0,8/28/2024,78586.86,FALSE,Same,FALSE,FALSE,Standard,0,Static
10/30/2024,ZAAUTO2024-1-00229,ZAAUTO2024-1,0,Current,Current,2330641.66,0,0,9/25/2024,77750.43,FALSE,Same,FALSE,FALSE,Standard,0,Static
12/30/2023,ZAAUTO2024-1-00230,ZAAUTO2024-1,0,Current,Current,984579.12,0,0,12/7/2023,17446.93,FALSE,Same,FALSE,FALSE,Standard,0,Static
1/30/2024,ZAAUTO2024-1-00230,ZAAUTO2024-1,0,Current,Current,940301.78,0,0,1/1/2024,16620.63,FALSE,Same,FALSE,FALSE,Standard,0,Static
2/28/2024,ZAAUTO2024-1-00230,ZAAUTO2024-1,0,Current,Current,931270.52,0,0,2/20/2024,16496.51,FALSE,Same,FALSE,FALSE,Standard,0,Static
3/30/2024,ZAAUTO2024-1-00230,ZAAUTO2024-1,0,Current,Current,942255.48,0,0,2/29/2024,16083.26,FALSE,Same,FALSE,FALSE,Standard,0,Static
4/30/2024,ZAAUTO2024-1-00230,ZAAUTO2024-1,0,Current,Current,908059.47,0,0,4/21/2024,17316.1,FALSE,Same,FALSE,FALSE,Standard,0,Static
5/30/2024,ZAAUTO2024-1-00230,ZAAUTO2024-1,0,Current,Current,930429.75,0,0,5/30/2024,16891.52,FALSE,Same,FALSE,FALSE,Standard,0,Static
5/30/2024,ZAAUTO2024-1-00230,ZAAUTO2024-1,7,1-29 DPD,Current,865438.96,17841.09,1,5/24/2024,5756.23,FALSE,Worse,FALSE,FALSE,SMA-0,1,Roll
6/30/2024,ZAAUTO2024-1-00230,ZAAUTO2024-1,11,1-29 DPD,1-29 DPD,844711,17841.09,1,6/1/2024,6363.43,FALSE,Same,FALSE,FALSE,SMA-0,2,Static
7/30/2024,ZAAUTO2024-1-00230,ZAAUTO2024-1,3,1-29 DPD,1-29 DPD,846096.21,17841.09,1,6/25/2024,9455.88,FALSE,Same,FALSE,FALSE,SMA-0,3,Static
8/30/2024,ZAAUTO2024-1-00230,ZAAUTO2024-1,0,Current,1-29 DPD,831345.84,0,0,8/30/2024,18540.14,TRUE,Better,FALSE,FALSE,Standard,0,Cure
9/30/2024,ZAAUTO2024-1-00230,ZAAUTO2024-1,0,Current,Current,812798.12,0,0,9/3/2024,17621.11,FALSE,Same,FALSE,FALSE,Standard,0,Static
10/30/2024,ZAAUTO2024-1-00230,ZAAUTO2024-1,0,Current,Current,800252.08,0,0,10/5/2024,18557.34,FALSE,Same,FALSE,FALSE,Standard,0,Static
12/30/2023,ZAAUTO2024-1-00231,ZAAUTO2024-1,0,Current,Current,1865600,0,0,12/13/2023,34321.12,FALSE,Same,FALSE,FALSE,Standard,0,Static
1/30/2024,ZAAUTO2024-1-00231,ZAAUTO2024-1,0,Current,Current,1865600,0,0,12/31/2023,30590.03,FALSE,Same,FALSE,FALSE,Standard,0,Static
2/28/2024,ZAAUTO2024-1-00231,ZAAUTO2024-1,0,Current,Current,1852438.88,0,0,2/14/2024,34431.61,FALSE,Same,FALSE,FALSE,Standard,0,Static
3/30/2024,ZAAUTO2024-1-00231,ZAAUTO2024-1,0,Current,Current,1837775.49,0,0,3/21/2024,30265.02,FALSE,Same,FALSE,FALSE,Standard,0,Static
4/30/2024,ZAAUTO2024-1-00231,ZAAUTO2024-1,0,Current,Current,1861927.97,0,0,4/30/2024,31151.81,FALSE,Same,FALSE,FALSE,Standard,0,Static
5/30/2024,ZAAUTO2024-1-00231,ZAAUTO2024-1,0,Current,Current,1865600,0,0,5/27/2024,30233.69,FALSE,Same,FALSE,FALSE,Standard,0,Static
5/30/2024,ZAAUTO2024-1-00231,ZAAUTO2024-1,0,Current,Current,1849572.28,0,0,5/3/2024,32834.22,FALSE,Same,FALSE,FALSE,Standard,0,Static
6/30/2024,ZAAUTO2024-1-00231,ZAAUTO2024-1,0,Current,Current,1760584.2,0,0,5/29/2024,33303.05,FALSE,Same,FALSE,FALSE,Standard,0,Static
7/30/2024,ZAAUTO2024-1-00231,ZAAUTO2024-1,0,Current,Current,1722593.68,0,0,7/5/2024,31417.7,FALSE,Same,FALSE,FALSE,Standard,0,Static
8/30/2024,ZAAUTO2024-1-00231,ZAAUTO2024-1,0,Current,Current,1713307.09,0,0,7/31/2024,31307.75,FALSE,Same,FALSE,FALSE,Standard,0,Static
9/30/2024,ZAAUTO2024-1-00231,ZAAUTO2024-1,0,Current,Current,1740702.84,0,0,9/10/2024,32173.3,FALSE,Same,FALSE,FALSE,Standard,0,Static
10/30/2024,ZAAUTO2024-1-00231,ZAAUTO2024-1,0,Current,Current,1717779.73,0,0,10/17/2024,34265.45,FALSE,Same,FALSE,FALSE,Standard,0,Static
12/30/2023,ZAAUTO2024-1-00232,ZAAUTO2024-1,0,Current,Current,270203.42,0,0,12/7/2023,9066.05,FALSE,Same,FALSE,FALSE,Standard,0,Static
1/30/2024,ZAAUTO2024-1-00232,ZAAUTO2024-1,0,Current,Current,279700,0,0,1/8/2024,8898.25,FALSE,Same,FALSE,FALSE,Standard,0,Static
2/28/2024,ZAAUTO2024-1-00232,ZAAUTO2024-1,0,Current,Current,265852.09,0,0,1/24/2024,9093.72,FALSE,Same,FALSE,FALSE,Standard,0,Static
3/30/2024,ZAAUTO2024-1-00232,ZAAUTO2024-1,0,Current,Current,275227.36,0,0,3/18/2024,8440.63,FALSE,Same,FALSE,FALSE,Standard,0,Static
4/30/2024,ZAAUTO2024-1-00232,ZAAUTO2024-1,0,Current,Current,257104.86,0,0,4/30/2024,8193.83,FALSE,Same,FALSE,FALSE,Standard,0,Static
5/30/2024,ZAAUTO2024-1-00232,ZAAUTO2024-1,0,Current,Current,256415.88,0,0,5/18/2024,7942.27,FALSE,Same,FALSE,FALSE,Standard,0,Static
5/30/2024,ZAAUTO2024-1-00232,ZAAUTO2024-1,0,Current,Current,251407.73,0,0,5/24/2024,9139.67,FALSE,Same,FALSE,FALSE,Standard,0,Static
6/30/2024,ZAAUTO2024-1-00232,ZAAUTO2024-1,0,Current,Current,258117.48,0,0,5/29/2024,9153.58,FALSE,Same,FALSE,FALSE,Standard,0,Static
7/30/2024,ZAAUTO2024-1-00232,ZAAUTO2024-1,0,Current,Current,248447.56,0,0,7/28/2024,8790.77,FALSE,Same,FALSE,FALSE,Standard,0,Static
8/30/2024,ZAAUTO2024-1-00232,ZAAUTO2024-1,0,Current,Current,244884.94,0,0,8/5/2024,7992.92,FALSE,Same,FALSE,FALSE,Standard,0,Static
9/30/2024,ZAAUTO2024-1-00232,ZAAUTO2024-1,0,Current,Current,241622.33,0,0,9/14/2024,8297.43,FALSE,Same,FALSE,FALSE,Standard,0,Static
10/30/2024,ZAAUTO2024-1-00232,ZAAUTO2024-1,0,Current,Current,226810.13,0,0,10/29/2024,9076.38,FALSE,Same,FALSE,FALSE,Standard,0,Static
12/30/2023,ZAAUTO2024-1-00233,ZAAUTO2024-1,0,Current,Current,1553600,0,0,12/19/2023,34210.11,FALSE,Same,FALSE,FALSE,Standard,0,Static
1/30/2024,ZAAUTO2024-1-00233,ZAAUTO2024-1,0,Current,Current,1553600,0,0,1/4/2024,34026.64,FALSE,Same,FALSE,FALSE,Standard,0,Static
2/28/2024,ZAAUTO2024-1-00233,ZAAUTO2024-1,0,Current,Current,1533575.14,0,0,1/31/2024,33047.84,FALSE,Same,FALSE,FALSE,Standard,0,Static
3/30/2024,ZAAUTO2024-1-00233,ZAAUTO2024-1,0,Current,Current,1504938.49,0,0,3/24/2024,34145.27,FALSE,Same,FALSE,FALSE,Standard,0,Static
4/30/2024,ZAAUTO2024-1-00233,ZAAUTO2024-1,0,Current,Current,1506096.31,0,0,4/18/2024,33135.61,FALSE,Same,FALSE,FALSE,Standard,0,Static
5/30/2024,ZAAUTO2024-1-00233,ZAAUTO2024-1,0,Current,Current,1532777.76,0,0,5/9/2024,34042.62,FALSE,Same,FALSE,FALSE,Standard,0,Static
5/30/2024,ZAAUTO2024-1-00233,ZAAUTO2024-1,0,Current,Current,1521121.71,0,0,5/10/2024,34343.66,FALSE,Same,FALSE,FALSE,Standard,0,Static
6/30/2024,ZAAUTO2024-1-00233,ZAAUTO2024-1,0,Current,Current,1427077.81,0,0,6/7/2024,32444.7,FALSE,Same,FALSE,FALSE,Standard,0,Static
7/30/2024,ZAAUTO2024-1-00233,ZAAUTO2024-1,22,1-29 DPD,Current,1428579.93,33193.17,1,7/27/2024,1293.64,FALSE,Worse,FALSE,FALSE,SMA-0,1,Roll
8/30/2024,ZAAUTO2024-1-00233,ZAAUTO2024-1,27,1-29 DPD,1-29 DPD,1441808.73,33193.17,1,8/21/2024,14517.84,FALSE,Same,FALSE,FALSE,SMA-0,2,Static
9/30/2024,ZAAUTO2024-1-00233,ZAAUTO2024-1,0,Current,1-29 DPD,1351397.11,0,0,9/2/2024,30095.46,TRUE,Better,FALSE,FALSE,Standard,0,Cure
10/30/2024,ZAAUTO2024-1-00233,ZAAUTO2024-1,79,60-89 DPD,Current,1340286.86,66386.34,2,9/28/2024,8150.61,FALSE,Worse,FALSE,FALSE,SMA-2,1,Roll
12/30/2023,ZAAUTO2024-1-00234,ZAAUTO2024-1,0,Current,Current,477129.57,0,0,12/19/2023,13492.99,FALSE,Same,FALSE,FALSE,Standard,0,Static
1/30/2024,ZAAUTO2024-1-00234,ZAAUTO2024-1,0,Current,Current,442639.24,0,0,1/29/2024,13567.53,FALSE,Same,FALSE,FALSE,Standard,0,Static
2/28/2024,ZAAUTO2024-1-00234,ZAAUTO2024-1,0,Current,Current,451214.34,0,0,2/15/2024,13309.32,FALSE,Same,FALSE,FALSE,Standard,0,Static
3/30/2024,ZAAUTO2024-1-00234,ZAAUTO2024-1,0,Current,Current,430314.49,0,0,3/15/2024,12647.33,FALSE,Same,FALSE,FALSE,Standard,0,Static
4/30/2024,ZAAUTO2024-1-00234,ZAAUTO2024-1,0,Current,Current,426330.05,0,0,4/18/2024,13528.8,FALSE,Same,FALSE,FALSE,Standard,0,Static
5/30/2024,ZAAUTO2024-1-00234,ZAAUTO2024-1,0,Current,Current,417250.7,0,0,5/11/2024,12137.16,FALSE,Same,FALSE,FALSE,Standard,0,Static
5/30/2024,ZAAUTO2024-1-00234,ZAAUTO2024-1,0,Current,Current,405545.2,0,0,5/19/2024,12589.55,FALSE,Same,FALSE,FALSE,Standard,0,Static
6/30/2024,ZAAUTO2024-1-00234,ZAAUTO2024-1,0,Current,Current,390883.25,0,0,6/4/2024,12483.28,FALSE,Same,FALSE,FALSE,Standard,0,Static
7/30/2024,ZAAUTO2024-1-00234,ZAAUTO2024-1,0,Current,Current,370088.31,0,0,7/18/2024,12385.34,FALSE,Same,FALSE,FALSE,Standard,0,Static
8/30/2024,ZAAUTO2024-1-00234,ZAAUTO2024-1,0,Current,Current,362501.06,0,0,8/2/2024,12560.64,FALSE,Same,FALSE,FALSE,Standard,0,Static
9/30/2024,ZAAUTO2024-1-00234,ZAAUTO2024-1,0,Current,Current,356993.85,0,0,9/7/2024,12729.69,FALSE,Same,FALSE,FALSE,Standard,0,Static
10/30/2024,ZAAUTO2024-1-00234,ZAAUTO2024-1,0,Current,Current,350133.01,0,0,10/2/2024,13693.4,FALSE,Same,FALSE,FALSE,Standard,0,Static
12/30/2023,ZAAUTO2024-1-00235,ZAAUTO2024-1,0,Current,Current,561769.09,0,0,11/28/2023,23002.4,FALSE,Same,FALSE,FALSE,Standard,0,Static
1/30/2024,ZAAUTO2024-1-00235,ZAAUTO2024-1,0,Current,Current,564722,0,0,1/13/2024,21384.36,FALSE,Same,FALSE,FALSE,Standard,0,Static
2/28/2024,ZAAUTO2024-1-00235,ZAAUTO2024-1,0,Current,Current,552652.8,0,0,2/12/2024,21832,FALSE,Same,FALSE,FALSE,Standard,0,Static
3/30/2024,ZAAUTO2024-1-00235,ZAAUTO2024-1,0,Current,Current,520115.93,0,0,3/23/2024,22880.98,FALSE,Same,FALSE,FALSE,Standard,0,Static
4/30/2024,ZAAUTO2024-1-00235,ZAAUTO2024-1,21,1-29 DPD,Current,504596.68,23406.35,1,4/22/2024,6561.93,FALSE,Worse,FALSE,FALSE,SMA-0,1,Roll
5/30/2024,ZAAUTO2024-1-00235,ZAAUTO2024-1,0,Current,1-29 DPD,496758.29,0,0,5/6/2024,23376.99,TRUE,Better,FALSE,FALSE,Standard,0,Cure
5/30/2024,ZAAUTO2024-1-00235,ZAAUTO2024-1,0,Current,Current,504051.41,0,0,5/10/2024,23527.9,FALSE,Same,FALSE,FALSE,Standard,0,Static
6/30/2024,ZAAUTO2024-1-00235,ZAAUTO2024-1,0,Current,Current,481454.55,0,0,6/30/2024,21623.08,FALSE,Same,FALSE,FALSE,Standard,0,Static
7/30/2024,ZAAUTO2024-1-00235,ZAAUTO2024-1,0,Current,Current,463246.08,0,0,7/9/2024,23340.4,FALSE,Same,FALSE,FALSE,Standard,0,Static
8/30/2024,ZAAUTO2024-1-00235,ZAAUTO2024-1,0,Current,Current,438228.44,0,0,8/8/2024,22141.03,FALSE,Same,FALSE,FALSE,Standard,0,Static
9/30/2024,ZAAUTO2024-1-00235,ZAAUTO2024-1,0,Current,Current,437000.25,0,0,9/19/2024,23706.11,FALSE,Same,FALSE,FALSE,Standard,0,Static
10/30/2024,ZAAUTO2024-1-00235,ZAAUTO2024-1,0,Current,Current,423179.37,0,0,10/1/2024,23149.73,FALSE,Same,FALSE,FALSE,Standard,0,Static
12/30/2023,ZAAUTO2024-1-00236,ZAAUTO2024-1,0,Current,Current,1138972.4,0,0,11/28/2023,38904.2,FALSE,Same,FALSE,FALSE,Standard,0,Static
1/30/2024,ZAAUTO2024-1-00236,ZAAUTO2024-1,0,Current,Current,1070595.66,0,0,1/13/2024,44293.63,FALSE,Same,FALSE,FALSE,Standard,0,Static
2/28/2024,ZAAUTO2024-1-00236,ZAAUTO2024-1,0,Current,Current,1040300.66,0,0,2/27/2024,39261.98,FALSE,Same,FALSE,FALSE,Standard,0,Static
3/30/2024,ZAAUTO2024-1-00236,ZAAUTO2024-1,0,Current,Current,994955.02,0,0,3/11/2024,43864.41,FALSE,Same,FALSE,FALSE,Standard,0,Static
4/30/2024,ZAAUTO2024-1-00236,ZAAUTO2024-1,0,Current,Current,1023293.36,0,0,3/28/2024,39481.32,FALSE,Same,FALSE,FALSE,Standard,0,Static
5/30/2024,ZAAUTO2024-1-00236,ZAAUTO2024-1,0,Current,Current,994266.96,0,0,5/22/2024,39044.56,FALSE,Same,FALSE,FALSE,Standard,0,Static
5/30/2024,ZAAUTO2024-1-00236,ZAAUTO2024-1,0,Current,Current,922329.02,0,0,5/27/2024,44397.73,FALSE,Same,FALSE,FALSE,Standard,0,Static
6/30/2024,ZAAUTO2024-1-00236,ZAAUTO2024-1,0,Current,Current,892559.34,0,0,6/21/2024,43322.33,FALSE,Same,FALSE,FALSE,Standard,0,Static
7/30/2024,ZAAUTO2024-1-00236,ZAAUTO2024-1,0,Current,Current,873679.12,0,0,7/20/2024,41150.94,FALSE,Same,FALSE,FALSE,Standard,0,Static
8/30/2024,ZAAUTO2024-1-00236,ZAAUTO2024-1,0,Current,Current,857231.46,0,0,8/18/2024,43841.22,FALSE,Same,FALSE,FALSE,Standard,0,Static
9/30/2024,ZAAUTO2024-1-00236,ZAAUTO2024-1,0,Current,Current,807535.91,0,0,9/25/2024,39392.99,FALSE,Same,FALSE,FALSE,Standard,0,Static
10/30/2024,ZAAUTO2024-1-00236,ZAAUTO2024-1,0,Current,Current,810628.98,0,0,10/3/2024,38791.53,FALSE,Same,FALSE,FALSE,Standard,0,Static
12/30/2023,ZAAUTO2024-1-00237,ZAAUTO2024-1,0,Current,Current,867600,0,0,12/15/2023,17321.62,FALSE,Same,FALSE,FALSE,Standard,0,Static
1/30/2024,ZAAUTO2024-1-00237,ZAAUTO2024-1,0,Current,Current,867391.42,0,0,1/22/2024,16182.65,FALSE,Same,FALSE,FALSE,Standard,0,Static
2/28/2024,ZAAUTO2024-1-00237,ZAAUTO2024-1,0,Current,Current,867600,0,0,2/3/2024,17347.76,FALSE,Same,FALSE,FALSE,Standard,0,Static
3/30/2024,ZAAUTO2024-1-00237,ZAAUTO2024-1,0,Current,Current,867600,0,0,3/3/2024,16896.16,FALSE,Same,FALSE,FALSE,Standard,0,Static
4/30/2024,ZAAUTO2024-1-00237,ZAAUTO2024-1,0,Current,Current,856657.88,0,0,4/8/2024,16617.94,FALSE,Same,FALSE,FALSE,Standard,0,Static
5/30/2024,ZAAUTO2024-1-00237,ZAAUTO2024-1,0,Current,Current,856149.93,0,0,5/29/2024,15935.08,FALSE,Same,FALSE,FALSE,Standard,0,Static
5/30/2024,ZAAUTO2024-1-00237,ZAAUTO2024-1,0,Current,Current,835341.48,0,0,5/15/2024,16312.7,FALSE,Same,FALSE,FALSE,Standard,0,Static
6/30/2024,ZAAUTO2024-1-00237,ZAAUTO2024-1,0,Current,Current,806841.14,0,0,6/30/2024,16931.07,FALSE,Same,FALSE,FALSE,Standard,0,Static
7/30/2024,ZAAUTO2024-1-00237,ZAAUTO2024-1,0,Current,Current,817679.02,0,0,7/26/2024,17020.74,FALSE,Same,FALSE,FALSE,Standard,0,Static
8/30/2024,ZAAUTO2024-1-00237,ZAAUTO2024-1,0,Current,Current,770160.43,0,0,8/18/2024,15480.6,FALSE,Same,FALSE,FALSE,Standard,0,Static
9/30/2024,ZAAUTO2024-1-00237,ZAAUTO2024-1,0,Current,Current,766727.14,0,0,9/25/2024,16237.03,FALSE,Same,FALSE,FALSE,Standard,0,Static
10/30/2024,ZAAUTO2024-1-00237,ZAAUTO2024-1,0,Current,Current,773227.6,0,0,10/3/2024,15753.37,FALSE,Same,FALSE,FALSE,Standard,0,Static
12/30/2023,ZAAUTO2024-1-00238,ZAAUTO2024-1,0,Current,Current,718094.46,0,0,12/5/2023,16053.32,FALSE,Same,FALSE,FALSE,Standard,0,Static
1/30/2024,ZAAUTO2024-1-00238,ZAAUTO2024-1,0,Current,Current,670101.3,0,0,1/10/2024,14461.07,FALSE,Same,FALSE,FALSE,Standard,0,Static
2/28/2024,ZAAUTO2024-1-00238,ZAAUTO2024-1,0,Current,Current,682251.82,0,0,1/30/2024,14184.65,FALSE,Same,FALSE,FALSE,Standard,0,Static
3/30/2024,ZAAUTO2024-1-00238,ZAAUTO2024-1,0,Current,Current,676984.28,0,0,3/5/2024,15154.11,FALSE,Same,FALSE,FALSE,Standard,0,Static
4/30/2024,ZAAUTO2024-1-00238,ZAAUTO2024-1,0,Current,Current,636600.98,0,0,4/3/2024,14767.6,FALSE,Same,FALSE,FALSE,Standard,0,Static
5/30/2024,ZAAUTO2024-1-00238,ZAAUTO2024-1,0,Current,Current,651313.33,0,0,5/2/2024,15341.95,FALSE,Same,FALSE,FALSE,Standard,0,Static
5/30/2024,ZAAUTO2024-1-00238,ZAAUTO2024-1,25,1-29 DPD,Current,631724.4,15730.34,1,5/9/2024,7967.43,FALSE,Worse,FALSE,FALSE,SMA-0,1,Roll
6/30/2024,ZAAUTO2024-1-00238,ZAAUTO2024-1,0,Current,1-29 DPD,641473.16,0,0,6/23/2024,16010.72,TRUE,Better,FALSE,FALSE,Standard,0,Cure
7/30/2024,ZAAUTO2024-1-00238,ZAAUTO2024-1,0,Current,Current,629200.1,0,0,6/26/2024,15949.65,FALSE,Same,FALSE,FALSE,Standard,0,Static
8/30/2024,ZAAUTO2024-1-00238,ZAAUTO2024-1,0,Current,Current,611853.46,0,0,8/25/2024,14512.15,FALSE,Same,FALSE,FALSE,Standard,0,Static
9/30/2024,ZAAUTO2024-1-00238,ZAAUTO2024-1,0,Current,Current,577155.28,0,0,9/14/2024,14623.58,FALSE,Same,FALSE,FALSE,Standard,0,Static
10/30/2024,ZAAUTO2024-1-00238,ZAAUTO2024-1,0,Current,Current,584373.66,0,0,10/1/2024,15183.45,FALSE,Same,FALSE,FALSE,Standard,0,Static
12/30/2023,ZAAUTO2024-1-00239,ZAAUTO2024-1,0,Current,Current,323465.63,0,0,12/12/2023,8362.36,FALSE,Same,FALSE,FALSE,Standard,0,Static
1/30/2024,ZAAUTO2024-1-00239,ZAAUTO2024-1,0,Current,Current,312791.75,0,0,1/10/2024,8284.48,FALSE,Same,FALSE,FALSE,Standard,0,Static
2/28/2024,ZAAUTO2024-1-00239,ZAAUTO2024-1,0,Current,Current,308364.86,0,0,2/21/2024,8362.83,FALSE,Same,FALSE,FALSE,Standard,0,Static
3/30/2024,ZAAUTO2024-1-00239,ZAAUTO2024-1,0,Current,Current,303543.68,0,0,3/5/2024,8219.95,FALSE,Same,FALSE,FALSE,Standard,0,Static
4/30/2024,ZAAUTO2024-1-00239,ZAAUTO2024-1,0,Current,Current,299741.1,0,0,4/24/2024,8058.71,FALSE,Same,FALSE,FALSE,Standard,0,Static
5/30/2024,ZAAUTO2024-1-00239,ZAAUTO2024-1,0,Current,Current,296188.99,0,0,4/29/2024,8459.99,FALSE,Same,FALSE,FALSE,Standard,0,Static
5/30/2024,ZAAUTO2024-1-00239,ZAAUTO2024-1,0,Current,Current,294068.84,0,0,5/1/2024,8799.24,FALSE,Same,FALSE,FALSE,Standard,0,Static
6/30/2024,ZAAUTO2024-1-00239,ZAAUTO2024-1,0,Current,Current,288501.41,0,0,5/28/2024,8641.48,FALSE,Same,FALSE,FALSE,Standard,0,Static
7/30/2024,ZAAUTO2024-1-00239,ZAAUTO2024-1,0,Current,Current,279407.47,0,0,7/10/2024,8383.29,FALSE,Same,FALSE,FALSE,Standard,0,Static
8/30/2024,ZAAUTO2024-1-00239,ZAAUTO2024-1,0,Current,Current,276702.53,0,0,8/24/2024,8395.28,FALSE,Same,FALSE,FALSE,Standard,0,Static
9/30/2024,ZAAUTO2024-1-00239,ZAAUTO2024-1,0,Current,Current,288335.29,0,0,9/25/2024,8337.22,FALSE,Same,FALSE,FALSE,Standard,0,Static
10/30/2024,ZAAUTO2024-1-00239,ZAAUTO2024-1,0,Current,Current,276471.09,0,0,10/11/2024,8448.71,FALSE,Same,FALSE,FALSE,Standard,0,Static
12/30/2023,ZAAUTO2024-1-00240,ZAAUTO2024-1,0,Current,Current,1341487.24,0,0,12/15/2023,39529.05,FALSE,Same,FALSE,FALSE,Standard,0,Static
1/30/2024,ZAAUTO2024-1-00240,ZAAUTO2024-1,0,Current,Current,1274686.74,0,0,12/31/2023,36700.31,FALSE,Same,FALSE,FALSE,Standard,0,Static
2/28/2024,ZAAUTO2024-1-00240,ZAAUTO2024-1,0,Current,Current,1333707.06,0,0,2/11/2024,39839.72,FALSE,Same,FALSE,FALSE,Standard,0,Static
3/30/2024,ZAAUTO2024-1-00240,ZAAUTO2024-1,0,Current,Current,1295558.31,0,0,3/13/2024,38391.21,FALSE,Same,FALSE,FALSE,Standard,0,Static
4/30/2024,ZAAUTO2024-1-00240,ZAAUTO2024-1,0,Current,Current,1206929.54,0,0,4/5/2024,40801.5,FALSE,Same,FALSE,FALSE,Standard,0,Static
5/30/2024,ZAAUTO2024-1-00240,ZAAUTO2024-1,0,Current,Current,1239452.93,0,0,5/13/2024,35459.34,FALSE,Same,FALSE,FALSE,Standard,0,Static
5/30/2024,ZAAUTO2024-1-00240,ZAAUTO2024-1,0,Current,Current,1175722.53,0,0,5/4/2024,39310.31,FALSE,Same,FALSE,FALSE,Standard,0,Static
6/30/2024,ZAAUTO2024-1-00240,ZAAUTO2024-1,0,Current,Current,1158625.97,0,0,6/1/2024,38967.03,FALSE,Same,FALSE,FALSE,Standard,0,Static
7/30/2024,ZAAUTO2024-1-00240,ZAAUTO2024-1,0,Current,Current,1193269.67,0,0,7/10/2024,36003.17,FALSE,Same,FALSE,FALSE,Standard,0,Static
8/30/2024,ZAAUTO2024-1-00240,ZAAUTO2024-1,8,1-29 DPD,Current,1092258.76,39366.13,1,8/10/2024,5221.31,FALSE,Worse,FALSE,FALSE,SMA-0,1,Roll
9/30/2024,ZAAUTO2024-1-00240,ZAAUTO2024-1,0,Current,1-29 DPD,1116522.88,0,0,9/1/2024,38901.1,TRUE,Better,FALSE,FALSE,Standard,0,Cure
10/30/2024,ZAAUTO2024-1-00240,ZAAUTO2024-1,0,Current,Current,1094901.76,0,0,10/9/2024,38626.78,FALSE,Same,FALSE,FALSE,Standard,0,Static
12/30/2023,ZAAUTO2024-1-00241,ZAAUTO2024-1,0,Current,Current,333888.99,0,0,12/25/2023,14822.68,FALSE,Same,FALSE,FALSE,Standard,0,Static
1/30/2024,ZAAUTO2024-1-00241,ZAAUTO2024-1,0,Current,Current,327932.76,0,0,1/8/2024,13597.12,FALSE,Same,FALSE,FALSE,Standard,0,Static
2/28/2024,ZAAUTO2024-1-00241,ZAAUTO2024-1,0,Current,Current,322395.31,0,0,1/26/2024,14236.61,FALSE,Same,FALSE,FALSE,Standard,0,Static
3/30/2024,ZAAUTO2024-1-00241,ZAAUTO2024-1,0,Current,Current,302569.63,0,0,3/10/2024,14420.59,FALSE,Same,FALSE,FALSE,Standard,0,Static
4/30/2024,ZAAUTO2024-1-00241,ZAAUTO2024-1,0,Current,Current,296725.38,0,0,4/21/2024,14808.1,FALSE,Same,FALSE,FALSE,Standard,0,Static
5/30/2024,ZAAUTO2024-1-00241,ZAAUTO2024-1,0,Current,Current,280902.29,0,0,5/8/2024,14674.05,FALSE,Same,FALSE,FALSE,Standard,0,Static
5/30/2024,ZAAUTO2024-1-00241,ZAAUTO2024-1,0,Current,Current,276346.59,0,0,5/29/2024,15090.91,FALSE,Same,FALSE,FALSE,Standard,0,Static
6/30/2024,ZAAUTO2024-1-00241,ZAAUTO2024-1,0,Current,Current,264198.99,0,0,5/30/2024,15623.55,FALSE,Same,FALSE,FALSE,Standard,0,Static
7/30/2024,ZAAUTO2024-1-00241,ZAAUTO2024-1,0,Current,Current,256329.43,0,0,6/26/2024,13705.76,FALSE,Same,FALSE,FALSE,Standard,0,Static
8/30/2024,ZAAUTO2024-1-00241,ZAAUTO2024-1,0,Current,Current,250818.27,0,0,8/23/2024,13628.16,FALSE,Same,FALSE,FALSE,Standard,0,Static
9/30/2024,ZAAUTO2024-1-00241,ZAAUTO2024-1,0,Current,Current,234435.96,0,0,9/23/2024,14687.13,FALSE,Same,FALSE,FALSE,Standard,0,Static
10/30/2024,ZAAUTO2024-1-00241,ZAAUTO2024-1,0,Current,Current,224284.51,0,0,10/20/2024,15125.53,FALSE,Same,FALSE,FALSE,Standard,0,Static
12/30/2023,ZAAUTO2024-1-00242,ZAAUTO2024-1,0,Current,Current,303865.75,0,0,12/10/2023,9177.02,FALSE,Same,FALSE,FALSE,Standard,0,Static
1/30/2024,ZAAUTO2024-1-00242,ZAAUTO2024-1,0,Current,Current,293910.46,0,0,1/16/2024,9680.52,FALSE,Same,FALSE,FALSE,Standard,0,Static
2/28/2024,ZAAUTO2024-1-00242,ZAAUTO2024-1,0,Current,Current,285343.26,0,0,1/30/2024,8872.14,FALSE,Same,FALSE,FALSE,Standard,0,Static
3/30/2024,ZAAUTO2024-1-00242,ZAAUTO2024-1,0,Current,Current,286040.53,0,0,3/20/2024,9772.05,FALSE,Same,FALSE,FALSE,Standard,0,Static
4/30/2024,ZAAUTO2024-1-00242,ZAAUTO2024-1,0,Current,Current,263695.33,0,0,4/12/2024,8472.8,FALSE,Same,FALSE,FALSE,Standard,0,Static
5/30/2024,ZAAUTO2024-1-00242,ZAAUTO2024-1,0,Current,Current,268237.29,0,0,5/1/2024,9394.2,FALSE,Same,FALSE,FALSE,Standard,0,Static
5/30/2024,ZAAUTO2024-1-00242,ZAAUTO2024-1,0,Current,Current,257621.94,0,0,5/24/2024,9009.14,FALSE,Same,FALSE,FALSE,Standard,0,Static
6/30/2024,ZAAUTO2024-1-00242,ZAAUTO2024-1,0,Current,Current,249205.64,0,0,6/4/2024,9047.16,FALSE,Same,FALSE,FALSE,Standard,0,Static
7/30/2024,ZAAUTO2024-1-00242,ZAAUTO2024-1,0,Current,Current,241052.86,0,0,7/16/2024,8663.66,FALSE,Same,FALSE,FALSE,Standard,0,Static
8/30/2024,ZAAUTO2024-1-00242,ZAAUTO2024-1,20,1-29 DPD,Current,231008.61,9408.99,1,8/25/2024,3384.8,FALSE,Worse,FALSE,FALSE,SMA-0,1,Roll
9/30/2024,ZAAUTO2024-1-00242,ZAAUTO2024-1,24,1-29 DPD,1-29 DPD,221721.7,9408.99,1,9/29/2024,1834.87,FALSE,Same,FALSE,FALSE,SMA-0,2,Static
10/30/2024,ZAAUTO2024-1-00242,ZAAUTO2024-1,0,Current,1-29 DPD,211556.03,0,0,9/30/2024,9433.97,TRUE,Better,FALSE,FALSE,Standard,0,Cure
12/30/2023,ZAAUTO2024-1-00243,ZAAUTO2024-1,0,Current,Current,529316.88,0,0,12/18/2023,17982.65,FALSE,Same,FALSE,FALSE,Standard,0,Static
1/30/2024,ZAAUTO2024-1-00243,ZAAUTO2024-1,0,Current,Current,514089.15,0,0,1/29/2024,17653.54,FALSE,Same,FALSE,FALSE,Standard,0,Static
2/28/2024,ZAAUTO2024-1-00243,ZAAUTO2024-1,0,Current,Current,511749.08,0,0,2/13/2024,19009.23,FALSE,Same,FALSE,FALSE,Standard,0,Static
3/30/2024,ZAAUTO2024-1-00243,ZAAUTO2024-1,0,Current,Current,502543.83,0,0,3/15/2024,19330.85,FALSE,Same,FALSE,FALSE,Standard,0,Static
4/30/2024,ZAAUTO2024-1-00243,ZAAUTO2024-1,0,Current,Current,512628.32,0,0,3/29/2024,18888.95,FALSE,Same,FALSE,FALSE,Standard,0,Static
5/30/2024,ZAAUTO2024-1-00243,ZAAUTO2024-1,0,Current,Current,497881.41,0,0,5/9/2024,19545.11,FALSE,Same,FALSE,FALSE,Standard,0,Static
5/30/2024,ZAAUTO2024-1-00243,ZAAUTO2024-1,0,Current,Current,492674.28,0,0,5/15/2024,18379.37,FALSE,Same,FALSE,FALSE,Standard,0,Static
6/30/2024,ZAAUTO2024-1-00243,ZAAUTO2024-1,0,Current,Current,485614.6,0,0,6/30/2024,19193.92,FALSE,Same,FALSE,FALSE,Standard,0,Static
7/30/2024,ZAAUTO2024-1-00243,ZAAUTO2024-1,0,Current,Current,467532.26,0,0,7/4/2024,19530.82,FALSE,Same,FALSE,FALSE,Standard,0,Static
8/30/2024,ZAAUTO2024-1-00243,ZAAUTO2024-1,0,Current,Current,468912.44,0,0,8/6/2024,17264.91,FALSE,Same,FALSE,FALSE,Standard,0,Static
9/30/2024,ZAAUTO2024-1-00243,ZAAUTO2024-1,14,1-29 DPD,Current,458810.31,18960.87,1,8/27/2024,1376.35,FALSE,Worse,FALSE,FALSE,SMA-0,1,Roll
10/30/2024,ZAAUTO2024-1-00243,ZAAUTO2024-1,0,Current,1-29 DPD,444325.62,0,0,9/26/2024,19097.67,TRUE,Better,FALSE,FALSE,Standard,0,Cure
12/30/2023,ZAAUTO2024-1-00244,ZAAUTO2024-1,0,Current,Current,202519.55,0,0,12/24/2023,7178.69,FALSE,Same,FALSE,FALSE,Standard,0,Static
1/30/2024,ZAAUTO2024-1-00244,ZAAUTO2024-1,0,Current,Current,189142.99,0,0,1/23/2024,7851.48,FALSE,Same,FALSE,FALSE,Standard,0,Static
2/28/2024,ZAAUTO2024-1-00244,ZAAUTO2024-1,0,Current,Current,184546.62,0,0,2/7/2024,7173.98,FALSE,Same,FALSE,FALSE,Standard,0,Static
3/30/2024,ZAAUTO2024-1-00244,ZAAUTO2024-1,0,Current,Current,176948.24,0,0,2/29/2024,7253.56,FALSE,Same,FALSE,FALSE,Standard,0,Static
4/30/2024,ZAAUTO2024-1-00244,ZAAUTO2024-1,0,Current,Current,169177.34,0,0,4/26/2024,7543.41,FALSE,Same,FALSE,FALSE,Standard,0,Static
5/30/2024,ZAAUTO2024-1-00244,ZAAUTO2024-1,0,Current,Current,170585.85,0,0,5/15/2024,7892.35,FALSE,Same,FALSE,FALSE,Standard,0,Static
5/30/2024,ZAAUTO2024-1-00244,ZAAUTO2024-1,0,Current,Current,160198.75,0,0,5/2/2024,7394.4,FALSE,Same,FALSE,FALSE,Standard,0,Static
6/30/2024,ZAAUTO2024-1-00244,ZAAUTO2024-1,0,Current,Current,155387.4,0,0,6/14/2024,7671.88,FALSE,Same,FALSE,FALSE,Standard,0,Static
7/30/2024,ZAAUTO2024-1-00244,ZAAUTO2024-1,0,Current,Current,150867.51,0,0,7/22/2024,7181.07,FALSE,Same,FALSE,FALSE,Standard,0,Static
8/30/2024,ZAAUTO2024-1-00244,ZAAUTO2024-1,0,Current,Current,141624.47,0,0,8/16/2024,8036.24,FALSE,Same,FALSE,FALSE,Standard,0,Static
9/30/2024,ZAAUTO2024-1-00244,ZAAUTO2024-1,0,Current,Current,138332.71,0,0,9/12/2024,7366.36,FALSE,Same,FALSE,FALSE,Standard,0,Static
10/30/2024,ZAAUTO2024-1-00244,ZAAUTO2024-1,0,Current,Current,133654.51,0,0,10/11/2024,7563.32,FALSE,Same,FALSE,FALSE,Standard,0,Static
12/30/2023,ZAAUTO2024-1-00245,ZAAUTO2024-1,0,Current,Current,497300,0,0,12/14/2023,9539.8,FALSE,Same,FALSE,FALSE,Standard,0,Static
1/30/2024,ZAAUTO2024-1-00245,ZAAUTO2024-1,0,Current,Current,497300,0,0,12/28/2023,9602.28,FALSE,Same,FALSE,FALSE,Standard,0,Static
2/28/2024,ZAAUTO2024-1-00245,ZAAUTO2024-1,0,Current,Current,497300,0,0,2/18/2024,10451.55,FALSE,Same,FALSE,FALSE,Standard,0,Static
3/30/2024,ZAAUTO2024-1-00245,ZAAUTO2024-1,0,Current,Current,497300,0,0,2/27/2024,9465.05,FALSE,Same,FALSE,FALSE,Standard,0,Static
4/30/2024,ZAAUTO2024-1-00245,ZAAUTO2024-1,0,Current,Current,497300,0,0,3/30/2024,9965.83,FALSE,Same,FALSE,FALSE,Standard,0,Static
5/30/2024,ZAAUTO2024-1-00245,ZAAUTO2024-1,0,Current,Current,497300,0,0,4/30/2024,9256.83,FALSE,Same,FALSE,FALSE,Standard,0,Static
5/30/2024,ZAAUTO2024-1-00245,ZAAUTO2024-1,0,Current,Current,497300,0,0,5/30/2024,9996.37,FALSE,Same,FALSE,FALSE,Standard,0,Static
6/30/2024,ZAAUTO2024-1-00245,ZAAUTO2024-1,0,Current,Current,474689.1,0,0,6/16/2024,9457.57,FALSE,Same,FALSE,FALSE,Standard,0,Static
7/30/2024,ZAAUTO2024-1-00245,ZAAUTO2024-1,0,Current,Current,473039.8,0,0,7/13/2024,9906.27,FALSE,Same,FALSE,FALSE,Standard,0,Static
8/30/2024,ZAAUTO2024-1-00245,ZAAUTO2024-1,0,Current,Current,482869.81,0,0,8/23/2024,9968.26,FALSE,Same,FALSE,FALSE,Standard,0,Static
9/30/2024,ZAAUTO2024-1-00245,ZAAUTO2024-1,0,Current,Current,463027.14,0,0,9/1/2024,9847.46,FALSE,Same,FALSE,FALSE,Standard,0,Static
10/30/2024,ZAAUTO2024-1-00245,ZAAUTO2024-1,0,Current,Current,464986.58,0,0,10/30/2024,10253.04,FALSE,Same,FALSE,FALSE,Standard,0,Static
12/30/2023,ZAAUTO2024-1-00246,ZAAUTO2024-1,0,Current,Current,2026314.74,0,0,11/26/2023,43342.73,FALSE,Same,FALSE,FALSE,Standard,0,Static
1/30/2024,ZAAUTO2024-1-00246,ZAAUTO2024-1,0,Current,Current,2049236.82,0,0,1/27/2024,40656.24,FALSE,Same,FALSE,FALSE,Standard,0,Static
2/28/2024,ZAAUTO2024-1-00246,ZAAUTO2024-1,0,Current,Current,1947734.71,0,0,2/13/2024,39454.45,FALSE,Same,FALSE,FALSE,Standard,0,Static
3/30/2024,ZAAUTO2024-1-00246,ZAAUTO2024-1,0,Current,Current,1938618.95,0,0,3/15/2024,39279.56,FALSE,Same,FALSE,FALSE,Standard,0,Static
4/30/2024,ZAAUTO2024-1-00246,ZAAUTO2024-1,0,Current,Current,1896658.77,0,0,4/19/2024,38093.24,FALSE,Same,FALSE,FALSE,Standard,0,Static
5/30/2024,ZAAUTO2024-1-00246,ZAAUTO2024-1,0,Current,Current,1843613.72,0,0,4/25/2024,39589.44,FALSE,Same,FALSE,FALSE,Standard,0,Static
5/30/2024,ZAAUTO2024-1-00246,ZAAUTO2024-1,0,Current,Current,1821988.88,0,0,5/26/2024,43554.17,FALSE,Same,FALSE,FALSE,Standard,0,Static
6/30/2024,ZAAUTO2024-1-00246,ZAAUTO2024-1,0,Current,Current,1706897.82,0,0,6/11/2024,38223.36,FALSE,Same,FALSE,FALSE,Standard,0,Static
7/30/2024,ZAAUTO2024-1-00246,ZAAUTO2024-1,0,Current,Current,1681098.65,0,0,6/30/2024,40767.48,FALSE,Same,FALSE,FALSE,Standard,0,Static
8/30/2024,ZAAUTO2024-1-00246,ZAAUTO2024-1,0,Current,Current,1680305.38,0,0,8/27/2024,39850.42,FALSE,Same,FALSE,FALSE,Standard,0,Static
9/30/2024,ZAAUTO2024-1-00246,ZAAUTO2024-1,0,Current,Current,1653109.98,0,0,9/18/2024,40855.94,FALSE,Same,FALSE,FALSE,Standard,0,Static
10/30/2024,ZAAUTO2024-1-00246,ZAAUTO2024-1,0,Current,Current,1592544.51,0,0,9/30/2024,39084.41,FALSE,Same,FALSE,FALSE,Standard,0,Static
12/30/2023,ZAAUTO2024-1-00247,ZAAUTO2024-1,0,Current,Current,580566.15,0,0,12/1/2023,22253.87,FALSE,Same,FALSE,FALSE,Standard,0,Static
1/30/2024,ZAAUTO2024-1-00247,ZAAUTO2024-1,0,Current,Current,555913.55,0,0,1/4/2024,21009.82,FALSE,Same,FALSE,FALSE,Standard,0,Static
2/28/2024,ZAAUTO2024-1-00247,ZAAUTO2024-1,0,Current,Current,555618.71,0,0,2/17/2024,20141.87,FALSE,Same,FALSE,FALSE,Standard,0,Static
3/30/2024,ZAAUTO2024-1-00247,ZAAUTO2024-1,0,Current,Current,545275.74,0,0,3/12/2024,22124.01,FALSE,Same,FALSE,FALSE,Standard,0,Static
4/30/2024,ZAAUTO2024-1-00247,ZAAUTO2024-1,0,Current,Current,528306.8,0,0,3/27/2024,19888.47,FALSE,Same,FALSE,FALSE,Standard,0,Static
5/30/2024,ZAAUTO2024-1-00247,ZAAUTO2024-1,0,Current,Current,517552.48,0,0,4/25/2024,20696.99,FALSE,Same,FALSE,FALSE,Standard,0,Static
5/30/2024,ZAAUTO2024-1-00247,ZAAUTO2024-1,0,Current,Current,520582.41,0,0,5/23/2024,22206.1,FALSE,Same,FALSE,FALSE,Standard,0,Static
6/30/2024,ZAAUTO2024-1-00247,ZAAUTO2024-1,0,Current,Current,522005.06,0,0,5/30/2024,19116.66,FALSE,Same,FALSE,FALSE,Standard,0,Static
7/30/2024,ZAAUTO2024-1-00247,ZAAUTO2024-1,0,Current,Current,509857.8,0,0,6/28/2024,20593.38,FALSE,Same,FALSE,FALSE,Standard,0,Static
8/30/2024,ZAAUTO2024-1-00247,ZAAUTO2024-1,0,Current,Current,474370.94,0,0,8/26/2024,21516.13,FALSE,Same,FALSE,FALSE,Standard,0,Static
9/30/2024,ZAAUTO2024-1-00247,ZAAUTO2024-1,0,Current,Current,481871.05,0,0,9/24/2024,22040.82,FALSE,Same,FALSE,FALSE,Standard,0,Static
10/30/2024,ZAAUTO2024-1-00247,ZAAUTO2024-1,0,Current,Current,464151.83,0,0,9/26/2024,21713.84,FALSE,Same,FALSE,FALSE,Standard,0,Static
12/30/2023,ZAAUTO2024-1-00248,ZAAUTO2024-1,0,Current,Current,1414883.13,0,0,12/18/2023,49563.04,FALSE,Same,FALSE,FALSE,Standard,0,Static
1/30/2024,ZAAUTO2024-1-00248,ZAAUTO2024-1,0,Current,Current,1439668.19,0,0,1/20/2024,48418.35,FALSE,Same,FALSE,FALSE,Standard,0,Static
2/28/2024,ZAAUTO2024-1-00248,ZAAUTO2024-1,0,Current,Current,1355339.58,0,0,1/26/2024,51136.1,FALSE,Same,FALSE,FALSE,Standard,0,Static
3/30/2024,ZAAUTO2024-1-00248,ZAAUTO2024-1,0,Current,Current,1382284.33,0,0,3/4/2024,49660.88,FALSE,Same,FALSE,FALSE,Standard,0,Static
4/30/2024,ZAAUTO2024-1-00248,ZAAUTO2024-1,0,Current,Current,1323497.17,0,0,4/14/2024,47406.48,FALSE,Same,FALSE,FALSE,Standard,0,Static
5/30/2024,ZAAUTO2024-1-00248,ZAAUTO2024-1,0,Current,Current,1357241.71,0,0,5/11/2024,46665.27,FALSE,Same,FALSE,FALSE,Standard,0,Static
5/30/2024,ZAAUTO2024-1-00248,ZAAUTO2024-1,0,Current,Current,1283982.29,0,0,5/8/2024,50023.29,FALSE,Same,FALSE,FALSE,Standard,0,Static
6/30/2024,ZAAUTO2024-1-00248,ZAAUTO2024-1,0,Current,Current,1263292.16,0,0,6/11/2024,47064.52,FALSE,Same,FALSE,FALSE,Standard,0,Static
7/30/2024,ZAAUTO2024-1-00248,ZAAUTO2024-1,0,Current,Current,1248751.04,0,0,7/4/2024,43990.82,FALSE,Same,FALSE,FALSE,Standard,0,Static
8/30/2024,ZAAUTO2024-1-00248,ZAAUTO2024-1,0,Current,Current,1275112.31,0,0,8/27/2024,51044.73,FALSE,Same,FALSE,FALSE,Standard,0,Static
9/30/2024,ZAAUTO2024-1-00248,ZAAUTO2024-1,0,Current,Current,1201995.02,0,0,9/22/2024,51090.92,FALSE,Same,FALSE,FALSE,Standard,0,Static
10/30/2024,ZAAUTO2024-1-00248,ZAAUTO2024-1,0,Current,Current,1215448.62,0,0,10/29/2024,49944.92,FALSE,Same,FALSE,FALSE,Standard,0,Static
12/30/2023,ZAAUTO2024-1-00249,ZAAUTO2024-1,0,Current,Current,3005700,0,0,12/13/2023,48274.22,FALSE,Same,FALSE,FALSE,Standard,0,Static
1/30/2024,ZAAUTO2024-1-00249,ZAAUTO2024-1,0,Current,Current,2950169.52,0,0,1/10/2024,53143.78,FALSE,Same,FALSE,FALSE,Standard,0,Static
2/28/2024,ZAAUTO2024-1-00249,ZAAUTO2024-1,0,Current,Current,3005700,0,0,1/29/2024,54955.56,FALSE,Same,FALSE,FALSE,Standard,0,Static
3/30/2024,ZAAUTO2024-1-00249,ZAAUTO2024-1,0,Current,Current,3005700,0,0,3/6/2024,52866.73,FALSE,Same,FALSE,FALSE,Standard,0,Static
4/30/2024,ZAAUTO2024-1-00249,ZAAUTO2024-1,0,Current,Current,2955244.67,0,0,3/30/2024,49404.71,FALSE,Same,FALSE,FALSE,Standard,0,Static
5/30/2024,ZAAUTO2024-1-00249,ZAAUTO2024-1,0,Current,Current,2925226.04,0,0,5/6/2024,47898.59,FALSE,Same,FALSE,FALSE,Standard,0,Static
5/30/2024,ZAAUTO2024-1-00249,ZAAUTO2024-1,0,Current,Current,2695188.16,0,0,5/9/2024,49611.83,FALSE,Same,FALSE,FALSE,Standard,0,Static
6/30/2024,ZAAUTO2024-1-00249,ZAAUTO2024-1,0,Current,Current,2713160.66,0,0,6/12/2024,48307.39,FALSE,Same,FALSE,FALSE,Standard,0,Static
7/30/2024,ZAAUTO2024-1-00249,ZAAUTO2024-1,0,Current,Current,2624138.22,0,0,7/26/2024,49995.21,FALSE,Same,FALSE,FALSE,Standard,0,Static
8/30/2024,ZAAUTO2024-1-00249,ZAAUTO2024-1,0,Current,Current,2701580.17,0,0,8/4/2024,53945.83,FALSE,Same,FALSE,FALSE,Standard,0,Static
9/30/2024,ZAAUTO2024-1-00249,ZAAUTO2024-1,0,Current,Current,2674578.14,0,0,9/11/2024,51967.83,FALSE,Same,FALSE,FALSE,Standard,0,Static
10/30/2024,ZAAUTO2024-1-00249,ZAAUTO2024-1,0,Current,Current,2572185.46,0,0,10/2/2024,49368.2,FALSE,Same,FALSE,FALSE,Standard,0,Static
12/30/2023,ZAAUTO2024-1-00250,ZAAUTO2024-1,0,Current,Current,737847.55,0,0,12/2/2023,13719.77,FALSE,Same,FALSE,FALSE,Standard,0,Static
1/30/2024,ZAAUTO2024-1-00250,ZAAUTO2024-1,0,Current,Current,693557.54,0,0,1/10/2024,13152.57,FALSE,Same,FALSE,FALSE,Standard,0,Static
2/28/2024,ZAAUTO2024-1-00250,ZAAUTO2024-1,0,Current,Current,694101.56,0,0,2/7/2024,12604.9,FALSE,Same,FALSE,FALSE,Standard,0,Static
3/30/2024,ZAAUTO2024-1-00250,ZAAUTO2024-1,0,Current,Current,707098.2,0,0,3/14/2024,12719.52,FALSE,Same,FALSE,FALSE,Standard,0,Static
4/30/2024,ZAAUTO2024-1-00250,ZAAUTO2024-1,0,Current,Current,684144.11,0,0,4/29/2024,12485.51,FALSE,Same,FALSE,FALSE,Standard,0,Static
5/30/2024,ZAAUTO2024-1-00250,ZAAUTO2024-1,0,Current,Current,667123.52,0,0,5/3/2024,13006.13,FALSE,Same,FALSE,FALSE,Standard,0,Static
5/30/2024,ZAAUTO2024-1-00250,ZAAUTO2024-1,0,Current,Current,647954.29,0,0,5/27/2024,13891.39,FALSE,Same,FALSE,FALSE,Standard,0,Static
6/30/2024,ZAAUTO2024-1-00250,ZAAUTO2024-1,0,Current,Current,616822.15,0,0,5/29/2024,12959.7,FALSE,Same,FALSE,FALSE,Standard,0,Static
7/30/2024,ZAAUTO2024-1-00250,ZAAUTO2024-1,0,Current,Current,627772.57,0,0,7/28/2024,14151.9,FALSE,Same,FALSE,FALSE,Standard,0,Static
8/30/2024,ZAAUTO2024-1-00250,ZAAUTO2024-1,0,Current,Current,629242.55,0,0,8/10/2024,13806.93,FALSE,Same,FALSE,FALSE,Standard,0,Static
9/30/2024,ZAAUTO2024-1-00250,ZAAUTO2024-1,0,Current,Current,600784.45,0,0,9/9/2024,13490.21,FALSE,Same,FALSE,FALSE,Standard,0,Static
10/30/2024,ZAAUTO2024-1-00250,ZAAUTO2024-1,0,Current,Current,599078.73,0,0,10/25/2024,14181.26,FALSE,Same,FALSE,FALSE,Standard,0,Static
12/30/2023,ZAAUTO2024-1-00251,ZAAUTO2024-1,0,Current,Current,680000,0,0,12/2/2023,14668.76,FALSE,Same,FALSE,FALSE,Standard,0,Static
1/30/2024,ZAAUTO2024-1-00251,ZAAUTO2024-1,24,1-29 DPD,Current,680000,14194.61,1,1/9/2024,621.94,FALSE,Worse,FALSE,FALSE,SMA-0,1,Roll
2/28/2024,ZAAUTO2024-1-00251,ZAAUTO2024-1,21,1-29 DPD,1-29 DPD,680000,14194.61,1,1/30/2024,4494.42,FALSE,Same,FALSE,FALSE,SMA-0,2,Static
3/30/2024,ZAAUTO2024-1-00251,ZAAUTO2024-1,23,1-29 DPD,1-29 DPD,680000,14194.61,1,3/3/2024,7574.79,FALSE,Same,FALSE,FALSE,SMA-0,3,Static
4/30/2024,ZAAUTO2024-1-00251,ZAAUTO2024-1,0,Current,1-29 DPD,675086.43,0,0,4/12/2024,12788.68,TRUE,Better,FALSE,FALSE,Standard,0,Cure
5/30/2024,ZAAUTO2024-1-00251,ZAAUTO2024-1,0,Current,Current,680000,0,0,5/29/2024,12793.33,FALSE,Same,FALSE,FALSE,Standard,0,Static
5/30/2024,ZAAUTO2024-1-00251,ZAAUTO2024-1,0,Current,Current,651425.31,0,0,5/21/2024,13326.3,FALSE,Same,FALSE,FALSE,Standard,0,Static
6/30/2024,ZAAUTO2024-1-00251,ZAAUTO2024-1,0,Current,Current,636911.28,0,0,6/10/2024,13908.65,FALSE,Same,FALSE,FALSE,Standard,0,Static
7/30/2024,ZAAUTO2024-1-00251,ZAAUTO2024-1,0,Current,Current,646641.93,0,0,7/18/2024,14414.47,FALSE,Same,FALSE,FALSE,Standard,0,Static
8/30/2024,ZAAUTO2024-1-00251,ZAAUTO2024-1,0,Current,Current,632942.67,0,0,8/8/2024,14677.04,FALSE,Same,FALSE,FALSE,Standard,0,Static
9/30/2024,ZAAUTO2024-1-00251,ZAAUTO2024-1,23,1-29 DPD,Current,635734.71,14194.61,1,9/21/2024,1608.37,FALSE,Worse,FALSE,FALSE,SMA-0,1,Roll
10/30/2024,ZAAUTO2024-1-00251,ZAAUTO2024-1,5,1-29 DPD,1-29 DPD,596789.34,14194.61,1,10/19/2024,859.31,FALSE,Same,FALSE,FALSE,SMA-0,2,Static
12/30/2023,ZAAUTO2024-1-00252,ZAAUTO2024-1,0,Current,Current,295495.56,0,0,12/16/2023,12273.12,FALSE,Same,FALSE,FALSE,Standard,0,Static
1/30/2024,ZAAUTO2024-1-00252,ZAAUTO2024-1,0,Current,Current,274580.98,0,0,1/8/2024,10664.73,FALSE,Same,FALSE,FALSE,Standard,0,Static
2/28/2024,ZAAUTO2024-1-00252,ZAAUTO2024-1,0,Current,Current,282268.65,0,0,1/31/2024,10834.26,FALSE,Same,FALSE,FALSE,Standard,0,Static
3/30/2024,ZAAUTO2024-1-00252,ZAAUTO2024-1,0,Current,Current,278153.6,0,0,3/29/2024,11401.96,FALSE,Same,FALSE,FALSE,Standard,0,Static
4/30/2024,ZAAUTO2024-1-00252,ZAAUTO2024-1,0,Current,Current,268831.43,0,0,4/17/2024,11289.54,FALSE,Same,FALSE,FALSE,Standard,0,Static
5/30/2024,ZAAUTO2024-1-00252,ZAAUTO2024-1,0,Current,Current,257951.19,0,0,5/5/2024,10967.9,FALSE,Same,FALSE,FALSE,Standard,0,Static
5/30/2024,ZAAUTO2024-1-00252,ZAAUTO2024-1,0,Current,Current,258493.37,0,0,5/23/2024,10780.72,FALSE,Same,FALSE,FALSE,Standard,0,Static
6/30/2024,ZAAUTO2024-1-00252,ZAAUTO2024-1,0,Current,Current,242556.07,0,0,5/28/2024,10831.77,FALSE,Same,FALSE,FALSE,Standard,0,Static
7/30/2024,ZAAUTO2024-1-00252,ZAAUTO2024-1,0,Current,Current,247399.24,0,0,7/23/2024,12280.9,FALSE,Same,FALSE,FALSE,Standard,0,Static
8/30/2024,ZAAUTO2024-1-00252,ZAAUTO2024-1,0,Current,Current,241712.12,0,0,8/8/2024,11942.92,FALSE,Same,FALSE,FALSE,Standard,0,Static
9/30/2024,ZAAUTO2024-1-00252,ZAAUTO2024-1,0,Current,Current,229304.09,0,0,9/18/2024,10988.58,FALSE,Same,FALSE,FALSE,Standard,0,Static
10/30/2024,ZAAUTO2024-1-00252,ZAAUTO2024-1,0,Current,Current,220405.48,0,0,9/28/2024,11253.16,FALSE,Same,FALSE,FALSE,Standard,0,Static
12/30/2023,ZAAUTO2024-1-00253,ZAAUTO2024-1,0,Current,Current,1063692.82,0,0,12/11/2023,38444.19,FALSE,Same,FALSE,FALSE,Standard,0,Static
1/30/2024,ZAAUTO2024-1-00253,ZAAUTO2024-1,0,Current,Current,1029306.8,0,0,1/6/2024,42434.54,FALSE,Same,FALSE,FALSE,Standard,0,Static
2/28/2024,ZAAUTO2024-1-00253,ZAAUTO2024-1,0,Current,Current,957440.09,0,0,2/11/2024,41531.58,FALSE,Same,FALSE,FALSE,Standard,0,Static
3/30/2024,ZAAUTO2024-1-00253,ZAAUTO2024-1,0,Current,Current,995658.66,0,0,3/28/2024,37897.25,FALSE,Same,FALSE,FALSE,Standard,0,Static
4/30/2024,ZAAUTO2024-1-00253,ZAAUTO2024-1,0,Current,Current,928218.97,0,0,4/30/2024,37818.34,FALSE,Same,FALSE,FALSE,Standard,0,Static
5/30/2024,ZAAUTO2024-1-00253,ZAAUTO2024-1,0,Current,Current,899285.65,0,0,4/30/2024,41733.13,FALSE,Same,FALSE,FALSE,Standard,0,Static
5/30/2024,ZAAUTO2024-1-00253,ZAAUTO2024-1,0,Current,Current,870574.93,0,0,5/17/2024,42375.32,FALSE,Same,FALSE,FALSE,Standard,0,Static
6/30/2024,ZAAUTO2024-1-00253,ZAAUTO2024-1,0,Current,Current,885370.72,0,0,6/7/2024,40839.92,FALSE,Same,FALSE,FALSE,Standard,0,Static
7/30/2024,ZAAUTO2024-1-00253,ZAAUTO2024-1,0,Current,Current,871693.55,0,0,7/4/2024,38092.79,FALSE,Same,FALSE,FALSE,Standard,0,Static
8/30/2024,ZAAUTO2024-1-00253,ZAAUTO2024-1,0,Current,Current,854578.78,0,0,8/21/2024,41607.72,FALSE,Same,FALSE,FALSE,Standard,0,Static
9/30/2024,ZAAUTO2024-1-00253,ZAAUTO2024-1,0,Current,Current,823406.29,0,0,9/19/2024,39281.71,FALSE,Same,FALSE,FALSE,Standard,0,Static
10/30/2024,ZAAUTO2024-1-00253,ZAAUTO2024-1,0,Current,Current,806028.11,0,0,10/20/2024,37213.73,FALSE,Same,FALSE,FALSE,Standard,0,Static
12/30/2023,ZAAUTO2024-1-00254,ZAAUTO2024-1,0,Current,Current,191652.6,0,0,11/26/2023,7488.8,FALSE,Same,FALSE,FALSE,Standard,0,Static
1/30/2024,ZAAUTO2024-1-00254,ZAAUTO2024-1,0,Current,Current,190649.26,0,0,12/28/2023,7245.36,FALSE,Same,FALSE,FALSE,Standard,0,Static
2/28/2024,ZAAUTO2024-1-00254,ZAAUTO2024-1,0,Current,Current,180451.05,0,0,2/6/2024,8099.63,FALSE,Same,FALSE,FALSE,Standard,0,Static
3/30/2024,ZAAUTO2024-1-00254,ZAAUTO2024-1,0,Current,Current,176855.01,0,0,3/26/2024,7178.04,FALSE,Same,FALSE,FALSE,Standard,0,Static
4/30/2024,ZAAUTO2024-1-00254,ZAAUTO2024-1,0,Current,Current,178231.17,0,0,4/4/2024,8051.43,FALSE,Same,FALSE,FALSE,Standard,0,Static
5/30/2024,ZAAUTO2024-1-00254,ZAAUTO2024-1,0,Current,Current,175401.48,0,0,5/22/2024,8052.34,FALSE,Same,FALSE,FALSE,Standard,0,Static
5/30/2024,ZAAUTO2024-1-00254,ZAAUTO2024-1,0,Current,Current,175118.03,0,0,5/30/2024,7411.75,FALSE,Same,FALSE,FALSE,Standard,0,Static
6/30/2024,ZAAUTO2024-1-00254,ZAAUTO2024-1,0,Current,Current,167391.58,0,0,6/14/2024,7196.58,FALSE,Same,FALSE,FALSE,Standard,0,Static
7/30/2024,ZAAUTO2024-1-00254,ZAAUTO2024-1,0,Current,Current,165984.89,0,0,7/7/2024,8169.76,FALSE,Same,FALSE,FALSE,Standard,0,Static
8/30/2024,ZAAUTO2024-1-00254,ZAAUTO2024-1,0,Current,Current,162487.77,0,0,8/24/2024,7607.11,FALSE,Same,FALSE,FALSE,Standard,0,Static
9/30/2024,ZAAUTO2024-1-00254,ZAAUTO2024-1,0,Current,Current,159745.61,0,0,9/18/2024,7193.8,FALSE,Same,FALSE,FALSE,Standard,0,Static
10/30/2024,ZAAUTO2024-1-00254,ZAAUTO2024-1,0,Current,Current,153536.92,0,0,10/21/2024,7310.9,FALSE,Same,FALSE,FALSE,Standard,0,Static
12/30/2023,ZAAUTO2024-1-00255,ZAAUTO2024-1,17,1-29 DPD,Current,1030735.12,22509.56,1,12/13/2023,10262.92,FALSE,Worse,FALSE,FALSE,SMA-0,1,Roll
1/30/2024,ZAAUTO2024-1-00255,ZAAUTO2024-1,5,1-29 DPD,1-29 DPD,999576.65,22509.56,1,1/7/2024,8930.02,FALSE,Same,FALSE,FALSE,SMA-0,2,Static
2/28/2024,ZAAUTO2024-1-00255,ZAAUTO2024-1,0,Current,1-29 DPD,1000010.65,0,0,2/26/2024,22783.96,TRUE,Better,FALSE,FALSE,Standard,0,Cure
3/30/2024,ZAAUTO2024-1-00255,ZAAUTO2024-1,0,Current,Current,997664.01,0,0,3/27/2024,22940.15,FALSE,Same,FALSE,FALSE,Standard,0,Static
4/30/2024,ZAAUTO2024-1-00255,ZAAUTO2024-1,0,Current,Current,991996.8,0,0,4/30/2024,20741.28,FALSE,Same,FALSE,FALSE,Standard,0,Static
5/30/2024,ZAAUTO2024-1-00255,ZAAUTO2024-1,0,Current,Current,910576.72,0,0,5/15/2024,20805.2,FALSE,Same,FALSE,FALSE,Standard,0,Static
5/30/2024,ZAAUTO2024-1-00255,ZAAUTO2024-1,0,Current,Current,912552.72,0,0,4/30/2024,21892.27,FALSE,Same,FALSE,FALSE,Standard,0,Static
6/30/2024,ZAAUTO2024-1-00255,ZAAUTO2024-1,0,Current,Current,896602.65,0,0,6/5/2024,21785.1,FALSE,Same,FALSE,FALSE,Standard,0,Static
7/30/2024,ZAAUTO2024-1-00255,ZAAUTO2024-1,0,Current,Current,871093.96,0,0,7/14/2024,22101.73,FALSE,Same,FALSE,FALSE,Standard,0,Static
8/30/2024,ZAAUTO2024-1-00255,ZAAUTO2024-1,0,Current,Current,847892.22,0,0,8/13/2024,22471.72,FALSE,Same,FALSE,FALSE,Standard,0,Static
9/30/2024,ZAAUTO2024-1-00255,ZAAUTO2024-1,0,Current,Current,854895.16,0,0,9/9/2024,21397.32,FALSE,Same,FALSE,FALSE,Standard,0,Static
10/30/2024,ZAAUTO2024-1-00255,ZAAUTO2024-1,0,Current,Current,859800.93,0,0,10/14/2024,21409.91,FALSE,Same,FALSE,FALSE,Standard,0,Static
12/30/2023,ZAAUTO2024-1-00256,ZAAUTO2024-1,0,Current,Current,301215.51,0,0,12/1/2023,15633.85,FALSE,Same,FALSE,FALSE,Standard,0,Static
1/30/2024,ZAAUTO2024-1-00256,ZAAUTO2024-1,0,Current,Current,293769.94,0,0,1/12/2024,14022.92,FALSE,Same,FALSE,FALSE,Standard,0,Static
2/28/2024,ZAAUTO2024-1-00256,ZAAUTO2024-1,0,Current,Current,290502.95,0,0,1/31/2024,14732.2,FALSE,Same,FALSE,FALSE,Standard,0,Static
3/30/2024,ZAAUTO2024-1-00256,ZAAUTO2024-1,0,Current,Current,295273.67,0,0,3/25/2024,15945.65,FALSE,Same,FALSE,FALSE,Standard,0,Static
4/30/2024,ZAAUTO2024-1-00256,ZAAUTO2024-1,0,Current,Current,286507.31,0,0,4/19/2024,14643.83,FALSE,Same,FALSE,FALSE,Standard,0,Static
5/30/2024,ZAAUTO2024-1-00256,ZAAUTO2024-1,0,Current,Current,277415.51,0,0,4/28/2024,14179.9,FALSE,Same,FALSE,FALSE,Standard,0,Static
5/30/2024,ZAAUTO2024-1-00256,ZAAUTO2024-1,0,Current,Current,267047.25,0,0,5/16/2024,15509.87,FALSE,Same,FALSE,FALSE,Standard,0,Static
6/30/2024,ZAAUTO2024-1-00256,ZAAUTO2024-1,0,Current,Current,247105.37,0,0,6/8/2024,14936.85,FALSE,Same,FALSE,FALSE,Standard,0,Static
7/30/2024,ZAAUTO2024-1-00256,ZAAUTO2024-1,0,Current,Current,249138.21,0,0,6/27/2024,14935.64,FALSE,Same,FALSE,FALSE,Standard,0,Static
8/30/2024,ZAAUTO2024-1-00256,ZAAUTO2024-1,0,Current,Current,241081.2,0,0,8/7/2024,14968.63,FALSE,Same,FALSE,FALSE,Standard,0,Static
9/30/2024,ZAAUTO2024-1-00256,ZAAUTO2024-1,0,Current,Current,230946.14,0,0,8/28/2024,14115.52,FALSE,Same,FALSE,FALSE,Standard,0,Static
10/30/2024,ZAAUTO2024-1-00256,ZAAUTO2024-1,0,Current,Current,214251.2,0,0,10/20/2024,15187.11,FALSE,Same,FALSE,FALSE,Standard,0,Static
12/30/2023,ZAAUTO2024-1-00257,ZAAUTO2024-1,0,Current,Current,569170.24,0,0,11/27/2023,26879.02,FALSE,Same,FALSE,FALSE,Standard,0,Static
1/30/2024,ZAAUTO2024-1-00257,ZAAUTO2024-1,29,1-29 DPD,Current,556187.4,25701.84,1,1/10/2024,2099.12,FALSE,Worse,FALSE,FALSE,SMA-0,1,Roll
2/28/2024,ZAAUTO2024-1-00257,ZAAUTO2024-1,0,Current,1-29 DPD,557399.71,0,0,2/28/2024,23420.3,TRUE,Better,FALSE,FALSE,Standard,0,Cure
3/30/2024,ZAAUTO2024-1-00257,ZAAUTO2024-1,0,Current,Current,531778.62,0,0,3/11/2024,23936.46,FALSE,Same,FALSE,FALSE,Standard,0,Static
4/30/2024,ZAAUTO2024-1-00257,ZAAUTO2024-1,0,Current,Current,515891.52,0,0,4/26/2024,23359.97,FALSE,Same,FALSE,FALSE,Standard,0,Static
5/30/2024,ZAAUTO2024-1-00257,ZAAUTO2024-1,14,1-29 DPD,Current,478374.9,25701.84,1,4/30/2024,12682.95,FALSE,Worse,FALSE,FALSE,SMA-0,1,Roll
5/30/2024,ZAAUTO2024-1-00257,ZAAUTO2024-1,0,Current,1-29 DPD,483295.96,0,0,5/15/2024,24639.99,TRUE,Better,FALSE,FALSE,Standard,0,Cure
6/30/2024,ZAAUTO2024-1-00257,ZAAUTO2024-1,0,Current,Current,446747.64,0,0,6/4/2024,24639.07,FALSE,Same,FALSE,FALSE,Standard,0,Static
7/30/2024,ZAAUTO2024-1-00257,ZAAUTO2024-1,0,Current,Current,431664.12,0,0,7/8/2024,23403.57,FALSE,Same,FALSE,FALSE,Standard,0,Static
8/30/2024,ZAAUTO2024-1-00257,ZAAUTO2024-1,0,Current,Current,438717.98,0,0,8/13/2024,23673.09,FALSE,Same,FALSE,FALSE,Standard,0,Static
9/30/2024,ZAAUTO2024-1-00257,ZAAUTO2024-1,0,Current,Current,405324.99,0,0,9/21/2024,23925.19,FALSE,Same,FALSE,FALSE,Standard,0,Static
10/30/2024,ZAAUTO2024-1-00257,ZAAUTO2024-1,0,Current,Current,381683.51,0,0,10/13/2024,26063.92,FALSE,Same,FALSE,FALSE,Standard,0,Static
12/30/2023,ZAAUTO2024-1-00258,ZAAUTO2024-1,0,Current,Current,264022.37,0,0,12/9/2023,11540.18,FALSE,Same,FALSE,FALSE,Standard,0,Static
1/30/2024,ZAAUTO2024-1-00258,ZAAUTO2024-1,0,Current,Current,272929.27,0,0,1/28/2024,10711.44,FALSE,Same,FALSE,FALSE,Standard,0,Static
2/28/2024,ZAAUTO2024-1-00258,ZAAUTO2024-1,0,Current,Current,263757.92,0,0,2/21/2024,11123.34,FALSE,Same,FALSE,FALSE,Standard,0,Static
3/30/2024,ZAAUTO2024-1-00258,ZAAUTO2024-1,0,Current,Current,247459.31,0,0,3/20/2024,11541.87,FALSE,Same,FALSE,FALSE,Standard,0,Static
4/30/2024,ZAAUTO2024-1-00258,ZAAUTO2024-1,0,Current,Current,244190.81,0,0,3/30/2024,11344.17,FALSE,Same,FALSE,FALSE,Standard,0,Static
5/30/2024,ZAAUTO2024-1-00258,ZAAUTO2024-1,0,Current,Current,228496.66,0,0,5/24/2024,10219.75,FALSE,Same,FALSE,FALSE,Standard,0,Static
5/30/2024,ZAAUTO2024-1-00258,ZAAUTO2024-1,0,Current,Current,228910.65,0,0,5/7/2024,10476.09,FALSE,Same,FALSE,FALSE,Standard,0,Static
6/30/2024,ZAAUTO2024-1-00258,ZAAUTO2024-1,0,Current,Current,222751.19,0,0,5/30/2024,11475.51,FALSE,Same,FALSE,FALSE,Standard,0,Static
7/30/2024,ZAAUTO2024-1-00258,ZAAUTO2024-1,0,Current,Current,216386.4,0,0,7/4/2024,10166.17,FALSE,Same,FALSE,FALSE,Standard,0,Static
8/30/2024,ZAAUTO2024-1-00258,ZAAUTO2024-1,0,Current,Current,195976.58,0,0,8/13/2024,11484.93,FALSE,Same,FALSE,FALSE,Standard,0,Static
9/30/2024,ZAAUTO2024-1-00258,ZAAUTO2024-1,0,Current,Current,196979.04,0,0,9/14/2024,11145.78,FALSE,Same,FALSE,FALSE,Standard,0,Static
10/30/2024,ZAAUTO2024-1-00258,ZAAUTO2024-1,0,Current,Current,183660.57,0,0,10/14/2024,11721.21,FALSE,Same,FALSE,FALSE,Standard,0,Static
12/30/2023,ZAAUTO2024-1-00259,ZAAUTO2024-1,0,Current,Current,692172.24,0,0,12/6/2023,18042.16,FALSE,Same,FALSE,FALSE,Standard,0,Static
1/30/2024,ZAAUTO2024-1-00259,ZAAUTO2024-1,0,Current,Current,682506.5,0,0,1/6/2024,16500.48,FALSE,Same,FALSE,FALSE,Standard,0,Static
2/28/2024,ZAAUTO2024-1-00259,ZAAUTO2024-1,0,Current,Current,635810.91,0,0,2/22/2024,17957.49,FALSE,Same,FALSE,FALSE,Standard,0,Static
3/30/2024,ZAAUTO2024-1-00259,ZAAUTO2024-1,0,Current,Current,625597.05,0,0,3/15/2024,17370.55,FALSE,Same,FALSE,FALSE,Standard,0,Static
4/30/2024,ZAAUTO2024-1-00259,ZAAUTO2024-1,0,Current,Current,639871.31,0,0,4/4/2024,18611.98,FALSE,Same,FALSE,FALSE,Standard,0,Static
5/30/2024,ZAAUTO2024-1-00259,ZAAUTO2024-1,0,Current,Current,630791.72,0,0,5/28/2024,17333.97,FALSE,Same,FALSE,FALSE,Standard,0,Static
5/30/2024,ZAAUTO2024-1-00259,ZAAUTO2024-1,0,Current,Current,622688.96,0,0,5/1/2024,17951.27,FALSE,Same,FALSE,FALSE,Standard,0,Static
6/30/2024,ZAAUTO2024-1-00259,ZAAUTO2024-1,0,Current,Current,600202.1,0,0,6/5/2024,18606.18,FALSE,Same,FALSE,FALSE,Standard,0,Static
7/30/2024,ZAAUTO2024-1-00259,ZAAUTO2024-1,0,Current,Current,593627.18,0,0,7/3/2024,18212.68,FALSE,Same,FALSE,FALSE,Standard,0,Static
8/30/2024,ZAAUTO2024-1-00259,ZAAUTO2024-1,30,30-59 DPD,Current,565659.42,18206.12,1,8/19/2024,263.75,FALSE,Worse,FALSE,FALSE,SMA-0,1,Roll
9/30/2024,ZAAUTO2024-1-00259,ZAAUTO2024-1,70,60-89 DPD,30-59 DPD,550200.55,36412.24,2,9/4/2024,8759.64,FALSE,Worse,FALSE,FALSE,SMA-2,2,Roll
10/30/2024,ZAAUTO2024-1-00259,ZAAUTO2024-1,113,90-119 DPD,60-89 DPD,553674.3,54618.36,3,10/14/2024,3917.11,FALSE,Worse,FALSE,FALSE,NPA,3,Roll
12/30/2023,ZAAUTO2024-1-00260,ZAAUTO2024-1,0,Current,Current,1236303.76,0,0,12/10/2023,49798.83,FALSE,Same,FALSE,FALSE,Standard,0,Static
1/30/2024,ZAAUTO2024-1-00260,ZAAUTO2024-1,0,Current,Current,1204829.03,0,0,1/19/2024,50567.27,FALSE,Same,FALSE,FALSE,Standard,0,Static
2/28/2024,ZAAUTO2024-1-00260,ZAAUTO2024-1,0,Current,Current,1191321.17,0,0,2/7/2024,46925.72,FALSE,Same,FALSE,FALSE,Standard,0,Static
3/30/2024,ZAAUTO2024-1-00260,ZAAUTO2024-1,0,Current,Current,1143321.4,0,0,3/16/2024,46665.15,FALSE,Same,FALSE,FALSE,Standard,0,Static
4/30/2024,ZAAUTO2024-1-00260,ZAAUTO2024-1,0,Current,Current,1103138.73,0,0,4/25/2024,49050.79,FALSE,Same,FALSE,FALSE,Standard,0,Static
5/30/2024,ZAAUTO2024-1-00260,ZAAUTO2024-1,0,Current,Current,1082340.29,0,0,4/29/2024,49050.96,FALSE,Same,FALSE,FALSE,Standard,0,Static
5/30/2024,ZAAUTO2024-1-00260,ZAAUTO2024-1,0,Current,Current,1094879.25,0,0,5/18/2024,46282.06,FALSE,Same,FALSE,FALSE,Standard,0,Static
6/30/2024,ZAAUTO2024-1-00260,ZAAUTO2024-1,0,Current,Current,1069153.13,0,0,6/8/2024,46816.36,FALSE,Same,FALSE,FALSE,Standard,0,Static
7/30/2024,ZAAUTO2024-1-00260,ZAAUTO2024-1,15,1-29 DPD,Current,1060999.99,49251.85,1,7/20/2024,28348.63,FALSE,Worse,FALSE,FALSE,SMA-0,1,Roll
8/30/2024,ZAAUTO2024-1-00260,ZAAUTO2024-1,0,Current,1-29 DPD,997598.56,0,0,8/23/2024,45728.79,TRUE,Better,FALSE,FALSE,Standard,0,Cure
9/30/2024,ZAAUTO2024-1-00260,ZAAUTO2024-1,0,Current,Current,975362,0,0,8/29/2024,49499.8,FALSE,Same,FALSE,FALSE,Standard,0,Static
10/30/2024,ZAAUTO2024-1-00260,ZAAUTO2024-1,0,Current,Current,971181.44,0,0,9/25/2024,48303.17,FALSE,Same,FALSE,FALSE,Standard,0,Static
12/30/2023,ZAAUTO2024-1-00261,ZAAUTO2024-1,0,Current,Current,853391.43,0,0,12/24/2023,24004.05,FALSE,Same,FALSE,FALSE,Standard,0,Static
1/30/2024,ZAAUTO2024-1-00261,ZAAUTO2024-1,0,Current,Current,828611.91,0,0,1/12/2024,23191.91,FALSE,Same,FALSE,FALSE,Standard,0,Static
2/28/2024,ZAAUTO2024-1-00261,ZAAUTO2024-1,0,Current,Current,828075.59,0,0,2/8/2024,24545.6,FALSE,Same,FALSE,FALSE,Standard,0,Static
3/30/2024,ZAAUTO2024-1-00261,ZAAUTO2024-1,0,Current,Current,784395.51,0,0,3/28/2024,21903.11,FALSE,Same,FALSE,FALSE,Standard,0,Static
4/30/2024,ZAAUTO2024-1-00261,ZAAUTO2024-1,0,Current,Current,754978.93,0,0,4/13/2024,21133.21,FALSE,Same,FALSE,FALSE,Standard,0,Static
5/30/2024,ZAAUTO2024-1-00261,ZAAUTO2024-1,0,Current,Current,745408.6,0,0,5/16/2024,21901.17,FALSE,Same,FALSE,FALSE,Standard,0,Static
5/30/2024,ZAAUTO2024-1-00261,ZAAUTO2024-1,0,Current,Current,732090.41,0,0,5/17/2024,21550.58,FALSE,Same,FALSE,FALSE,Standard,0,Static
6/30/2024,ZAAUTO2024-1-00261,ZAAUTO2024-1,0,Current,Current,722394.84,0,0,6/29/2024,24047.96,FALSE,Same,FALSE,FALSE,Standard,0,Static
7/30/2024,ZAAUTO2024-1-00261,ZAAUTO2024-1,0,Current,Current,718466.8,0,0,7/2/2024,22494.43,FALSE,Same,FALSE,FALSE,Standard,0,Static
8/30/2024,ZAAUTO2024-1-00261,ZAAUTO2024-1,0,Current,Current,708232.78,0,0,8/18/2024,22486.71,FALSE,Same,FALSE,FALSE,Standard,0,Static
9/30/2024,ZAAUTO2024-1-00261,ZAAUTO2024-1,0,Current,Current,709115.13,0,0,9/5/2024,23240.43,FALSE,Same,FALSE,FALSE,Standard,0,Static
10/30/2024,ZAAUTO2024-1-00261,ZAAUTO2024-1,0,Current,Current,697081.45,0,0,10/6/2024,23659.63,FALSE,Same,FALSE,FALSE,Standard,0,Static
12/30/2023,ZAAUTO2024-1-00262,ZAAUTO2024-1,0,Current,Current,1393888.82,0,0,12/15/2023,38397.13,FALSE,Same,FALSE,FALSE,Standard,0,Static
1/30/2024,ZAAUTO2024-1-00262,ZAAUTO2024-1,19,1-29 DPD,Current,1290726.72,37668.86,1,12/29/2023,16009.73,FALSE,Worse,FALSE,FALSE,SMA-0,1,Roll
2/28/2024,ZAAUTO2024-1-00262,ZAAUTO2024-1,0,Current,1-29 DPD,1295527.96,0,0,2/22/2024,38463.22,TRUE,Better,FALSE,FALSE,Standard,0,Cure
3/30/2024,ZAAUTO2024-1-00262,ZAAUTO2024-1,0,Current,Current,1268171.8,0,0,3/8/2024,37956.45,FALSE,Same,FALSE,FALSE,Standard,0,Static
4/30/2024,ZAAUTO2024-1-00262,ZAAUTO2024-1,0,Current,Current,1238063.15,0,0,3/26/2024,38541.33,FALSE,Same,FALSE,FALSE,Standard,0,Static
5/30/2024,ZAAUTO2024-1-00262,ZAAUTO2024-1,0,Current,Current,1168633.9,0,0,5/13/2024,37146.73,FALSE,Same,FALSE,FALSE,Standard,0,Static
5/30/2024,ZAAUTO2024-1-00262,ZAAUTO2024-1,0,Current,Current,1121808.44,0,0,5/2/2024,36710.94,FALSE,Same,FALSE,FALSE,Standard,0,Static
6/30/2024,ZAAUTO2024-1-00262,ZAAUTO2024-1,0,Current,Current,1120072.53,0,0,6/20/2024,34026.93,FALSE,Same,FALSE,FALSE,Standard,0,Static
7/30/2024,ZAAUTO2024-1-00262,ZAAUTO2024-1,15,1-29 DPD,Current,1096331.6,37668.86,1,7/27/2024,20247.2,FALSE,Worse,FALSE,FALSE,SMA-0,1,Roll
8/30/2024,ZAAUTO2024-1-00262,ZAAUTO2024-1,16,1-29 DPD,1-29 DPD,1085979.28,37668.86,1,8/21/2024,1441.44,FALSE,Same,FALSE,FALSE,SMA-0,2,Static
9/30/2024,ZAAUTO2024-1-00262,ZAAUTO2024-1,0,Current,1-29 DPD,1014308.11,0,0,9/13/2024,37121.27,TRUE,Better,FALSE,FALSE,Standard,0,Cure
10/30/2024,ZAAUTO2024-1-00262,ZAAUTO2024-1,0,Current,Current,1023012.09,0,0,10/29/2024,37934.12,FALSE,Same,FALSE,FALSE,Standard,0,Static
12/30/2023,ZAAUTO2024-1-00263,ZAAUTO2024-1,0,Current,Current,701000,0,0,12/21/2023,13604.33,FALSE,Same,FALSE,FALSE,Standard,0,Static
1/30/2024,ZAAUTO2024-1-00263,ZAAUTO2024-1,51,30-59 DPD,Current,701000,13404.01,1,1/30/2024,7808.28,FALSE,Worse,FALSE,FALSE,SMA-1,1,Roll
2/28/2024,ZAAUTO2024-1-00263,ZAAUTO2024-1,31,30-59 DPD,30-59 DPD,701000,13404.01,1,2/6/2024,4724.49,FALSE,Same,FALSE,FALSE,SMA-1,2,Static
3/30/2024,ZAAUTO2024-1-00263,ZAAUTO2024-1,84,60-89 DPD,30-59 DPD,701000,26808.02,2,3/26/2024,4260.64,FALSE,Worse,FALSE,FALSE,SMA-2,3,Roll
4/30/2024,ZAAUTO2024-1-00263,ZAAUTO2024-1,83,60-89 DPD,60-89 DPD,663752.53,26808.02,2,4/18/2024,2000.95,FALSE,Same,FALSE,FALSE,SMA-2,4,Static
5/30/2024,ZAAUTO2024-1-00263,ZAAUTO2024-1,79,60-89 DPD,60-89 DPD,682799.62,26808.02,2,5/19/2024,6721.36,FALSE,Same,FALSE,FALSE,SMA-2,5,Static
5/30/2024,ZAAUTO2024-1-00263,ZAAUTO2024-1,60,60-89 DPD,60-89 DPD,666414.66,26808.02,2,4/29/2024,5860.24,FALSE,Same,FALSE,FALSE,SMA-1,6,Static
6/30/2024,ZAAUTO2024-1-00263,ZAAUTO2024-1,100,90-119 DPD,60-89 DPD,630103.07,40212.03,3,6/5/2024,4616.36,FALSE,Worse,FALSE,FALSE,NPA,7,Roll
7/30/2024,ZAAUTO2024-1-00263,ZAAUTO2024-1,111,90-119 DPD,90-119 DPD,633590.06,40212.03,3,7/4/2024,3066.49,FALSE,Same,FALSE,FALSE,NPA,8,Static
8/30/2024,ZAAUTO2024-1-00263,ZAAUTO2024-1,105,90-119 DPD,90-119 DPD,612199.46,40212.03,3,8/9/2024,1471.68,FALSE,Same,FALSE,FALSE,NPA,9,Static
9/30/2024,ZAAUTO2024-1-00263,ZAAUTO2024-1,99,90-119 DPD,90-119 DPD,611622.91,40212.03,3,9/3/2024,7069.79,FALSE,Same,FALSE,FALSE,NPA,10,Static
10/30/2024,ZAAUTO2024-1-00263,ZAAUTO2024-1,105,90-119 DPD,90-119 DPD,589954.06,40212.03,3,10/14/2024,3228.44,FALSE,Same,FALSE,FALSE,NPA,11,Static
12/30/2023,ZAAUTO2024-1-00264,ZAAUTO2024-1,0,Current,Current,2100148.23,0,0,11/27/2023,48347.2,FALSE,Same,FALSE,FALSE,Standard,0,Static
1/30/2024,ZAAUTO2024-1-00264,ZAAUTO2024-1,0,Current,Current,2092957.12,0,0,1/11/2024,48468.42,FALSE,Same,FALSE,FALSE,Standard,0,Static
2/28/2024,ZAAUTO2024-1-00264,ZAAUTO2024-1,29,1-29 DPD,Current,2097343.29,53606.73,1,2/5/2024,27640.44,FALSE,Worse,FALSE,FALSE,SMA-0,1,Roll
3/30/2024,ZAAUTO2024-1-00264,ZAAUTO2024-1,0,Current,1-29 DPD,2122026.88,0,0,3/18/2024,53364.01,TRUE,Better,FALSE,FALSE,Standard,0,Cure
4/30/2024,ZAAUTO2024-1-00264,ZAAUTO2024-1,0,Current,Current,2023415.46,0,0,3/27/2024,50002,FALSE,Same,FALSE,FALSE,Standard,0,Static
5/30/2024,ZAAUTO2024-1-00264,ZAAUTO2024-1,0,Current,Current,1969982.66,0,0,5/21/2024,53068.4,FALSE,Same,FALSE,FALSE,Standard,0,Static
5/30/2024,ZAAUTO2024-1-00264,ZAAUTO2024-1,0,Current,Current,1970409.08,0,0,5/2/2024,53925.97,FALSE,Same,FALSE,FALSE,Standard,0,Static
6/30/2024,ZAAUTO2024-1-00264,ZAAUTO2024-1,0,Current,Current,1980347.17,0,0,6/19/2024,52325.49,FALSE,Same,FALSE,FALSE,Standard,0,Static
7/30/2024,ZAAUTO2024-1-00264,ZAAUTO2024-1,27,1-29 DPD,Current,1939526.17,53606.73,1,7/29/2024,20008.69,FALSE,Worse,FALSE,FALSE,SMA-0,1,Roll
8/30/2024,ZAAUTO2024-1-00264,ZAAUTO2024-1,18,1-29 DPD,1-29 DPD,1916195.58,53606.73,1,8/23/2024,25962.97,FALSE,Same,FALSE,FALSE,SMA-0,2,Static
9/30/2024,ZAAUTO2024-1-00264,ZAAUTO2024-1,0,Current,1-29 DPD,1808428.68,0,0,9/12/2024,49112.68,TRUE,Better,FALSE,FALSE,Standard,0,Cure
10/30/2024,ZAAUTO2024-1-00264,ZAAUTO2024-1,0,Current,Current,1824604.46,0,0,9/27/2024,49592,FALSE,Same,FALSE,FALSE,Standard,0,Static
12/30/2023,ZAAUTO2024-1-00265,ZAAUTO2024-1,0,Current,Current,561528.35,0,0,12/15/2023,20296.72,FALSE,Same,FALSE,FALSE,Standard,0,Static
1/30/2024,ZAAUTO2024-1-00265,ZAAUTO2024-1,0,Current,Current,551283.71,0,0,12/30/2023,19731.24,FALSE,Same,FALSE,FALSE,Standard,0,Static
2/28/2024,ZAAUTO2024-1-00265,ZAAUTO2024-1,0,Current,Current,540246.57,0,0,2/6/2024,19317.64,FALSE,Same,FALSE,FALSE,Standard,0,Static
3/30/2024,ZAAUTO2024-1-00265,ZAAUTO2024-1,0,Current,Current,544246.75,0,0,2/29/2024,21716.26,FALSE,Same,FALSE,FALSE,Standard,0,Static
4/30/2024,ZAAUTO2024-1-00265,ZAAUTO2024-1,0,Current,Current,523275.15,0,0,4/24/2024,21833.81,FALSE,Same,FALSE,FALSE,Standard,0,Static
5/30/2024,ZAAUTO2024-1-00265,ZAAUTO2024-1,0,Current,Current,476469.08,0,0,5/10/2024,22038.17,FALSE,Same,FALSE,FALSE,Standard,0,Static
5/30/2024,ZAAUTO2024-1-00265,ZAAUTO2024-1,0,Current,Current,475114.57,0,0,4/26/2024,20794.05,FALSE,Same,FALSE,FALSE,Standard,0,Static
6/30/2024,ZAAUTO2024-1-00265,ZAAUTO2024-1,0,Current,Current,463571.98,0,0,6/18/2024,20031.66,FALSE,Same,FALSE,FALSE,Standard,0,Static
7/30/2024,ZAAUTO2024-1-00265,ZAAUTO2024-1,0,Current,Current,426188.09,0,0,7/18/2024,20064.81,FALSE,Same,FALSE,FALSE,Standard,0,Static
8/30/2024,ZAAUTO2024-1-00265,ZAAUTO2024-1,0,Current,Current,423553.84,0,0,8/5/2024,20518.14,FALSE,Same,FALSE,FALSE,Standard,0,Static
9/30/2024,ZAAUTO2024-1-00265,ZAAUTO2024-1,0,Current,Current,390115.51,0,0,9/29/2024,20697.02,FALSE,Same,FALSE,FALSE,Standard,0,Static
10/30/2024,ZAAUTO2024-1-00265,ZAAUTO2024-1,11,1-29 DPD,Current,385982.97,21256.36,1,10/6/2024,3901.36,FALSE,Worse,FALSE,FALSE,SMA-0,1,Roll
12/30/2023,ZAAUTO2024-1-00266,ZAAUTO2024-1,0,Current,Current,977176.57,0,0,12/27/2023,35071.96,FALSE,Same,FALSE,FALSE,Standard,0,Static
1/30/2024,ZAAUTO2024-1-00266,ZAAUTO2024-1,0,Current,Current,915391.61,0,0,1/11/2024,34270.12,FALSE,Same,FALSE,FALSE,Standard,0,Static
2/28/2024,ZAAUTO2024-1-00266,ZAAUTO2024-1,0,Current,Current,914430.84,0,0,1/25/2024,32485.65,FALSE,Same,FALSE,FALSE,Standard,0,Static
3/30/2024,ZAAUTO2024-1-00266,ZAAUTO2024-1,0,Current,Current,923376.22,0,0,3/3/2024,36168.23,FALSE,Same,FALSE,FALSE,Standard,0,Static
4/30/2024,ZAAUTO2024-1-00266,ZAAUTO2024-1,0,Current,Current,882347.48,0,0,4/19/2024,34934.84,FALSE,Same,FALSE,FALSE,Standard,0,Static
5/30/2024,ZAAUTO2024-1-00266,ZAAUTO2024-1,0,Current,Current,870245.76,0,0,5/28/2024,37092.07,FALSE,Same,FALSE,FALSE,Standard,0,Static
5/30/2024,ZAAUTO2024-1-00266,ZAAUTO2024-1,0,Current,Current,813637.65,0,0,5/19/2024,36993.82,FALSE,Same,FALSE,FALSE,Standard,0,Static
6/30/2024,ZAAUTO2024-1-00266,ZAAUTO2024-1,23,1-29 DPD,Current,805447.2,35782.46,1,6/17/2024,10633.3,FALSE,Worse,FALSE,FALSE,SMA-0,1,Roll
7/30/2024,ZAAUTO2024-1-00266,ZAAUTO2024-1,19,1-29 DPD,1-29 DPD,802131.01,35782.46,1,7/30/2024,971.15,FALSE,Same,FALSE,FALSE,SMA-0,2,Static
8/30/2024,ZAAUTO2024-1-00266,ZAAUTO2024-1,13,1-29 DPD,1-29 DPD,756405.89,35782.46,1,8/23/2024,19844.5,FALSE,Same,FALSE,FALSE,SMA-0,3,Static
9/30/2024,ZAAUTO2024-1-00266,ZAAUTO2024-1,1,1-29 DPD,1-29 DPD,772464.73,35782.46,1,9/9/2024,21134.59,FALSE,Same,FALSE,FALSE,SMA-0,4,Static
10/30/2024,ZAAUTO2024-1-00266,ZAAUTO2024-1,0,Current,1-29 DPD,754467.33,0,0,10/16/2024,34199.71,TRUE,Better,FALSE,FALSE,Standard,0,Cure
12/30/2023,ZAAUTO2024-1-00267,ZAAUTO2024-1,0,Current,Current,851137.68,0,0,12/13/2023,30294.52,FALSE,Same,FALSE,FALSE,Standard,0,Static
1/30/2024,ZAAUTO2024-1-00267,ZAAUTO2024-1,0,Current,Current,778745.67,0,0,1/4/2024,30142.93,FALSE,Same,FALSE,FALSE,Standard,0,Static
2/28/2024,ZAAUTO2024-1-00267,ZAAUTO2024-1,0,Current,Current,803934.05,0,0,2/16/2024,32220.76,FALSE,Same,FALSE,FALSE,Standard,0,Static
3/30/2024,ZAAUTO2024-1-00267,ZAAUTO2024-1,0,Current,Current,762180.67,0,0,3/30/2024,31321.8,FALSE,Same,FALSE,FALSE,Standard,0,Static
4/30/2024,ZAAUTO2024-1-00267,ZAAUTO2024-1,0,Current,Current,735311.81,0,0,4/2/2024,28969.55,FALSE,Same,FALSE,FALSE,Standard,0,Static
5/30/2024,ZAAUTO2024-1-00267,ZAAUTO2024-1,0,Current,Current,728490.84,0,0,5/26/2024,31374.08,FALSE,Same,FALSE,FALSE,Standard,0,Static
5/30/2024,ZAAUTO2024-1-00267,ZAAUTO2024-1,0,Current,Current,677755.12,0,0,4/29/2024,28674.66,FALSE,Same,FALSE,FALSE,Standard,0,Static
6/30/2024,ZAAUTO2024-1-00267,ZAAUTO2024-1,0,Current,Current,676573.29,0,0,6/20/2024,32820.01,FALSE,Same,FALSE,FALSE,Standard,0,Static
7/30/2024,ZAAUTO2024-1-00267,ZAAUTO2024-1,0,Current,Current,641501.01,0,0,7/5/2024,29706.53,FALSE,Same,FALSE,FALSE,Standard,0,Static
8/30/2024,ZAAUTO2024-1-00267,ZAAUTO2024-1,0,Current,Current,621219.52,0,0,8/14/2024,28873.14,FALSE,Same,FALSE,FALSE,Standard,0,Static
9/30/2024,ZAAUTO2024-1-00267,ZAAUTO2024-1,0,Current,Current,592322.3,0,0,9/18/2024,32851.71,FALSE,Same,FALSE,FALSE,Standard,0,Static
10/30/2024,ZAAUTO2024-1-00267,ZAAUTO2024-1,0,Current,Current,589067.3,0,0,9/29/2024,29309.4,FALSE,Same,FALSE,FALSE,Standard,0,Static
12/30/2023,ZAAUTO2024-1-00268,ZAAUTO2024-1,0,Current,Current,857825.86,0,0,12/2/2023,45970.23,FALSE,Same,FALSE,FALSE,Standard,0,Static
1/30/2024,ZAAUTO2024-1-00268,ZAAUTO2024-1,0,Current,Current,795453.19,0,0,12/29/2023,47153.38,FALSE,Same,FALSE,FALSE,Standard,0,Static
2/28/2024,ZAAUTO2024-1-00268,ZAAUTO2024-1,0,Current,Current,783301.23,0,0,2/15/2024,46861.54,FALSE,Same,FALSE,FALSE,Standard,0,Static
3/30/2024,ZAAUTO2024-1-00268,ZAAUTO2024-1,0,Current,Current,754459.01,0,0,3/30/2024,48420.22,FALSE,Same,FALSE,FALSE,Standard,0,Static
4/30/2024,ZAAUTO2024-1-00268,ZAAUTO2024-1,0,Current,Current,749923.46,0,0,4/14/2024,48233.82,FALSE,Same,FALSE,FALSE,Standard,0,Static
5/30/2024,ZAAUTO2024-1-00268,ZAAUTO2024-1,0,Current,Current,729357.02,0,0,5/18/2024,48092.52,FALSE,Same,FALSE,FALSE,Standard,0,Static
5/30/2024,ZAAUTO2024-1-00268,ZAAUTO2024-1,0,Current,Current,693375.2,0,0,5/6/2024,42876.95,FALSE,Same,FALSE,FALSE,Standard,0,Static
6/30/2024,ZAAUTO2024-1-00268,ZAAUTO2024-1,0,Current,Current,684400.01,0,0,6/26/2024,43379.63,FALSE,Same,FALSE,FALSE,Standard,0,Static
7/30/2024,ZAAUTO2024-1-00268,ZAAUTO2024-1,0,Current,Current,679500.52,0,0,7/9/2024,46395.37,FALSE,Same,FALSE,FALSE,Standard,0,Static
8/30/2024,ZAAUTO2024-1-00268,ZAAUTO2024-1,0,Current,Current,649313.81,0,0,8/2/2024,42293.6,FALSE,Same,FALSE,FALSE,Standard,0,Static
9/30/2024,ZAAUTO2024-1-00268,ZAAUTO2024-1,0,Current,Current,619483.25,0,0,8/28/2024,43815.65,FALSE,Same,FALSE,FALSE,Standard,0,Static
10/30/2024,ZAAUTO2024-1-00268,ZAAUTO2024-1,0,Current,Current,594933.29,0,0,9/25/2024,48528.83,FALSE,Same,FALSE,FALSE,Standard,0,Static
12/30/2023,ZAAUTO2024-1-00269,ZAAUTO2024-1,0,Current,Current,1171289.41,0,0,12/27/2023,40641.74,FALSE,Same,FALSE,FALSE,Standard,0,Static
1/30/2024,ZAAUTO2024-1-00269,ZAAUTO2024-1,0,Current,Current,1174925.94,0,0,1/23/2024,40899.99,FALSE,Same,FALSE,FALSE,Standard,0,Static
2/28/2024,ZAAUTO2024-1-00269,ZAAUTO2024-1,0,Current,Current,1145513.32,0,0,2/26/2024,39150.16,FALSE,Same,FALSE,FALSE,Standard,0,Static
3/30/2024,ZAAUTO2024-1-00269,ZAAUTO2024-1,0,Current,Current,1063017.72,0,0,2/29/2024,41378.41,FALSE,Same,FALSE,FALSE,Standard,0,Static
4/30/2024,ZAAUTO2024-1-00269,ZAAUTO2024-1,0,Current,Current,1078848.08,0,0,4/12/2024,39877.68,FALSE,Same,FALSE,FALSE,Standard,0,Static
5/30/2024,ZAAUTO2024-1-00269,ZAAUTO2024-1,0,Current,Current,1031144.96,0,0,5/15/2024,39861.4,FALSE,Same,FALSE,FALSE,Standard,0,Static
5/30/2024,ZAAUTO2024-1-00269,ZAAUTO2024-1,0,Current,Current,1019251.57,0,0,5/8/2024,41634.41,FALSE,Same,FALSE,FALSE,Standard,0,Static
6/30/2024,ZAAUTO2024-1-00269,ZAAUTO2024-1,0,Current,Current,992356.91,0,0,5/31/2024,41272.33,FALSE,Same,FALSE,FALSE,Standard,0,Static
7/30/2024,ZAAUTO2024-1-00269,ZAAUTO2024-1,0,Current,Current,930931.58,0,0,6/26/2024,41033.85,FALSE,Same,FALSE,FALSE,Standard,0,Static
8/30/2024,ZAAUTO2024-1-00269,ZAAUTO2024-1,0,Current,Current,907933.38,0,0,8/12/2024,39588.29,FALSE,Same,FALSE,FALSE,Standard,0,Static
9/30/2024,ZAAUTO2024-1-00269,ZAAUTO2024-1,0,Current,Current,876982.25,0,0,9/6/2024,41747.8,FALSE,Same,FALSE,FALSE,Standard,0,Static
10/30/2024,ZAAUTO2024-1-00269,ZAAUTO2024-1,0,Current,Current,893006.43,0,0,10/7/2024,40202.13,FALSE,Same,FALSE,FALSE,Standard,0,Static
12/30/2023,ZAAUTO2024-1-00270,ZAAUTO2024-1,0,Current,Current,854631.72,0,0,12/1/2023,20751.73,FALSE,Same,FALSE,FALSE,Standard,0,Static
1/30/2024,ZAAUTO2024-1-00270,ZAAUTO2024-1,0,Current,Current,810877.03,0,0,1/6/2024,19919.83,FALSE,Same,FALSE,FALSE,Standard,0,Static
2/28/2024,ZAAUTO2024-1-00270,ZAAUTO2024-1,0,Current,Current,787116.92,0,0,2/3/2024,18901.56,FALSE,Same,FALSE,FALSE,Standard,0,Static
3/30/2024,ZAAUTO2024-1-00270,ZAAUTO2024-1,0,Current,Current,780124.34,0,0,3/15/2024,19159.96,FALSE,Same,FALSE,FALSE,Standard,0,Static
4/30/2024,ZAAUTO2024-1-00270,ZAAUTO2024-1,7,1-29 DPD,Current,764337.32,20545.91,1,4/7/2024,11099.16,FALSE,Worse,FALSE,FALSE,SMA-0,1,Roll
5/30/2024,ZAAUTO2024-1-00270,ZAAUTO2024-1,0,Current,1-29 DPD,745357.83,0,0,5/4/2024,19646.46,TRUE,Better,FALSE,FALSE,Standard,0,Cure
5/30/2024,ZAAUTO2024-1-00270,ZAAUTO2024-1,0,Current,Current,715036.69,0,0,5/5/2024,18926.89,FALSE,Same,FALSE,FALSE,Standard,0,Static
6/30/2024,ZAAUTO2024-1-00270,ZAAUTO2024-1,0,Current,Current,687490.85,0,0,6/2/2024,19416.87,FALSE,Same,FALSE,FALSE,Standard,0,Static
7/30/2024,ZAAUTO2024-1-00270,ZAAUTO2024-1,0,Current,Current,705638.08,0,0,7/4/2024,18648.14,FALSE,Same,FALSE,FALSE,Standard,0,Static
8/30/2024,ZAAUTO2024-1-00270,ZAAUTO2024-1,0,Current,Current,658006.51,0,0,7/26/2024,21233.97,FALSE,Same,FALSE,FALSE,Standard,0,Static
9/30/2024,ZAAUTO2024-1-00270,ZAAUTO2024-1,0,Current,Current,661092.01,0,0,8/28/2024,19822.03,FALSE,Same,FALSE,FALSE,Standard,0,Static
10/30/2024,ZAAUTO2024-1-00270,ZAAUTO2024-1,0,Current,Current,655874.96,0,0,10/29/2024,20630.05,FALSE,Same,FALSE,FALSE,Standard,0,Static
12/30/2023,ZAAUTO2024-1-00271,ZAAUTO2024-1,0,Current,Current,176178.36,0,0,12/22/2023,7645.66,FALSE,Same,FALSE,FALSE,Standard,0,Static
1/30/2024,ZAAUTO2024-1-00271,ZAAUTO2024-1,0,Current,Current,166971.73,0,0,12/28/2023,7614.8,FALSE,Same,FALSE,FALSE,Standard,0,Static
2/28/2024,ZAAUTO2024-1-00271,ZAAUTO2024-1,0,Current,Current,166914.87,0,0,2/22/2024,7673.18,FALSE,Same,FALSE,FALSE,Standard,0,Static
3/30/2024,ZAAUTO2024-1-00271,ZAAUTO2024-1,0,Current,Current,153361.92,0,0,3/30/2024,7823.79,FALSE,Same,FALSE,FALSE,Standard,0,Static
4/30/2024,ZAAUTO2024-1-00271,ZAAUTO2024-1,0,Current,Current,157484.79,0,0,4/9/2024,7747.39,FALSE,Same,FALSE,FALSE,Standard,0,Static
5/30/2024,ZAAUTO2024-1-00271,ZAAUTO2024-1,0,Current,Current,146921.88,0,0,5/8/2024,7012.98,FALSE,Same,FALSE,FALSE,Standard,0,Static
5/30/2024,ZAAUTO2024-1-00271,ZAAUTO2024-1,0,Current,Current,140755.45,0,0,5/17/2024,7131.18,FALSE,Same,FALSE,FALSE,Standard,0,Static
6/30/2024,ZAAUTO2024-1-00271,ZAAUTO2024-1,0,Current,Current,135470.35,0,0,6/10/2024,7443.1,FALSE,Same,FALSE,FALSE,Standard,0,Static
7/30/2024,ZAAUTO2024-1-00271,ZAAUTO2024-1,0,Current,Current,138377.71,0,0,6/30/2024,7166.3,FALSE,Same,FALSE,FALSE,Standard,0,Static
8/30/2024,ZAAUTO2024-1-00271,ZAAUTO2024-1,0,Current,Current,127649.3,0,0,8/11/2024,6898.21,FALSE,Same,FALSE,FALSE,Standard,0,Static
9/30/2024,ZAAUTO2024-1-00271,ZAAUTO2024-1,0,Current,Current,126661.72,0,0,9/21/2024,6968.04,FALSE,Same,FALSE,FALSE,Standard,0,Static
10/30/2024,ZAAUTO2024-1-00271,ZAAUTO2024-1,0,Current,Current,118253.09,0,0,10/4/2024,6962.41,FALSE,Same,FALSE,FALSE,Standard,0,Static
12/30/2023,ZAAUTO2024-1-00272,ZAAUTO2024-1,0,Current,Current,596642.6,0,0,12/6/2023,12529.07,FALSE,Same,FALSE,FALSE,Standard,0,Static
1/30/2024,ZAAUTO2024-1-00272,ZAAUTO2024-1,0,Current,Current,603819.7,0,0,1/7/2024,13407.42,FALSE,Same,FALSE,FALSE,Standard,0,Static
2/28/2024,ZAAUTO2024-1-00272,ZAAUTO2024-1,0,Current,Current,586926.26,0,0,2/17/2024,12471.92,FALSE,Same,FALSE,FALSE,Standard,0,Static
3/30/2024,ZAAUTO2024-1-00272,ZAAUTO2024-1,0,Current,Current,554648.93,0,0,2/28/2024,13437.72,FALSE,Same,FALSE,FALSE,Standard,0,Static
4/30/2024,ZAAUTO2024-1-00272,ZAAUTO2024-1,19,1-29 DPD,Current,558808.21,12896.2,1,4/9/2024,7643.44,FALSE,Worse,FALSE,FALSE,SMA-0,1,Roll
5/30/2024,ZAAUTO2024-1-00272,ZAAUTO2024-1,29,1-29 DPD,1-29 DPD,550779.14,12896.2,1,5/19/2024,1044.15,FALSE,Same,FALSE,FALSE,SMA-0,2,Static
5/30/2024,ZAAUTO2024-1-00272,ZAAUTO2024-1,10,1-29 DPD,1-29 DPD,553644.74,12896.2,1,5/21/2024,858.67,FALSE,Same,FALSE,FALSE,SMA-0,3,Static
6/30/2024,ZAAUTO2024-1-00272,ZAAUTO2024-1,26,1-29 DPD,1-29 DPD,555179.18,12896.2,1,6/18/2024,7440.4,FALSE,Same,FALSE,FALSE,SMA-0,4,Static
7/30/2024,ZAAUTO2024-1-00272,ZAAUTO2024-1,11,1-29 DPD,1-29 DPD,520627.98,12896.2,1,7/25/2024,2744.66,FALSE,Same,FALSE,FALSE,SMA-0,5,Static
8/30/2024,ZAAUTO2024-1-00272,ZAAUTO2024-1,0,Current,1-29 DPD,537107.14,0,0,7/30/2024,11637.44,TRUE,Better,FALSE,FALSE,Standard,0,Cure
9/30/2024,ZAAUTO2024-1-00272,ZAAUTO2024-1,0,Current,Current,524274.74,0,0,9/4/2024,13524.96,FALSE,Same,FALSE,FALSE,Standard,0,Static
10/30/2024,ZAAUTO2024-1-00272,ZAAUTO2024-1,12,1-29 DPD,Current,513439.96,12896.2,1,10/18/2024,3972.72,FALSE,Worse,FALSE,FALSE,SMA-0,1,Roll
12/30/2023,ZAAUTO2024-1-00273,ZAAUTO2024-1,0,Current,Current,531768.85,0,0,12/1/2023,27915.53,FALSE,Same,FALSE,FALSE,Standard,0,Static
1/30/2024,ZAAUTO2024-1-00273,ZAAUTO2024-1,0,Current,Current,494798.72,0,0,1/28/2024,25699.03,FALSE,Same,FALSE,FALSE,Standard,0,Static
2/28/2024,ZAAUTO2024-1-00273,ZAAUTO2024-1,20,1-29 DPD,Current,470831.53,27945.95,1,2/27/2024,5075.72,FALSE,Worse,FALSE,FALSE,SMA-0,1,Roll
3/30/2024,ZAAUTO2024-1-00273,ZAAUTO2024-1,0,Current,1-29 DPD,464708.23,0,0,2/29/2024,26744.35,TRUE,Better,FALSE,FALSE,Standard,0,Cure
4/30/2024,ZAAUTO2024-1-00273,ZAAUTO2024-1,2,1-29 DPD,Current,468303.91,27945.95,1,4/13/2024,11684.58,FALSE,Worse,FALSE,FALSE,SMA-0,1,Roll
5/30/2024,ZAAUTO2024-1-00273,ZAAUTO2024-1,11,1-29 DPD,1-29 DPD,444693.41,27945.95,1,4/28/2024,14313.24,FALSE,Same,FALSE,FALSE,SMA-0,2,Static
5/30/2024,ZAAUTO2024-1-00273,ZAAUTO2024-1,26,1-29 DPD,1-29 DPD,433654.14,27945.95,1,5/9/2024,2219.02,FALSE,Same,FALSE,FALSE,SMA-0,3,Static
6/30/2024,ZAAUTO2024-1-00273,ZAAUTO2024-1,41,30-59 DPD,1-29 DPD,429630.25,27945.95,1,5/26/2024,3234.52,FALSE,Worse,FALSE,FALSE,SMA-1,4,Roll
7/30/2024,ZAAUTO2024-1-00273,ZAAUTO2024-1,69,60-89 DPD,30-59 DPD,403292.43,55891.9,2,7/2/2024,15405.64,FALSE,Worse,FALSE,FALSE,SMA-2,5,Roll
8/30/2024,ZAAUTO2024-1-00273,ZAAUTO2024-1,92,90-119 DPD,60-89 DPD,405763.67,83837.85,3,8/10/2024,14444.91,FALSE,Worse,FALSE,FALSE,NPA,6,Roll
9/30/2024,ZAAUTO2024-1-00273,ZAAUTO2024-1,118,90-119 DPD,90-119 DPD,373639.95,83837.85,3,9/22/2024,13518.46,FALSE,Same,FALSE,FALSE,NPA,7,Static
10/30/2024,ZAAUTO2024-1-00273,ZAAUTO2024-1,93,90-119 DPD,90-119 DPD,364460.21,83837.85,3,10/19/2024,6260.81,FALSE,Same,FALSE,FALSE,NPA,8,Static
12/30/2023,ZAAUTO2024-1-00274,ZAAUTO2024-1,0,Current,Current,436187.49,0,0,12/1/2023,22423.37,FALSE,Same,FALSE,FALSE,Standard,0,Static
1/30/2024,ZAAUTO2024-1-00274,ZAAUTO2024-1,0,Current,Current,407753.86,0,0,1/24/2024,22361.02,FALSE,Same,FALSE,FALSE,Standard,0,Static
2/28/2024,ZAAUTO2024-1-00274,ZAAUTO2024-1,0,Current,Current,387823.77,0,0,2/20/2024,20964.27,FALSE,Same,FALSE,FALSE,Standard,0,Static
3/30/2024,ZAAUTO2024-1-00274,ZAAUTO2024-1,0,Current,Current,394984.19,0,0,3/25/2024,20917.11,FALSE,Same,FALSE,FALSE,Standard,0,Static
4/30/2024,ZAAUTO2024-1-00274,ZAAUTO2024-1,0,Current,Current,381768.03,0,0,4/25/2024,20302.56,FALSE,Same,FALSE,FALSE,Standard,0,Static
5/30/2024,ZAAUTO2024-1-00274,ZAAUTO2024-1,0,Current,Current,371214.51,0,0,5/16/2024,21000.45,FALSE,Same,FALSE,FALSE,Standard,0,Static
5/30/2024,ZAAUTO2024-1-00274,ZAAUTO2024-1,0,Current,Current,356838.27,0,0,5/6/2024,21373.05,FALSE,Same,FALSE,FALSE,Standard,0,Static
6/30/2024,ZAAUTO2024-1-00274,ZAAUTO2024-1,0,Current,Current,339867.64,0,0,5/31/2024,23054.2,FALSE,Same,FALSE,FALSE,Standard,0,Static
7/30/2024,ZAAUTO2024-1-00274,ZAAUTO2024-1,0,Current,Current,331739.49,0,0,6/29/2024,22336.99,FALSE,Same,FALSE,FALSE,Standard,0,Static
8/30/2024,ZAAUTO2024-1-00274,ZAAUTO2024-1,0,Current,Current,307623.26,0,0,8/12/2024,22763.43,FALSE,Same,FALSE,FALSE,Standard,0,Static
9/30/2024,ZAAUTO2024-1-00274,ZAAUTO2024-1,0,Current,Current,304357.14,0,0,9/27/2024,21785.98,FALSE,Same,FALSE,FALSE,Standard,0,Static
10/30/2024,ZAAUTO2024-1-00274,ZAAUTO2024-1,0,Current,Current,290281.72,0,0,10/25/2024,20884.23,FALSE,Same,FALSE,FALSE,Standard,0,Static
12/30/2023,ZAAUTO2024-1-00275,ZAAUTO2024-1,0,Current,Current,1199345.69,0,0,12/12/2023,36890.58,FALSE,Same,FALSE,FALSE,Standard,0,Static
1/30/2024,ZAAUTO2024-1-00275,ZAAUTO2024-1,17,1-29 DPD,Current,1177012.08,37254.44,1,1/17/2024,9533.93,FALSE,Worse,FALSE,FALSE,SMA-0,1,Roll
2/28/2024,ZAAUTO2024-1-00275,ZAAUTO2024-1,0,Current,1-29 DPD,1169164.51,0,0,2/13/2024,36493.8,TRUE,Better,FALSE,FALSE,Standard,0,Cure
3/30/2024,ZAAUTO2024-1-00275,ZAAUTO2024-1,0,Current,Current,1132584.57,0,0,3/14/2024,35101.78,FALSE,Same,FALSE,FALSE,Standard,0,Static
4/30/2024,ZAAUTO2024-1-00275,ZAAUTO2024-1,0,Current,Current,1071277.2,0,0,4/27/2024,33879.84,FALSE,Same,FALSE,FALSE,Standard,0,Static
5/30/2024,ZAAUTO2024-1-00275,ZAAUTO2024-1,12,1-29 DPD,Current,1105914.54,37254.44,1,5/27/2024,13855.2,FALSE,Worse,FALSE,FALSE,SMA-0,1,Roll
5/30/2024,ZAAUTO2024-1-00275,ZAAUTO2024-1,27,1-29 DPD,1-29 DPD,1047361.55,37254.44,1,5/2/2024,268.21,FALSE,Same,FALSE,FALSE,SMA-0,2,Static
6/30/2024,ZAAUTO2024-1-00275,ZAAUTO2024-1,24,1-29 DPD,1-29 DPD,1042808.75,37254.44,1,6/10/2024,13146.47,FALSE,Same,FALSE,FALSE,SMA-0,3,Static
7/30/2024,ZAAUTO2024-1-00275,ZAAUTO2024-1,0,Current,1-29 DPD,1037288.12,0,0,7/7/2024,37429.96,TRUE,Better,FALSE,FALSE,Standard,0,Cure
8/30/2024,ZAAUTO2024-1-00275,ZAAUTO2024-1,0,Current,Current,992309.07,0,0,8/26/2024,36709.79,FALSE,Same,FALSE,FALSE,Standard,0,Static
9/30/2024,ZAAUTO2024-1-00275,ZAAUTO2024-1,0,Current,Current,977903.74,0,0,9/10/2024,36048.07,FALSE,Same,FALSE,FALSE,Standard,0,Static
10/30/2024,ZAAUTO2024-1-00275,ZAAUTO2024-1,0,Current,Current,955988.87,0,0,9/30/2024,35599.1,FALSE,Same,FALSE,FALSE,Standard,0,Static
12/30/2023,ZAAUTO2024-1-00276,ZAAUTO2024-1,0,Current,Current,664787.28,0,0,12/5/2023,33008.97,FALSE,Same,FALSE,FALSE,Standard,0,Static
1/30/2024,ZAAUTO2024-1-00276,ZAAUTO2024-1,0,Current,Current,643559.44,0,0,1/2/2024,31421.04,FALSE,Same,FALSE,FALSE,Standard,0,Static
2/28/2024,ZAAUTO2024-1-00276,ZAAUTO2024-1,0,Current,Current,617486.26,0,0,2/4/2024,32784.13,FALSE,Same,FALSE,FALSE,Standard,0,Static
3/30/2024,ZAAUTO2024-1-00276,ZAAUTO2024-1,0,Current,Current,568741.66,0,0,3/22/2024,34666.88,FALSE,Same,FALSE,FALSE,Standard,0,Static
4/30/2024,ZAAUTO2024-1-00276,ZAAUTO2024-1,0,Current,Current,565242.85,0,0,4/21/2024,32681.08,FALSE,Same,FALSE,FALSE,Standard,0,Static
5/30/2024,ZAAUTO2024-1-00276,ZAAUTO2024-1,0,Current,Current,532408.48,0,0,5/19/2024,31412.64,FALSE,Same,FALSE,FALSE,Standard,0,Static
5/30/2024,ZAAUTO2024-1-00276,ZAAUTO2024-1,0,Current,Current,549759.37,0,0,5/17/2024,31125.67,FALSE,Same,FALSE,FALSE,Standard,0,Static
6/30/2024,ZAAUTO2024-1-00276,ZAAUTO2024-1,0,Current,Current,510306.78,0,0,6/21/2024,32024.71,FALSE,Same,FALSE,FALSE,Standard,0,Static
7/30/2024,ZAAUTO2024-1-00276,ZAAUTO2024-1,0,Current,Current,485044.33,0,0,6/29/2024,32644.38,FALSE,Same,FALSE,FALSE,Standard,0,Static
8/30/2024,ZAAUTO2024-1-00276,ZAAUTO2024-1,0,Current,Current,470441.23,0,0,7/26/2024,32059.33,FALSE,Same,FALSE,FALSE,Standard,0,Static
9/30/2024,ZAAUTO2024-1-00276,ZAAUTO2024-1,0,Current,Current,448411.5,0,0,8/30/2024,32851.85,FALSE,Same,FALSE,FALSE,Standard,0,Static
10/30/2024,ZAAUTO2024-1-00276,ZAAUTO2024-1,0,Current,Current,453911.37,0,0,10/20/2024,33130.1,FALSE,Same,FALSE,FALSE,Standard,0,Static
12/30/2023,ZAAUTO2024-1-00277,ZAAUTO2024-1,0,Current,Current,656890.75,0,0,12/20/2023,15978.85,FALSE,Same,FALSE,FALSE,Standard,0,Static
1/30/2024,ZAAUTO2024-1-00277,ZAAUTO2024-1,0,Current,Current,617964.79,0,0,1/3/2024,16667.17,FALSE,Same,FALSE,FALSE,Standard,0,Static
2/28/2024,ZAAUTO2024-1-00277,ZAAUTO2024-1,0,Current,Current,620899.69,0,0,1/26/2024,15835.96,FALSE,Same,FALSE,FALSE,Standard,0,Static
3/30/2024,ZAAUTO2024-1-00277,ZAAUTO2024-1,0,Current,Current,616408.98,0,0,3/22/2024,16056.97,FALSE,Same,FALSE,FALSE,Standard,0,Static
4/30/2024,ZAAUTO2024-1-00277,ZAAUTO2024-1,0,Current,Current,616834.11,0,0,4/26/2024,15169.97,FALSE,Same,FALSE,FALSE,Standard,0,Static
5/30/2024,ZAAUTO2024-1-00277,ZAAUTO2024-1,12,1-29 DPD,Current,583578.17,16805.92,1,5/17/2024,9524.69,FALSE,Worse,FALSE,FALSE,SMA-0,1,Roll
5/30/2024,ZAAUTO2024-1-00277,ZAAUTO2024-1,23,1-29 DPD,1-29 DPD,566267.91,16805.92,1,5/10/2024,6391.68,FALSE,Same,FALSE,FALSE,SMA-0,2,Static
6/30/2024,ZAAUTO2024-1-00277,ZAAUTO2024-1,29,1-29 DPD,1-29 DPD,586415.89,16805.92,1,6/13/2024,5596.33,FALSE,Same,FALSE,FALSE,SMA-0,3,Static
7/30/2024,ZAAUTO2024-1-00277,ZAAUTO2024-1,0,Current,1-29 DPD,560584.3,0,0,7/9/2024,16885.74,TRUE,Better,FALSE,FALSE,Standard,0,Cure
8/30/2024,ZAAUTO2024-1-00277,ZAAUTO2024-1,0,Current,Current,563327.08,0,0,8/10/2024,17095.64,FALSE,Same,FALSE,FALSE,Standard,0,Static
9/30/2024,ZAAUTO2024-1-00277,ZAAUTO2024-1,0,Current,Current,540609.97,0,0,9/16/2024,16910.38,FALSE,Same,FALSE,FALSE,Standard,0,Static
10/30/2024,ZAAUTO2024-1-00277,ZAAUTO2024-1,0,Current,Current,532113.34,0,0,10/15/2024,16357,FALSE,Same,FALSE,FALSE,Standard,0,Static
12/30/2023,ZAAUTO2024-1-00278,ZAAUTO2024-1,9,1-29 DPD,Current,458914.59,17042.35,1,12/6/2023,7949.57,FALSE,Worse,FALSE,FALSE,SMA-0,1,Roll
1/30/2024,ZAAUTO2024-1-00278,ZAAUTO2024-1,0,Current,1-29 DPD,469738.18,0,0,1/13/2024,17158,TRUE,Better,FALSE,FALSE,Standard,0,Cure
2/28/2024,ZAAUTO2024-1-00278,ZAAUTO2024-1,0,Current,Current,442609.82,0,0,2/25/2024,16549.18,FALSE,Same,FALSE,FALSE,Standard,0,Static
3/30/2024,ZAAUTO2024-1-00278,ZAAUTO2024-1,0,Current,Current,425134.56,0,0,3/30/2024,16174.59,FALSE,Same,FALSE,FALSE,Standard,0,Static
4/30/2024,ZAAUTO2024-1-00278,ZAAUTO2024-1,0,Current,Current,430090.23,0,0,3/31/2024,16774.47,FALSE,Same,FALSE,FALSE,Standard,0,Static
5/30/2024,ZAAUTO2024-1-00278,ZAAUTO2024-1,0,Current,Current,415317.82,0,0,5/10/2024,16577.17,FALSE,Same,FALSE,FALSE,Standard,0,Static
5/30/2024,ZAAUTO2024-1-00278,ZAAUTO2024-1,0,Current,Current,388633.9,0,0,4/26/2024,15849.53,FALSE,Same,FALSE,FALSE,Standard,0,Static
6/30/2024,ZAAUTO2024-1-00278,ZAAUTO2024-1,0,Current,Current,388963.28,0,0,6/18/2024,17786.4,FALSE,Same,FALSE,FALSE,Standard,0,Static
7/30/2024,ZAAUTO2024-1-00278,ZAAUTO2024-1,0,Current,Current,369831.5,0,0,7/23/2024,16093.82,FALSE,Same,FALSE,FALSE,Standard,0,Static
8/30/2024,ZAAUTO2024-1-00278,ZAAUTO2024-1,0,Current,Current,342953.64,0,0,8/18/2024,16676.37,FALSE,Same,FALSE,FALSE,Standard,0,Static
9/30/2024,ZAAUTO2024-1-00278,ZAAUTO2024-1,0,Current,Current,340833.65,0,0,9/15/2024,17359.45,FALSE,Same,FALSE,FALSE,Standard,0,Static
10/30/2024,ZAAUTO2024-1-00278,ZAAUTO2024-1,0,Current,Current,325666.24,0,0,10/30/2024,16100.36,FALSE,Same,FALSE,FALSE,Standard,0,Static
12/30/2023,ZAAUTO2024-1-00279,ZAAUTO2024-1,0,Current,Current,503534.5,0,0,12/10/2023,12792.94,FALSE,Same,FALSE,FALSE,Standard,0,Static
1/30/2024,ZAAUTO2024-1-00279,ZAAUTO2024-1,0,Current,Current,489468.52,0,0,1/13/2024,12981.53,FALSE,Same,FALSE,FALSE,Standard,0,Static
2/28/2024,ZAAUTO2024-1-00279,ZAAUTO2024-1,0,Current,Current,493112.67,0,0,2/10/2024,12908.47,FALSE,Same,FALSE,FALSE,Standard,0,Static
3/30/2024,ZAAUTO2024-1-00279,ZAAUTO2024-1,5,1-29 DPD,Current,475278.61,13963.63,1,3/29/2024,1038.18,FALSE,Worse,FALSE,FALSE,SMA-0,1,Roll
4/30/2024,ZAAUTO2024-1-00279,ZAAUTO2024-1,0,Current,1-29 DPD,485641.14,0,0,3/26/2024,13566.58,TRUE,Better,FALSE,FALSE,Standard,0,Cure
5/30/2024,ZAAUTO2024-1-00279,ZAAUTO2024-1,0,Current,Current,453361.89,0,0,5/6/2024,13719.53,FALSE,Same,FALSE,FALSE,Standard,0,Static
5/30/2024,ZAAUTO2024-1-00279,ZAAUTO2024-1,0,Current,Current,461325.76,0,0,5/10/2024,13395.74,FALSE,Same,FALSE,FALSE,Standard,0,Static
6/30/2024,ZAAUTO2024-1-00279,ZAAUTO2024-1,0,Current,Current,443537.85,0,0,6/28/2024,13915.36,FALSE,Same,FALSE,FALSE,Standard,0,Static
7/30/2024,ZAAUTO2024-1-00279,ZAAUTO2024-1,0,Current,Current,435488.73,0,0,7/28/2024,14417.29,FALSE,Same,FALSE,FALSE,Standard,0,Static
8/30/2024,ZAAUTO2024-1-00279,ZAAUTO2024-1,0,Current,Current,419272.13,0,0,8/22/2024,13607.58,FALSE,Same,FALSE,FALSE,Standard,0,Static
9/30/2024,ZAAUTO2024-1-00279,ZAAUTO2024-1,0,Current,Current,437761.1,0,0,9/22/2024,12884.74,FALSE,Same,FALSE,FALSE,Standard,0,Static
10/30/2024,ZAAUTO2024-1-00279,ZAAUTO2024-1,0,Current,Current,417477.52,0,0,10/15/2024,12759.67,FALSE,Same,FALSE,FALSE,Standard,0,Static
12/30/2023,ZAAUTO2024-1-00280,ZAAUTO2024-1,0,Current,Current,669946.5,0,0,12/17/2023,18906.94,FALSE,Same,FALSE,FALSE,Standard,0,Static
1/30/2024,ZAAUTO2024-1-00280,ZAAUTO2024-1,0,Current,Current,655839.32,0,0,1/14/2024,18258.67,FALSE,Same,FALSE,FALSE,Standard,0,Static
2/28/2024,ZAAUTO2024-1-00280,ZAAUTO2024-1,0,Current,Current,637719.58,0,0,1/24/2024,17662.98,FALSE,Same,FALSE,FALSE,Standard,0,Static
3/30/2024,ZAAUTO2024-1-00280,ZAAUTO2024-1,0,Current,Current,649195.79,0,0,3/16/2024,18995.47,FALSE,Same,FALSE,FALSE,Standard,0,Static
4/30/2024,ZAAUTO2024-1-00280,ZAAUTO2024-1,0,Current,Current,606470.29,0,0,4/16/2024,20377.24,FALSE,Same,FALSE,FALSE,Standard,0,Static
5/30/2024,ZAAUTO2024-1-00280,ZAAUTO2024-1,0,Current,Current,630796.06,0,0,5/22/2024,19059.66,FALSE,Same,FALSE,FALSE,Standard,0,Static
5/30/2024,ZAAUTO2024-1-00280,ZAAUTO2024-1,0,Current,Current,587769.46,0,0,5/5/2024,17648.41,FALSE,Same,FALSE,FALSE,Standard,0,Static
6/30/2024,ZAAUTO2024-1-00280,ZAAUTO2024-1,0,Current,Current,590390.49,0,0,5/30/2024,17660.89,FALSE,Same,FALSE,FALSE,Standard,0,Static
7/30/2024,ZAAUTO2024-1-00280,ZAAUTO2024-1,0,Current,Current,572254.28,0,0,7/4/2024,19204.64,FALSE,Same,FALSE,FALSE,Standard,0,Static
8/30/2024,ZAAUTO2024-1-00280,ZAAUTO2024-1,0,Current,Current,529944.8,0,0,8/28/2024,18204.26,FALSE,Same,FALSE,FALSE,Standard,0,Static
9/30/2024,ZAAUTO2024-1-00280,ZAAUTO2024-1,0,Current,Current,535174.18,0,0,9/30/2024,18616.33,FALSE,Same,FALSE,FALSE,Standard,0,Static
10/30/2024,ZAAUTO2024-1-00280,ZAAUTO2024-1,0,Current,Current,500856.8,0,0,10/7/2024,19084.77,FALSE,Same,FALSE,FALSE,Standard,0,Static
12/30/2023,ZAAUTO2024-1-00281,ZAAUTO2024-1,0,Current,Current,485180.15,0,0,12/18/2023,14738.55,FALSE,Same,FALSE,FALSE,Standard,0,Static
1/30/2024,ZAAUTO2024-1-00281,ZAAUTO2024-1,0,Current,Current,476604.36,0,0,1/23/2024,15491.9,FALSE,Same,FALSE,FALSE,Standard,0,Static
2/28/2024,ZAAUTO2024-1-00281,ZAAUTO2024-1,0,Current,Current,474357.34,0,0,1/31/2024,15382.2,FALSE,Same,FALSE,FALSE,Standard,0,Static
3/30/2024,ZAAUTO2024-1-00281,ZAAUTO2024-1,0,Current,Current,472149.69,0,0,2/27/2024,15770.4,FALSE,Same,FALSE,FALSE,Standard,0,Static
4/30/2024,ZAAUTO2024-1-00281,ZAAUTO2024-1,0,Current,Current,448633.61,0,0,4/23/2024,14073.73,FALSE,Same,FALSE,FALSE,Standard,0,Static
5/30/2024,ZAAUTO2024-1-00281,ZAAUTO2024-1,0,Current,Current,459113.42,0,0,5/17/2024,14442.91,FALSE,Same,FALSE,FALSE,Standard,0,Static
5/30/2024,ZAAUTO2024-1-00281,ZAAUTO2024-1,0,Current,Current,442713.02,0,0,5/11/2024,15916.95,FALSE,Same,FALSE,FALSE,Standard,0,Static
6/30/2024,ZAAUTO2024-1-00281,ZAAUTO2024-1,0,Current,Current,436989.55,0,0,6/11/2024,14817.47,FALSE,Same,FALSE,FALSE,Standard,0,Static
7/30/2024,ZAAUTO2024-1-00281,ZAAUTO2024-1,0,Current,Current,409387.25,0,0,7/16/2024,15297.12,FALSE,Same,FALSE,FALSE,Standard,0,Static
8/30/2024,ZAAUTO2024-1-00281,ZAAUTO2024-1,0,Current,Current,425213.28,0,0,8/14/2024,14481.72,FALSE,Same,FALSE,FALSE,Standard,0,Static
9/30/2024,ZAAUTO2024-1-00281,ZAAUTO2024-1,0,Current,Current,391330.65,0,0,9/30/2024,14480.83,FALSE,Same,FALSE,FALSE,Standard,0,Static
10/30/2024,ZAAUTO2024-1-00281,ZAAUTO2024-1,0,Current,Current,387184.56,0,0,10/9/2024,14457.37,FALSE,Same,FALSE,FALSE,Standard,0,Static
12/30/2023,ZAAUTO2024-1-00282,ZAAUTO2024-1,8,1-29 DPD,Current,2272500,49545.76,1,12/24/2023,26291.33,FALSE,Worse,FALSE,FALSE,SMA-0,1,Roll
1/30/2024,ZAAUTO2024-1-00282,ZAAUTO2024-1,28,1-29 DPD,1-29 DPD,2261210.85,49545.76,1,1/27/2024,25481.36,FALSE,Same,FALSE,FALSE,SMA-0,2,Static
2/28/2024,ZAAUTO2024-1-00282,ZAAUTO2024-1,0,Current,1-29 DPD,2272500,0,0,2/28/2024,46846.36,TRUE,Better,FALSE,FALSE,Standard,0,Cure
3/30/2024,ZAAUTO2024-1-00282,ZAAUTO2024-1,0,Current,Current,2252842.78,0,0,3/20/2024,45313.8,FALSE,Same,FALSE,FALSE,Standard,0,Static
4/30/2024,ZAAUTO2024-1-00282,ZAAUTO2024-1,0,Current,Current,2217422.52,0,0,4/18/2024,51807.08,FALSE,Same,FALSE,FALSE,Standard,0,Static
5/30/2024,ZAAUTO2024-1-00282,ZAAUTO2024-1,0,Current,Current,2242730.97,0,0,5/7/2024,45156.75,FALSE,Same,FALSE,FALSE,Standard,0,Static
5/30/2024,ZAAUTO2024-1-00282,ZAAUTO2024-1,14,1-29 DPD,Current,2194965.04,49545.76,1,5/11/2024,22903.33,FALSE,Worse,FALSE,FALSE,SMA-0,1,Roll
6/30/2024,ZAAUTO2024-1-00282,ZAAUTO2024-1,29,1-29 DPD,1-29 DPD,2079967.24,49545.76,1,6/21/2024,7810.17,FALSE,Same,FALSE,FALSE,SMA-0,2,Static
7/30/2024,ZAAUTO2024-1-00282,ZAAUTO2024-1,0,Current,1-29 DPD,2168424.67,0,0,7/17/2024,45485.42,TRUE,Better,FALSE,FALSE,Standard,0,Cure
8/30/2024,ZAAUTO2024-1-00282,ZAAUTO2024-1,0,Current,Current,2090647.64,0,0,8/29/2024,51133.38,FALSE,Same,FALSE,FALSE,Standard,0,Static
9/30/2024,ZAAUTO2024-1-00282,ZAAUTO2024-1,0,Current,Current,2099497.19,0,0,9/19/2024,44697.79,FALSE,Same,FALSE,FALSE,Standard,0,Static
10/30/2024,ZAAUTO2024-1-00282,ZAAUTO2024-1,0,Current,Current,1944450.69,0,0,10/15/2024,47974.5,FALSE,Same,FALSE,FALSE,Standard,0,Static
12/30/2023,ZAAUTO2024-1-00283,ZAAUTO2024-1,0,Current,Current,666586.41,0,0,12/1/2023,20483.47,FALSE,Same,FALSE,FALSE,Standard,0,Static
1/30/2024,ZAAUTO2024-1-00283,ZAAUTO2024-1,0,Current,Current,680093.14,0,0,1/28/2024,21263.49,FALSE,Same,FALSE,FALSE,Standard,0,Static
2/28/2024,ZAAUTO2024-1-00283,ZAAUTO2024-1,0,Current,Current,667256.97,0,0,2/11/2024,21433.72,FALSE,Same,FALSE,FALSE,Standard,0,Static
3/30/2024,ZAAUTO2024-1-00283,ZAAUTO2024-1,0,Current,Current,644206.7,0,0,3/18/2024,21727.72,FALSE,Same,FALSE,FALSE,Standard,0,Static
4/30/2024,ZAAUTO2024-1-00283,ZAAUTO2024-1,0,Current,Current,601480.03,0,0,4/13/2024,22242.81,FALSE,Same,FALSE,FALSE,Standard,0,Static
5/30/2024,ZAAUTO2024-1-00283,ZAAUTO2024-1,0,Current,Current,597162.23,0,0,5/2/2024,21754.6,FALSE,Same,FALSE,FALSE,Standard,0,Static
5/30/2024,ZAAUTO2024-1-00283,ZAAUTO2024-1,0,Current,Current,619982.84,0,0,5/28/2024,21956.37,FALSE,Same,FALSE,FALSE,Standard,0,Static
6/30/2024,ZAAUTO2024-1-00283,ZAAUTO2024-1,0,Current,Current,601052.57,0,0,6/3/2024,20951.51,FALSE,Same,FALSE,FALSE,Standard,0,Static
7/30/2024,ZAAUTO2024-1-00283,ZAAUTO2024-1,0,Current,Current,583536.47,0,0,7/16/2024,21451.82,FALSE,Same,FALSE,FALSE,Standard,0,Static
8/30/2024,ZAAUTO2024-1-00283,ZAAUTO2024-1,0,Current,Current,573130.74,0,0,8/12/2024,20328.9,FALSE,Same,FALSE,FALSE,Standard,0,Static
9/30/2024,ZAAUTO2024-1-00283,ZAAUTO2024-1,0,Current,Current,555443.52,0,0,9/1/2024,21787.69,FALSE,Same,FALSE,FALSE,Standard,0,Static
10/30/2024,ZAAUTO2024-1-00283,ZAAUTO2024-1,0,Current,Current,541490.5,0,0,10/7/2024,21269.85,FALSE,Same,FALSE,FALSE,Standard,0,Static
12/30/2023,ZAAUTO2024-1-00284,ZAAUTO2024-1,0,Current,Current,1804232.82,0,0,11/29/2023,67514.57,FALSE,Same,FALSE,FALSE,Standard,0,Static
1/30/2024,ZAAUTO2024-1-00284,ZAAUTO2024-1,0,Current,Current,1731895.06,0,0,1/3/2024,61555.05,FALSE,Same,FALSE,FALSE,Standard,0,Static
2/28/2024,ZAAUTO2024-1-00284,ZAAUTO2024-1,0,Current,Current,1684033.34,0,0,2/20/2024,64046.59,FALSE,Same,FALSE,FALSE,Standard,0,Static
3/30/2024,ZAAUTO2024-1-00284,ZAAUTO2024-1,0,Current,Current,1667956.76,0,0,3/1/2024,65239.62,FALSE,Same,FALSE,FALSE,Standard,0,Static
4/30/2024,ZAAUTO2024-1-00284,ZAAUTO2024-1,0,Current,Current,1660275.58,0,0,4/20/2024,69679.15,FALSE,Same,FALSE,FALSE,Standard,0,Static
5/30/2024,ZAAUTO2024-1-00284,ZAAUTO2024-1,0,Current,Current,1608349.94,0,0,5/21/2024,66736.66,FALSE,Same,FALSE,FALSE,Standard,0,Static
5/30/2024,ZAAUTO2024-1-00284,ZAAUTO2024-1,0,Current,Current,1601791.05,0,0,5/20/2024,69288.34,FALSE,Same,FALSE,FALSE,Standard,0,Static
6/30/2024,ZAAUTO2024-1-00284,ZAAUTO2024-1,0,Current,Current,1576220.91,0,0,6/17/2024,69021.22,FALSE,Same,FALSE,FALSE,Standard,0,Static
7/30/2024,ZAAUTO2024-1-00284,ZAAUTO2024-1,0,Current,Current,1527456.92,0,0,7/4/2024,69587.95,FALSE,Same,FALSE,FALSE,Standard,0,Static
8/30/2024,ZAAUTO2024-1-00284,ZAAUTO2024-1,0,Current,Current,1562195.02,0,0,7/27/2024,61105.34,FALSE,Same,FALSE,FALSE,Standard,0,Static
9/30/2024,ZAAUTO2024-1-00284,ZAAUTO2024-1,0,Current,Current,1438676.68,0,0,9/30/2024,63256.86,FALSE,Same,FALSE,FALSE,Standard,0,Static
10/30/2024,ZAAUTO2024-1-00284,ZAAUTO2024-1,0,Current,Current,1456341.53,0,0,10/20/2024,68161.83,FALSE,Same,FALSE,FALSE,Standard,0,Static
12/30/2023,ZAAUTO2024-1-00285,ZAAUTO2024-1,0,Current,Current,1220104.68,0,0,12/24/2023,32433.19,FALSE,Same,FALSE,FALSE,Standard,0,Static
1/30/2024,ZAAUTO2024-1-00285,ZAAUTO2024-1,0,Current,Current,1213525.55,0,0,1/21/2024,35603.33,FALSE,Same,FALSE,FALSE,Standard,0,Static
2/28/2024,ZAAUTO2024-1-00285,ZAAUTO2024-1,0,Current,Current,1207332.28,0,0,2/16/2024,34987.84,FALSE,Same,FALSE,FALSE,Standard,0,Static
3/30/2024,ZAAUTO2024-1-00285,ZAAUTO2024-1,0,Current,Current,1179516.22,0,0,2/27/2024,35424.05,FALSE,Same,FALSE,FALSE,Standard,0,Static
4/30/2024,ZAAUTO2024-1-00285,ZAAUTO2024-1,0,Current,Current,1120178.62,0,0,4/26/2024,34877.07,FALSE,Same,FALSE,FALSE,Standard,0,Static
5/30/2024,ZAAUTO2024-1-00285,ZAAUTO2024-1,0,Current,Current,1078632.21,0,0,5/5/2024,32834.54,FALSE,Same,FALSE,FALSE,Standard,0,Static
5/30/2024,ZAAUTO2024-1-00285,ZAAUTO2024-1,0,Current,Current,1044731.12,0,0,5/24/2024,36213.88,FALSE,Same,FALSE,FALSE,Standard,0,Static
6/30/2024,ZAAUTO2024-1-00285,ZAAUTO2024-1,0,Current,Current,1017045.61,0,0,6/29/2024,31418.81,FALSE,Same,FALSE,FALSE,Standard,0,Static
7/30/2024,ZAAUTO2024-1-00285,ZAAUTO2024-1,0,Current,Current,985708.45,0,0,7/19/2024,35568.46,FALSE,Same,FALSE,FALSE,Standard,0,Static
8/30/2024,ZAAUTO2024-1-00285,ZAAUTO2024-1,0,Current,Current,998741.08,0,0,8/26/2024,32577.07,FALSE,Same,FALSE,FALSE,Standard,0,Static
9/30/2024,ZAAUTO2024-1-00285,ZAAUTO2024-1,0,Current,Current,989943.84,0,0,9/3/2024,36179.11,FALSE,Same,FALSE,FALSE,Standard,0,Static
10/30/2024,ZAAUTO2024-1-00285,ZAAUTO2024-1,0,Current,Current,943012.3,0,0,10/30/2024,34892.07,FALSE,Same,FALSE,FALSE,Standard,0,Static
12/30/2023,ZAAUTO2024-1-00286,ZAAUTO2024-1,0,Current,Current,380778.67,0,0,11/30/2023,13731.56,FALSE,Same,FALSE,FALSE,Standard,0,Static
1/30/2024,ZAAUTO2024-1-00286,ZAAUTO2024-1,0,Current,Current,379998.19,0,0,12/27/2023,13548.66,FALSE,Same,FALSE,FALSE,Standard,0,Static
2/28/2024,ZAAUTO2024-1-00286,ZAAUTO2024-1,0,Current,Current,370374.81,0,0,2/6/2024,13907.57,FALSE,Same,FALSE,FALSE,Standard,0,Static
3/30/2024,ZAAUTO2024-1-00286,ZAAUTO2024-1,0,Current,Current,366428.87,0,0,3/29/2024,12768.5,FALSE,Same,FALSE,FALSE,Standard,0,Static
4/30/2024,ZAAUTO2024-1-00286,ZAAUTO2024-1,0,Current,Current,362476.04,0,0,4/25/2024,12958.43,FALSE,Same,FALSE,FALSE,Standard,0,Static
5/30/2024,ZAAUTO2024-1-00286,ZAAUTO2024-1,0,Current,Current,341249.25,0,0,5/25/2024,12499.16,FALSE,Same,FALSE,FALSE,Standard,0,Static
5/30/2024,ZAAUTO2024-1-00286,ZAAUTO2024-1,0,Current,Current,337189.93,0,0,5/24/2024,12918.03,FALSE,Same,FALSE,FALSE,Standard,0,Static
6/30/2024,ZAAUTO2024-1-00286,ZAAUTO2024-1,0,Current,Current,324346.93,0,0,6/15/2024,13216.08,FALSE,Same,FALSE,FALSE,Standard,0,Static
7/30/2024,ZAAUTO2024-1-00286,ZAAUTO2024-1,0,Current,Current,307290.87,0,0,7/10/2024,12628.09,FALSE,Same,FALSE,FALSE,Standard,0,Static
8/30/2024,ZAAUTO2024-1-00286,ZAAUTO2024-1,0,Current,Current,303074.63,0,0,8/2/2024,12441.45,FALSE,Same,FALSE,FALSE,Standard,0,Static
9/30/2024,ZAAUTO2024-1-00286,ZAAUTO2024-1,0,Current,Current,284657.47,0,0,9/30/2024,13376.62,FALSE,Same,FALSE,FALSE,Standard,0,Static
10/30/2024,ZAAUTO2024-1-00286,ZAAUTO2024-1,0,Current,Current,277565.27,0,0,10/29/2024,13880.38,FALSE,Same,FALSE,FALSE,Standard,0,Static
12/30/2023,ZAAUTO2024-1-00287,ZAAUTO2024-1,0,Current,Current,765096.64,0,0,12/12/2023,20389.68,FALSE,Same,FALSE,FALSE,Standard,0,Static
1/30/2024,ZAAUTO2024-1-00287,ZAAUTO2024-1,0,Current,Current,704088.75,0,0,1/9/2024,19119.86,FALSE,Same,FALSE,FALSE,Standard,0,Static
2/28/2024,ZAAUTO2024-1-00287,ZAAUTO2024-1,0,Current,Current,721405.71,0,0,2/24/2024,18442.71,FALSE,Same,FALSE,FALSE,Standard,0,Static
3/30/2024,ZAAUTO2024-1-00287,ZAAUTO2024-1,0,Current,Current,695334.55,0,0,3/30/2024,19002.56,FALSE,Same,FALSE,FALSE,Standard,0,Static
4/30/2024,ZAAUTO2024-1-00287,ZAAUTO2024-1,0,Current,Current,691893.75,0,0,4/19/2024,20148.43,FALSE,Same,FALSE,FALSE,Standard,0,Static
5/30/2024,ZAAUTO2024-1-00287,ZAAUTO2024-1,0,Current,Current,642608.28,0,0,5/19/2024,18515.01,FALSE,Same,FALSE,FALSE,Standard,0,Static
5/30/2024,ZAAUTO2024-1-00287,ZAAUTO2024-1,0,Current,Current,665036.67,0,0,4/29/2024,18530.8,FALSE,Same,FALSE,FALSE,Standard,0,Static
6/30/2024,ZAAUTO2024-1-00287,ZAAUTO2024-1,0,Current,Current,629771.46,0,0,6/23/2024,18152.39,FALSE,Same,FALSE,FALSE,Standard,0,Static
7/30/2024,ZAAUTO2024-1-00287,ZAAUTO2024-1,0,Current,Current,600515.89,0,0,7/29/2024,19153.67,FALSE,Same,FALSE,FALSE,Standard,0,Static
8/30/2024,ZAAUTO2024-1-00287,ZAAUTO2024-1,0,Current,Current,594690.68,0,0,8/3/2024,17911.41,FALSE,Same,FALSE,FALSE,Standard,0,Static
9/30/2024,ZAAUTO2024-1-00287,ZAAUTO2024-1,0,Current,Current,585485.52,0,0,9/7/2024,19738.97,FALSE,Same,FALSE,FALSE,Standard,0,Static
10/30/2024,ZAAUTO2024-1-00287,ZAAUTO2024-1,0,Current,Current,552595.87,0,0,9/30/2024,17950.09,FALSE,Same,FALSE,FALSE,Standard,0,Static
12/30/2023,ZAAUTO2024-1-00288,ZAAUTO2024-1,0,Current,Current,398371.22,0,0,12/25/2023,15882.13,FALSE,Same,FALSE,FALSE,Standard,0,Static
1/30/2024,ZAAUTO2024-1-00288,ZAAUTO2024-1,0,Current,Current,404749.54,0,0,1/2/2024,16098.33,FALSE,Same,FALSE,FALSE,Standard,0,Static
2/28/2024,ZAAUTO2024-1-00288,ZAAUTO2024-1,0,Current,Current,389087.15,0,0,1/24/2024,15139.05,FALSE,Same,FALSE,FALSE,Standard,0,Static
3/30/2024,ZAAUTO2024-1-00288,ZAAUTO2024-1,0,Current,Current,364012.73,0,0,3/19/2024,15910.41,FALSE,Same,FALSE,FALSE,Standard,0,Static
4/30/2024,ZAAUTO2024-1-00288,ZAAUTO2024-1,0,Current,Current,353408.74,0,0,4/28/2024,15064.7,FALSE,Same,FALSE,FALSE,Standard,0,Static
5/30/2024,ZAAUTO2024-1-00288,ZAAUTO2024-1,0,Current,Current,342282.95,0,0,5/22/2024,16308.1,FALSE,Same,FALSE,FALSE,Standard,0,Static
5/30/2024,ZAAUTO2024-1-00288,ZAAUTO2024-1,0,Current,Current,336201.94,0,0,5/7/2024,14648.32,FALSE,Same,FALSE,FALSE,Standard,0,Static
6/30/2024,ZAAUTO2024-1-00288,ZAAUTO2024-1,0,Current,Current,333272.87,0,0,6/23/2024,15771.28,FALSE,Same,FALSE,FALSE,Standard,0,Static
7/30/2024,ZAAUTO2024-1-00288,ZAAUTO2024-1,0,Current,Current,309109.8,0,0,6/27/2024,14524.71,FALSE,Same,FALSE,FALSE,Standard,0,Static
8/30/2024,ZAAUTO2024-1-00288,ZAAUTO2024-1,0,Current,Current,310258.9,0,0,8/22/2024,15275.67,FALSE,Same,FALSE,FALSE,Standard,0,Static
9/30/2024,ZAAUTO2024-1-00288,ZAAUTO2024-1,0,Current,Current,284565.81,0,0,8/31/2024,16440.04,FALSE,Same,FALSE,FALSE,Standard,0,Static
10/30/2024,ZAAUTO2024-1-00288,ZAAUTO2024-1,0,Current,Current,271456.69,0,0,9/30/2024,15659.4,FALSE,Same,FALSE,FALSE,Standard,0,Static
12/30/2023,ZAAUTO2024-1-00289,ZAAUTO2024-1,0,Current,Current,255793.04,0,0,12/26/2023,8660.27,FALSE,Same,FALSE,FALSE,Standard,0,Static
1/30/2024,ZAAUTO2024-1-00289,ZAAUTO2024-1,0,Current,Current,235742.3,0,0,1/4/2024,9021.14,FALSE,Same,FALSE,FALSE,Standard,0,Static
2/28/2024,ZAAUTO2024-1-00289,ZAAUTO2024-1,0,Current,Current,230637.96,0,0,2/14/2024,9005.58,FALSE,Same,FALSE,FALSE,Standard,0,Static
3/30/2024,ZAAUTO2024-1-00289,ZAAUTO2024-1,0,Current,Current,224294.39,0,0,3/3/2024,7970.14,FALSE,Same,FALSE,FALSE,Standard,0,Static
4/30/2024,ZAAUTO2024-1-00289,ZAAUTO2024-1,0,Current,Current,215876.49,0,0,4/5/2024,7950.04,FALSE,Same,FALSE,FALSE,Standard,0,Static
5/30/2024,ZAAUTO2024-1-00289,ZAAUTO2024-1,0,Current,Current,214116.15,0,0,5/7/2024,8428.95,FALSE,Same,FALSE,FALSE,Standard,0,Static
5/30/2024,ZAAUTO2024-1-00289,ZAAUTO2024-1,0,Current,Current,205951.35,0,0,5/16/2024,8900.91,FALSE,Same,FALSE,FALSE,Standard,0,Static
6/30/2024,ZAAUTO2024-1-00289,ZAAUTO2024-1,0,Current,Current,192050.11,0,0,5/29/2024,9085.73,FALSE,Same,FALSE,FALSE,Standard,0,Static
7/30/2024,ZAAUTO2024-1-00289,ZAAUTO2024-1,0,Current,Current,192117.82,0,0,7/20/2024,8231.86,FALSE,Same,FALSE,FALSE,Standard,0,Static
8/30/2024,ZAAUTO2024-1-00289,ZAAUTO2024-1,0,Current,Current,183290.47,0,0,7/30/2024,8933.21,FALSE,Same,FALSE,FALSE,Standard,0,Static
9/30/2024,ZAAUTO2024-1-00289,ZAAUTO2024-1,0,Current,Current,175042.88,0,0,9/29/2024,8463.96,FALSE,Same,FALSE,FALSE,Standard,0,Static
10/30/2024,ZAAUTO2024-1-00289,ZAAUTO2024-1,0,Current,Current,169492.94,0,0,10/21/2024,8932.97,FALSE,Same,FALSE,FALSE,Standard,0,Static
12/30/2023,ZAAUTO2024-1-00290,ZAAUTO2024-1,0,Current,Current,298778.59,0,0,11/25/2023,9295.5,FALSE,Same,FALSE,FALSE,Standard,0,Static
1/30/2024,ZAAUTO2024-1-00290,ZAAUTO2024-1,0,Current,Current,294676.64,0,0,1/22/2024,8685.78,FALSE,Same,FALSE,FALSE,Standard,0,Static
2/28/2024,ZAAUTO2024-1-00290,ZAAUTO2024-1,0,Current,Current,277630.14,0,0,1/28/2024,9365.01,FALSE,Same,FALSE,FALSE,Standard,0,Static
3/30/2024,ZAAUTO2024-1-00290,ZAAUTO2024-1,0,Current,Current,280043.33,0,0,3/26/2024,8393.45,FALSE,Same,FALSE,FALSE,Standard,0,Static
4/30/2024,ZAAUTO2024-1-00290,ZAAUTO2024-1,0,Current,Current,268350.62,0,0,4/13/2024,9230.11,FALSE,Same,FALSE,FALSE,Standard,0,Static
5/30/2024,ZAAUTO2024-1-00290,ZAAUTO2024-1,0,Current,Current,268083.85,0,0,5/16/2024,8475.96,FALSE,Same,FALSE,FALSE,Standard,0,Static
5/30/2024,ZAAUTO2024-1-00290,ZAAUTO2024-1,29,1-29 DPD,Current,256502.64,8950.73,1,5/15/2024,3039.75,FALSE,Worse,FALSE,FALSE,SMA-0,1,Roll
6/30/2024,ZAAUTO2024-1-00290,ZAAUTO2024-1,0,Current,1-29 DPD,250474.32,0,0,6/11/2024,8313.23,TRUE,Better,FALSE,FALSE,Standard,0,Cure
7/30/2024,ZAAUTO2024-1-00290,ZAAUTO2024-1,0,Current,Current,243759.64,0,0,7/4/2024,8429.6,FALSE,Same,FALSE,FALSE,Standard,0,Static
8/30/2024,ZAAUTO2024-1-00290,ZAAUTO2024-1,0,Current,Current,241771.71,0,0,8/18/2024,9087.2,FALSE,Same,FALSE,FALSE,Standard,0,Static
9/30/2024,ZAAUTO2024-1-00290,ZAAUTO2024-1,0,Current,Current,240037.61,0,0,9/22/2024,9132.76,FALSE,Same,FALSE,FALSE,Standard,0,Static
10/30/2024,ZAAUTO2024-1-00290,ZAAUTO2024-1,0,Current,Current,230045.31,0,0,10/18/2024,8978.17,FALSE,Same,FALSE,FALSE,Standard,0,Static
12/30/2023,ZAAUTO2024-1-00291,ZAAUTO2024-1,0,Current,Current,672600,0,0,12/19/2023,12459.75,FALSE,Same,FALSE,FALSE,Standard,0,Static
1/30/2024,ZAAUTO2024-1-00291,ZAAUTO2024-1,0,Current,Current,672600,0,0,1/7/2024,11298.96,FALSE,Same,FALSE,FALSE,Standard,0,Static
2/28/2024,ZAAUTO2024-1-00291,ZAAUTO2024-1,0,Current,Current,672600,0,0,2/11/2024,12541.54,FALSE,Same,FALSE,FALSE,Standard,0,Static
3/30/2024,ZAAUTO2024-1-00291,ZAAUTO2024-1,0,Current,Current,670493.13,0,0,3/9/2024,11119.33,FALSE,Same,FALSE,FALSE,Standard,0,Static
4/30/2024,ZAAUTO2024-1-00291,ZAAUTO2024-1,0,Current,Current,667500.93,0,0,4/14/2024,11079.69,FALSE,Same,FALSE,FALSE,Standard,0,Static
5/30/2024,ZAAUTO2024-1-00291,ZAAUTO2024-1,0,Current,Current,646848.8,0,0,4/25/2024,12634.5,FALSE,Same,FALSE,FALSE,Standard,0,Static
5/30/2024,ZAAUTO2024-1-00291,ZAAUTO2024-1,0,Current,Current,619950.11,0,0,5/18/2024,12323.56,FALSE,Same,FALSE,FALSE,Standard,0,Static
6/30/2024,ZAAUTO2024-1-00291,ZAAUTO2024-1,0,Current,Current,621673.49,0,0,5/30/2024,11677.29,FALSE,Same,FALSE,FALSE,Standard,0,Static
7/30/2024,ZAAUTO2024-1-00291,ZAAUTO2024-1,0,Current,Current,644484.09,0,0,7/13/2024,11779.25,FALSE,Same,FALSE,FALSE,Standard,0,Static
8/30/2024,ZAAUTO2024-1-00291,ZAAUTO2024-1,0,Current,Current,609360.09,0,0,8/13/2024,10946.84,FALSE,Same,FALSE,FALSE,Standard,0,Static
9/30/2024,ZAAUTO2024-1-00291,ZAAUTO2024-1,0,Current,Current,599787.66,0,0,8/30/2024,11931.49,FALSE,Same,FALSE,FALSE,Standard,0,Static
10/30/2024,ZAAUTO2024-1-00291,ZAAUTO2024-1,0,Current,Current,591951.54,0,0,10/6/2024,11421.09,FALSE,Same,FALSE,FALSE,Standard,0,Static
12/30/2023,ZAAUTO2024-1-00292,ZAAUTO2024-1,0,Current,Current,1288309.4,0,0,12/28/2023,46309.85,FALSE,Same,FALSE,FALSE,Standard,0,Static
1/30/2024,ZAAUTO2024-1-00292,ZAAUTO2024-1,0,Current,Current,1281978.97,0,0,1/30/2024,41069.03,FALSE,Same,FALSE,FALSE,Standard,0,Static
2/28/2024,ZAAUTO2024-1-00292,ZAAUTO2024-1,0,Current,Current,1299091.53,0,0,2/11/2024,42229.96,FALSE,Same,FALSE,FALSE,Standard,0,Static
3/30/2024,ZAAUTO2024-1-00292,ZAAUTO2024-1,0,Current,Current,1214283.75,0,0,3/16/2024,44475.28,FALSE,Same,FALSE,FALSE,Standard,0,Static
4/30/2024,ZAAUTO2024-1-00292,ZAAUTO2024-1,0,Current,Current,1223761.84,0,0,4/13/2024,46555.4,FALSE,Same,FALSE,FALSE,Standard,0,Static
5/30/2024,ZAAUTO2024-1-00292,ZAAUTO2024-1,0,Current,Current,1185749.99,0,0,5/15/2024,41339.66,FALSE,Same,FALSE,FALSE,Standard,0,Static
5/30/2024,ZAAUTO2024-1-00292,ZAAUTO2024-1,0,Current,Current,1183289.29,0,0,5/10/2024,45443.23,FALSE,Same,FALSE,FALSE,Standard,0,Static
6/30/2024,ZAAUTO2024-1-00292,ZAAUTO2024-1,6,1-29 DPD,Current,1184547.07,44800.23,1,6/6/2024,5460.46,FALSE,Worse,FALSE,FALSE,SMA-0,1,Roll
7/30/2024,ZAAUTO2024-1-00292,ZAAUTO2024-1,0,Current,1-29 DPD,1149349.89,0,0,7/20/2024,40932.92,TRUE,Better,FALSE,FALSE,Standard,0,Cure
8/30/2024,ZAAUTO2024-1-00292,ZAAUTO2024-1,0,Current,Current,1139645.43,0,0,8/13/2024,45760.41,FALSE,Same,FALSE,FALSE,Standard,0,Static
9/30/2024,ZAAUTO2024-1-00292,ZAAUTO2024-1,0,Current,Current,1071690.13,0,0,9/15/2024,46001.21,FALSE,Same,FALSE,FALSE,Standard,0,Static
10/30/2024,ZAAUTO2024-1-00292,ZAAUTO2024-1,0,Current,Current,1060188.78,0,0,10/1/2024,44416.79,FALSE,Same,FALSE,FALSE,Standard,0,Static
12/30/2023,ZAAUTO2024-1-00293,ZAAUTO2024-1,0,Current,Current,563428.44,0,0,12/2/2023,20919.65,FALSE,Same,FALSE,FALSE,Standard,0,Static
1/30/2024,ZAAUTO2024-1-00293,ZAAUTO2024-1,0,Current,Current,564902.57,0,0,1/6/2024,22244.67,FALSE,Same,FALSE,FALSE,Standard,0,Static
2/28/2024,ZAAUTO2024-1-00293,ZAAUTO2024-1,0,Current,Current,553497.05,0,0,2/27/2024,21240.26,FALSE,Same,FALSE,FALSE,Standard,0,Static
3/30/2024,ZAAUTO2024-1-00293,ZAAUTO2024-1,0,Current,Current,523522.6,0,0,2/28/2024,20900.57,FALSE,Same,FALSE,FALSE,Standard,0,Static
4/30/2024,ZAAUTO2024-1-00293,ZAAUTO2024-1,0,Current,Current,534379.25,0,0,4/9/2024,20528.55,FALSE,Same,FALSE,FALSE,Standard,0,Static
5/30/2024,ZAAUTO2024-1-00293,ZAAUTO2024-1,0,Current,Current,508814.52,0,0,5/6/2024,22204.51,FALSE,Same,FALSE,FALSE,Standard,0,Static
5/30/2024,ZAAUTO2024-1-00293,ZAAUTO2024-1,0,Current,Current,500961.43,0,0,5/7/2024,19951.97,FALSE,Same,FALSE,FALSE,Standard,0,Static
6/30/2024,ZAAUTO2024-1-00293,ZAAUTO2024-1,0,Current,Current,470959.88,0,0,6/6/2024,20029.47,FALSE,Same,FALSE,FALSE,Standard,0,Static
7/30/2024,ZAAUTO2024-1-00293,ZAAUTO2024-1,0,Current,Current,470657.57,0,0,7/17/2024,20503,FALSE,Same,FALSE,FALSE,Standard,0,Static
8/30/2024,ZAAUTO2024-1-00293,ZAAUTO2024-1,0,Current,Current,459120.02,0,0,8/15/2024,21804.19,FALSE,Same,FALSE,FALSE,Standard,0,Static
9/30/2024,ZAAUTO2024-1-00293,ZAAUTO2024-1,0,Current,Current,463343.25,0,0,9/6/2024,21432.4,FALSE,Same,FALSE,FALSE,Standard,0,Static
10/30/2024,ZAAUTO2024-1-00293,ZAAUTO2024-1,0,Current,Current,437986.52,0,0,10/29/2024,21711.84,FALSE,Same,FALSE,FALSE,Standard,0,Static
12/30/2023,ZAAUTO2024-1-00294,ZAAUTO2024-1,0,Current,Current,883418.24,0,0,12/8/2023,21224.07,FALSE,Same,FALSE,FALSE,Standard,0,Static
1/30/2024,ZAAUTO2024-1-00294,ZAAUTO2024-1,0,Current,Current,863165.9,0,0,1/14/2024,22075.87,FALSE,Same,FALSE,FALSE,Standard,0,Static
2/28/2024,ZAAUTO2024-1-00294,ZAAUTO2024-1,0,Current,Current,835335.44,0,0,1/26/2024,22486.73,FALSE,Same,FALSE,FALSE,Standard,0,Static
3/30/2024,ZAAUTO2024-1-00294,ZAAUTO2024-1,26,1-29 DPD,Current,821391.26,22716.95,1,3/28/2024,13346.14,FALSE,Worse,FALSE,FALSE,SMA-0,1,Roll
4/30/2024,ZAAUTO2024-1-00294,ZAAUTO2024-1,41,30-59 DPD,1-29 DPD,797148.32,22716.95,1,4/16/2024,1226.34,FALSE,Worse,FALSE,FALSE,SMA-1,2,Roll
5/30/2024,ZAAUTO2024-1-00294,ZAAUTO2024-1,59,30-59 DPD,30-59 DPD,788077.86,22716.95,1,4/25/2024,682.4,FALSE,Same,FALSE,FALSE,SMA-1,3,Static
5/30/2024,ZAAUTO2024-1-00294,ZAAUTO2024-1,32,30-59 DPD,30-59 DPD,793144.69,22716.95,1,5/14/2024,6175.84,FALSE,Same,FALSE,FALSE,SMA-1,4,Static
6/30/2024,ZAAUTO2024-1-00294,ZAAUTO2024-1,69,60-89 DPD,30-59 DPD,756025.69,45433.9,2,6/3/2024,3796.19,FALSE,Worse,FALSE,FALSE,SMA-2,5,Roll
7/30/2024,ZAAUTO2024-1-00294,ZAAUTO2024-1,89,60-89 DPD,60-89 DPD,742887.71,45433.9,2,7/4/2024,4247.14,FALSE,Same,FALSE,FALSE,SMA-2,6,Static
8/30/2024,ZAAUTO2024-1-00294,ZAAUTO2024-1,106,90-119 DPD,60-89 DPD,720998.84,68150.85,3,8/25/2024,8463.58,FALSE,Worse,FALSE,FALSE,NPA,7,Roll
9/30/2024,ZAAUTO2024-1-00294,ZAAUTO2024-1,108,90-119 DPD,90-119 DPD,735959.9,68150.85,3,9/19/2024,3928.8,FALSE,Same,FALSE,FALSE,NPA,8,Static
10/30/2024,ZAAUTO2024-1-00294,ZAAUTO2024-1,240,120+ DPD,90-119 DPD,734386.25,181735.6,8,10/20/2024,3220.06,FALSE,Worse,FALSE,FALSE,NPA,9,Roll
12/30/2023,ZAAUTO2024-1-00295,ZAAUTO2024-1,0,Current,Current,805786.2,0,0,12/19/2023,16819.37,FALSE,Same,FALSE,FALSE,Standard,0,Static
1/30/2024,ZAAUTO2024-1-00295,ZAAUTO2024-1,0,Current,Current,783009.81,0,0,1/20/2024,18221.61,FALSE,Same,FALSE,FALSE,Standard,0,Static
2/28/2024,ZAAUTO2024-1-00295,ZAAUTO2024-1,0,Current,Current,797242.93,0,0,2/27/2024,17506.8,FALSE,Same,FALSE,FALSE,Standard,0,Static
3/30/2024,ZAAUTO2024-1-00295,ZAAUTO2024-1,0,Current,Current,803584.48,0,0,3/5/2024,16521.27,FALSE,Same,FALSE,FALSE,Standard,0,Static
4/30/2024,ZAAUTO2024-1-00295,ZAAUTO2024-1,0,Current,Current,742197.61,0,0,4/21/2024,18437.56,FALSE,Same,FALSE,FALSE,Standard,0,Static
5/30/2024,ZAAUTO2024-1-00295,ZAAUTO2024-1,0,Current,Current,738177.36,0,0,5/7/2024,17703.26,FALSE,Same,FALSE,FALSE,Standard,0,Static
5/30/2024,ZAAUTO2024-1-00295,ZAAUTO2024-1,0,Current,Current,725564.71,0,0,5/15/2024,17383.01,FALSE,Same,FALSE,FALSE,Standard,0,Static
6/30/2024,ZAAUTO2024-1-00295,ZAAUTO2024-1,0,Current,Current,733075.75,0,0,6/15/2024,16594.35,FALSE,Same,FALSE,FALSE,Standard,0,Static
7/30/2024,ZAAUTO2024-1-00295,ZAAUTO2024-1,0,Current,Current,712773.95,0,0,7/28/2024,16338.48,FALSE,Same,FALSE,FALSE,Standard,0,Static
8/30/2024,ZAAUTO2024-1-00295,ZAAUTO2024-1,0,Current,Current,686569.55,0,0,8/30/2024,16931.28,FALSE,Same,FALSE,FALSE,Standard,0,Static
9/30/2024,ZAAUTO2024-1-00295,ZAAUTO2024-1,0,Current,Current,679152.92,0,0,8/30/2024,17982.41,FALSE,Same,FALSE,FALSE,Standard,0,Static
10/30/2024,ZAAUTO2024-1-00295,ZAAUTO2024-1,0,Current,Current,657973.91,0,0,9/26/2024,18113.59,FALSE,Same,FALSE,FALSE,Standard,0,Static
12/30/2023,ZAAUTO2024-1-00296,ZAAUTO2024-1,0,Current,Current,1691551.53,0,0,12/22/2023,61814.25,FALSE,Same,FALSE,FALSE,Standard,0,Static
1/30/2024,ZAAUTO2024-1-00296,ZAAUTO2024-1,0,Current,Current,1589037.98,0,0,1/7/2024,62151.32,FALSE,Same,FALSE,FALSE,Standard,0,Static
2/28/2024,ZAAUTO2024-1-00296,ZAAUTO2024-1,0,Current,Current,1552482.64,0,0,2/2/2024,57978.43,FALSE,Same,FALSE,FALSE,Standard,0,Static
3/30/2024,ZAAUTO2024-1-00296,ZAAUTO2024-1,0,Current,Current,1546982.28,0,0,3/29/2024,57360.49,FALSE,Same,FALSE,FALSE,Standard,0,Static
4/30/2024,ZAAUTO2024-1-00296,ZAAUTO2024-1,0,Current,Current,1509561.33,0,0,4/29/2024,56461.41,FALSE,Same,FALSE,FALSE,Standard,0,Static
5/30/2024,ZAAUTO2024-1-00296,ZAAUTO2024-1,0,Current,Current,1545473.19,0,0,5/21/2024,58590.4,FALSE,Same,FALSE,FALSE,Standard,0,Static
5/30/2024,ZAAUTO2024-1-00296,ZAAUTO2024-1,0,Current,Current,1498660.62,0,0,5/22/2024,60399.28,FALSE,Same,FALSE,FALSE,Standard,0,Static
6/30/2024,ZAAUTO2024-1-00296,ZAAUTO2024-1,0,Current,Current,1441761.26,0,0,6/15/2024,55795.97,FALSE,Same,FALSE,FALSE,Standard,0,Static
7/30/2024,ZAAUTO2024-1-00296,ZAAUTO2024-1,0,Current,Current,1476450.76,0,0,7/2/2024,56800.69,FALSE,Same,FALSE,FALSE,Standard,0,Static
8/30/2024,ZAAUTO2024-1-00296,ZAAUTO2024-1,0,Current,Current,1398752.34,0,0,8/1/2024,57878.47,FALSE,Same,FALSE,FALSE,Standard,0,Static
9/30/2024,ZAAUTO2024-1-00296,ZAAUTO2024-1,0,Current,Current,1353085.44,0,0,9/22/2024,58280.27,FALSE,Same,FALSE,FALSE,Standard,0,Static
10/30/2024,ZAAUTO2024-1-00296,ZAAUTO2024-1,0,Current,Current,1312126.6,0,0,10/21/2024,62651.78,FALSE,Same,FALSE,FALSE,Standard,0,Static
12/30/2023,ZAAUTO2024-1-00297,ZAAUTO2024-1,0,Current,Current,447367.6,0,0,11/30/2023,10967.49,FALSE,Same,FALSE,FALSE,Standard,0,Static
1/30/2024,ZAAUTO2024-1-00297,ZAAUTO2024-1,0,Current,Current,419395.42,0,0,1/11/2024,12511.51,FALSE,Same,FALSE,FALSE,Standard,0,Static
2/28/2024,ZAAUTO2024-1-00297,ZAAUTO2024-1,0,Current,Current,405125.05,0,0,2/22/2024,11108.8,FALSE,Same,FALSE,FALSE,Standard,0,Static
3/30/2024,ZAAUTO2024-1-00297,ZAAUTO2024-1,0,Current,Current,411556.35,0,0,3/13/2024,10953.26,FALSE,Same,FALSE,FALSE,Standard,0,Static
4/30/2024,ZAAUTO2024-1-00297,ZAAUTO2024-1,0,Current,Current,396237.52,0,0,3/28/2024,11516.08,FALSE,Same,FALSE,FALSE,Standard,0,Static
5/30/2024,ZAAUTO2024-1-00297,ZAAUTO2024-1,0,Current,Current,385048.41,0,0,5/9/2024,12288.33,FALSE,Same,FALSE,FALSE,Standard,0,Static
5/30/2024,ZAAUTO2024-1-00297,ZAAUTO2024-1,0,Current,Current,375899.66,0,0,5/10/2024,11360.02,FALSE,Same,FALSE,FALSE,Standard,0,Static
6/30/2024,ZAAUTO2024-1-00297,ZAAUTO2024-1,0,Current,Current,355732.83,0,0,5/28/2024,11903.53,FALSE,Same,FALSE,FALSE,Standard,0,Static
7/30/2024,ZAAUTO2024-1-00297,ZAAUTO2024-1,0,Current,Current,367713.41,0,0,6/29/2024,11628.4,FALSE,Same,FALSE,FALSE,Standard,0,Static
8/30/2024,ZAAUTO2024-1-00297,ZAAUTO2024-1,0,Current,Current,348799.58,0,0,7/26/2024,12162.08,FALSE,Same,FALSE,FALSE,Standard,0,Static
9/30/2024,ZAAUTO2024-1-00297,ZAAUTO2024-1,0,Current,Current,340548.56,0,0,9/26/2024,12650.07,FALSE,Same,FALSE,FALSE,Standard,0,Static
10/30/2024,ZAAUTO2024-1-00297,ZAAUTO2024-1,64,60-89 DPD,Current,339583.42,24100.04,2,10/6/2024,2387,FALSE,Worse,FALSE,FALSE,SMA-2,1,Roll
12/30/2023,ZAAUTO2024-1-00298,ZAAUTO2024-1,0,Current,Current,2279733.01,0,0,12/4/2023,53939.4,FALSE,Same,FALSE,FALSE,Standard,0,Static
1/30/2024,ZAAUTO2024-1-00298,ZAAUTO2024-1,0,Current,Current,2287418.06,0,0,1/21/2024,52770.31,FALSE,Same,FALSE,FALSE,Standard,0,Static
2/28/2024,ZAAUTO2024-1-00298,ZAAUTO2024-1,0,Current,Current,2271949.87,0,0,2/15/2024,49269.67,FALSE,Same,FALSE,FALSE,Standard,0,Static
3/30/2024,ZAAUTO2024-1-00298,ZAAUTO2024-1,0,Current,Current,2152625.37,0,0,3/28/2024,51445.05,FALSE,Same,FALSE,FALSE,Standard,0,Static
4/30/2024,ZAAUTO2024-1-00298,ZAAUTO2024-1,0,Current,Current,2178506.71,0,0,4/26/2024,51063.96,FALSE,Same,FALSE,FALSE,Standard,0,Static
5/30/2024,ZAAUTO2024-1-00298,ZAAUTO2024-1,0,Current,Current,2204466.22,0,0,5/20/2024,56858.57,FALSE,Same,FALSE,FALSE,Standard,0,Static
5/30/2024,ZAAUTO2024-1-00298,ZAAUTO2024-1,0,Current,Current,2100420.73,0,0,5/25/2024,54761.48,FALSE,Same,FALSE,FALSE,Standard,0,Static
6/30/2024,ZAAUTO2024-1-00298,ZAAUTO2024-1,0,Current,Current,2107157.4,0,0,6/9/2024,54329.44,FALSE,Same,FALSE,FALSE,Standard,0,Static
7/30/2024,ZAAUTO2024-1-00298,ZAAUTO2024-1,0,Current,Current,2090476.42,0,0,6/30/2024,57111.85,FALSE,Same,FALSE,FALSE,Standard,0,Static
8/30/2024,ZAAUTO2024-1-00298,ZAAUTO2024-1,0,Current,Current,1947625.03,0,0,7/26/2024,53763.93,FALSE,Same,FALSE,FALSE,Standard,0,Static
9/30/2024,ZAAUTO2024-1-00298,ZAAUTO2024-1,0,Current,Current,1997175.72,0,0,9/9/2024,54450.35,FALSE,Same,FALSE,FALSE,Standard,0,Static
10/30/2024,ZAAUTO2024-1-00298,ZAAUTO2024-1,0,Current,Current,1878448.84,0,0,10/21/2024,54747.81,FALSE,Same,FALSE,FALSE,Standard,0,Static
12/30/2023,ZAAUTO2024-1-00299,ZAAUTO2024-1,0,Current,Current,751100,0,0,12/5/2023,11844.05,FALSE,Same,FALSE,FALSE,Standard,0,Static
1/30/2024,ZAAUTO2024-1-00299,ZAAUTO2024-1,0,Current,Current,751100,0,0,1/14/2024,11952.11,FALSE,Same,FALSE,FALSE,Standard,0,Static
2/28/2024,ZAAUTO2024-1-00299,ZAAUTO2024-1,0,Current,Current,751100,0,0,2/14/2024,13396.57,FALSE,Same,FALSE,FALSE,Standard,0,Static
3/30/2024,ZAAUTO2024-1-00299,ZAAUTO2024-1,0,Current,Current,751100,0,0,3/15/2024,12652.53,FALSE,Same,FALSE,FALSE,Standard,0,Static
4/30/2024,ZAAUTO2024-1-00299,ZAAUTO2024-1,0,Current,Current,751100,0,0,4/24/2024,13108.64,FALSE,Same,FALSE,FALSE,Standard,0,Static
5/30/2024,ZAAUTO2024-1-00299,ZAAUTO2024-1,0,Current,Current,751100,0,0,5/4/2024,13196.99,FALSE,Same,FALSE,FALSE,Standard,0,Static
5/30/2024,ZAAUTO2024-1-00299,ZAAUTO2024-1,0,Current,Current,751100,0,0,5/9/2024,12329.06,FALSE,Same,FALSE,FALSE,Standard,0,Static
6/30/2024,ZAAUTO2024-1-00299,ZAAUTO2024-1,0,Current,Current,737189.04,0,0,5/31/2024,13600.13,FALSE,Same,FALSE,FALSE,Standard,0,Static
7/30/2024,ZAAUTO2024-1-00299,ZAAUTO2024-1,0,Current,Current,748397.36,0,0,7/10/2024,13556.35,FALSE,Same,FALSE,FALSE,Standard,0,Static
8/30/2024,ZAAUTO2024-1-00299,ZAAUTO2024-1,0,Current,Current,705788.74,0,0,8/5/2024,13338.97,FALSE,Same,FALSE,FALSE,Standard,0,Static
9/30/2024,ZAAUTO2024-1-00299,ZAAUTO2024-1,5,1-29 DPD,Current,713263.89,13048.52,1,9/29/2024,2613.25,FALSE,Worse,FALSE,FALSE,SMA-0,1,Roll
10/30/2024,ZAAUTO2024-1-00299,ZAAUTO2024-1,12,1-29 DPD,1-29 DPD,687371.75,13048.52,1,10/15/2024,3809.02,FALSE,Same,FALSE,FALSE,SMA-0,2,Static
12/30/2023,ZAAUTO2024-1-00300,ZAAUTO2024-1,0,Current,Current,1620900,0,0,12/24/2023,27709.69,FALSE,Same,FALSE,FALSE,Standard,0,Static
1/30/2024,ZAAUTO2024-1-00300,ZAAUTO2024-1,0,Current,Current,1620900,0,0,1/30/2024,28019.28,FALSE,Same,FALSE,FALSE,Standard,0,Static
2/28/2024,ZAAUTO2024-1-00300,ZAAUTO2024-1,0,Current,Current,1620900,0,0,2/23/2024,31592.63,FALSE,Same,FALSE,FALSE,Standard,0,Static
3/30/2024,ZAAUTO2024-1-00300,ZAAUTO2024-1,0,Current,Current,1620900,0,0,3/21/2024,31854.43,FALSE,Same,FALSE,FALSE,Standard,0,Static
4/30/2024,ZAAUTO2024-1-00300,ZAAUTO2024-1,0,Current,Current,1563193.2,0,0,4/19/2024,27484.58,FALSE,Same,FALSE,FALSE,Standard,0,Static
5/30/2024,ZAAUTO2024-1-00300,ZAAUTO2024-1,0,Current,Current,1572920.73,0,0,5/7/2024,30427.97,FALSE,Same,FALSE,FALSE,Standard,0,Static
5/30/2024,ZAAUTO2024-1-00300,ZAAUTO2024-1,0,Current,Current,1619363.16,0,0,5/8/2024,30370.2,FALSE,Same,FALSE,FALSE,Standard,0,Static
6/30/2024,ZAAUTO2024-1-00300,ZAAUTO2024-1,0,Current,Current,1503291.74,0,0,6/20/2024,31403.58,FALSE,Same,FALSE,FALSE,Standard,0,Static
7/30/2024,ZAAUTO2024-1-00300,ZAAUTO2024-1,0,Current,Current,1506334.75,0,0,7/28/2024,31874.83,FALSE,Same,FALSE,FALSE,Standard,0,Static
8/30/2024,ZAAUTO2024-1-00300,ZAAUTO2024-1,3,1-29 DPD,Current,1552858.75,30372.97,1,8/30/2024,14969.56,FALSE,Worse,FALSE,FALSE,SMA-0,1,Roll
9/30/2024,ZAAUTO2024-1-00300,ZAAUTO2024-1,7,1-29 DPD,1-29 DPD,1507230.97,30372.97,1,9/5/2024,15019.88,FALSE,Same,FALSE,FALSE,SMA-0,2,Static
10/30/2024,ZAAUTO2024-1-00300,ZAAUTO2024-1,0,Current,1-29 DPD,1451898.38,0,0,10/13/2024,30039.04,TRUE,Better,FALSE,FALSE,Standard,0,Cure
12/30/2023,ZAAUTO2024-1-00301,ZAAUTO2024-1,0,Current,Current,500932.9,0,0,12/28/2023,21961.85,FALSE,Same,FALSE,FALSE,Standard,0,Static
1/30/2024,ZAAUTO2024-1-00301,ZAAUTO2024-1,0,Current,Current,475299.02,0,0,1/20/2024,22997.58,FALSE,Same,FALSE,FALSE,Standard,0,Static
2/28/2024,ZAAUTO2024-1-00301,ZAAUTO2024-1,0,Current,Current,477635.79,0,0,2/6/2024,23879.7,FALSE,Same,FALSE,FALSE,Standard,0,Static
3/30/2024,ZAAUTO2024-1-00301,ZAAUTO2024-1,0,Current,Current,447606.28,0,0,3/5/2024,22046.27,FALSE,Same,FALSE,FALSE,Standard,0,Static
4/30/2024,ZAAUTO2024-1-00301,ZAAUTO2024-1,0,Current,Current,453842.4,0,0,4/11/2024,22899.16,FALSE,Same,FALSE,FALSE,Standard,0,Static
5/30/2024,ZAAUTO2024-1-00301,ZAAUTO2024-1,0,Current,Current,418107.94,0,0,5/1/2024,21121.38,FALSE,Same,FALSE,FALSE,Standard,0,Static
5/30/2024,ZAAUTO2024-1-00301,ZAAUTO2024-1,0,Current,Current,403279.02,0,0,5/25/2024,20812.32,FALSE,Same,FALSE,FALSE,Standard,0,Static
6/30/2024,ZAAUTO2024-1-00301,ZAAUTO2024-1,0,Current,Current,410589.73,0,0,6/21/2024,20980.38,FALSE,Same,FALSE,FALSE,Standard,0,Static
7/30/2024,ZAAUTO2024-1-00301,ZAAUTO2024-1,0,Current,Current,385044.2,0,0,7/21/2024,23093.29,FALSE,Same,FALSE,FALSE,Standard,0,Static
8/30/2024,ZAAUTO2024-1-00301,ZAAUTO2024-1,0,Current,Current,367200.77,0,0,8/9/2024,22972.91,FALSE,Same,FALSE,FALSE,Standard,0,Static
9/30/2024,ZAAUTO2024-1-00301,ZAAUTO2024-1,0,Current,Current,361510.73,0,0,8/31/2024,22105.93,FALSE,Same,FALSE,FALSE,Standard,0,Static
10/30/2024,ZAAUTO2024-1-00301,ZAAUTO2024-1,0,Current,Current,336725.39,0,0,9/25/2024,23116,FALSE,Same,FALSE,FALSE,Standard,0,Static
12/30/2023,ZAAUTO2024-1-00302,ZAAUTO2024-1,0,Current,Current,855980.8,0,0,12/1/2023,24444.15,FALSE,Same,FALSE,FALSE,Standard,0,Static
1/30/2024,ZAAUTO2024-1-00302,ZAAUTO2024-1,0,Current,Current,813843.14,0,0,1/10/2024,23677.91,FALSE,Same,FALSE,FALSE,Standard,0,Static
2/28/2024,ZAAUTO2024-1-00302,ZAAUTO2024-1,0,Current,Current,820251.52,0,0,2/1/2024,24444.43,FALSE,Same,FALSE,FALSE,Standard,0,Static
3/30/2024,ZAAUTO2024-1-00302,ZAAUTO2024-1,0,Current,Current,810224.14,0,0,3/19/2024,22054.59,FALSE,Same,FALSE,FALSE,Standard,0,Static
4/30/2024,ZAAUTO2024-1-00302,ZAAUTO2024-1,0,Current,Current,782552.27,0,0,4/14/2024,23553.78,FALSE,Same,FALSE,FALSE,Standard,0,Static
5/30/2024,ZAAUTO2024-1-00302,ZAAUTO2024-1,0,Current,Current,748847.49,0,0,5/9/2024,22571.24,FALSE,Same,FALSE,FALSE,Standard,0,Static
5/30/2024,ZAAUTO2024-1-00302,ZAAUTO2024-1,0,Current,Current,751964.72,0,0,5/15/2024,23909.83,FALSE,Same,FALSE,FALSE,Standard,0,Static
6/30/2024,ZAAUTO2024-1-00302,ZAAUTO2024-1,0,Current,Current,714174.96,0,0,6/13/2024,25358.2,FALSE,Same,FALSE,FALSE,Standard,0,Static
7/30/2024,ZAAUTO2024-1-00302,ZAAUTO2024-1,0,Current,Current,707776.83,0,0,7/4/2024,22168.44,FALSE,Same,FALSE,FALSE,Standard,0,Static
8/30/2024,ZAAUTO2024-1-00302,ZAAUTO2024-1,0,Current,Current,655584.33,0,0,8/7/2024,24638.86,FALSE,Same,FALSE,FALSE,Standard,0,Static
9/30/2024,ZAAUTO2024-1-00302,ZAAUTO2024-1,55,30-59 DPD,Current,667110.31,24474.76,1,9/9/2024,40.2,FALSE,Worse,FALSE,FALSE,SMA-1,1,Roll
10/30/2024,ZAAUTO2024-1-00302,ZAAUTO2024-1,75,60-89 DPD,30-59 DPD,656572.18,48949.52,2,9/28/2024,2962.13,FALSE,Worse,FALSE,FALSE,SMA-2,2,Roll
12/30/2023,ZAAUTO2024-1-00303,ZAAUTO2024-1,0,Current,Current,282970.04,0,0,12/28/2023,8725.13,FALSE,Same,FALSE,FALSE,Standard,0,Static
1/30/2024,ZAAUTO2024-1-00303,ZAAUTO2024-1,0,Current,Current,275417.42,0,0,12/26/2023,8502.42,FALSE,Same,FALSE,FALSE,Standard,0,Static
2/28/2024,ZAAUTO2024-1-00303,ZAAUTO2024-1,0,Current,Current,273315.08,0,0,1/30/2024,8170.34,FALSE,Same,FALSE,FALSE,Standard,0,Static
3/30/2024,ZAAUTO2024-1-00303,ZAAUTO2024-1,0,Current,Current,253740.07,0,0,3/4/2024,8906.75,FALSE,Same,FALSE,FALSE,Standard,0,Static
4/30/2024,ZAAUTO2024-1-00303,ZAAUTO2024-1,0,Current,Current,257844.62,0,0,4/26/2024,8751.57,FALSE,Same,FALSE,FALSE,Standard,0,Static
5/30/2024,ZAAUTO2024-1-00303,ZAAUTO2024-1,0,Current,Current,248910.69,0,0,5/1/2024,9345.76,FALSE,Same,FALSE,FALSE,Standard,0,Static
5/30/2024,ZAAUTO2024-1-00303,ZAAUTO2024-1,0,Current,Current,237013.21,0,0,5/16/2024,9357.91,FALSE,Same,FALSE,FALSE,Standard,0,Static
6/30/2024,ZAAUTO2024-1-00303,ZAAUTO2024-1,0,Current,Current,233420.19,0,0,6/16/2024,8717.45,FALSE,Same,FALSE,FALSE,Standard,0,Static
7/30/2024,ZAAUTO2024-1-00303,ZAAUTO2024-1,0,Current,Current,217661.85,0,0,7/28/2024,9214.15,FALSE,Same,FALSE,FALSE,Standard,0,Static
8/30/2024,ZAAUTO2024-1-00303,ZAAUTO2024-1,0,Current,Current,216152.47,0,0,8/14/2024,8643.84,FALSE,Same,FALSE,FALSE,Standard,0,Static
9/30/2024,ZAAUTO2024-1-00303,ZAAUTO2024-1,0,Current,Current,199124.9,0,0,9/16/2024,8164.97,FALSE,Same,FALSE,FALSE,Standard,0,Static
10/30/2024,ZAAUTO2024-1-00303,ZAAUTO2024-1,0,Current,Current,205594.72,0,0,10/2/2024,8433.2,FALSE,Same,FALSE,FALSE,Standard,0,Static
12/30/2023,ZAAUTO2024-1-00304,ZAAUTO2024-1,0,Current,Current,557373.55,0,0,12/27/2023,14144.42,FALSE,Same,FALSE,FALSE,Standard,0,Static
1/30/2024,ZAAUTO2024-1-00304,ZAAUTO2024-1,0,Current,Current,538675.18,0,0,12/27/2023,14502.9,FALSE,Same,FALSE,FALSE,Standard,0,Static
2/28/2024,ZAAUTO2024-1-00304,ZAAUTO2024-1,0,Current,Current,517124.84,0,0,2/21/2024,14925.16,FALSE,Same,FALSE,FALSE,Standard,0,Static
3/30/2024,ZAAUTO2024-1-00304,ZAAUTO2024-1,0,Current,Current,530042.15,0,0,3/6/2024,14284.02,FALSE,Same,FALSE,FALSE,Standard,0,Static
4/30/2024,ZAAUTO2024-1-00304,ZAAUTO2024-1,0,Current,Current,497770.34,0,0,3/27/2024,14491.61,FALSE,Same,FALSE,FALSE,Standard,0,Static
5/30/2024,ZAAUTO2024-1-00304,ZAAUTO2024-1,0,Current,Current,476305.74,0,0,5/3/2024,13236.62,FALSE,Same,FALSE,FALSE,Standard,0,Static
5/30/2024,ZAAUTO2024-1-00304,ZAAUTO2024-1,0,Current,Current,487803.66,0,0,4/30/2024,13108.2,FALSE,Same,FALSE,FALSE,Standard,0,Static
6/30/2024,ZAAUTO2024-1-00304,ZAAUTO2024-1,0,Current,Current,459774.04,0,0,6/14/2024,13431.14,FALSE,Same,FALSE,FALSE,Standard,0,Static
7/30/2024,ZAAUTO2024-1-00304,ZAAUTO2024-1,0,Current,Current,454809.52,0,0,7/14/2024,13967.94,FALSE,Same,FALSE,FALSE,Standard,0,Static
8/30/2024,ZAAUTO2024-1-00304,ZAAUTO2024-1,29,1-29 DPD,Current,448693.58,14514.61,1,8/20/2024,3147.61,FALSE,Worse,FALSE,FALSE,SMA-0,1,Roll
9/30/2024,ZAAUTO2024-1-00304,ZAAUTO2024-1,54,30-59 DPD,1-29 DPD,453994.54,14514.61,1,9/11/2024,8690.35,FALSE,Worse,FALSE,FALSE,SMA-1,2,Roll
10/30/2024,ZAAUTO2024-1-00304,ZAAUTO2024-1,82,60-89 DPD,30-59 DPD,431395.46,29029.22,2,10/26/2024,663.83,FALSE,Worse,FALSE,FALSE,SMA-2,3,Roll
12/30/2023,ZAAUTO2024-1-00305,ZAAUTO2024-1,0,Current,Current,459094.06,0,0,11/26/2023,20603.15,FALSE,Same,FALSE,FALSE,Standard,0,Static
1/30/2024,ZAAUTO2024-1-00305,ZAAUTO2024-1,0,Current,Current,434565.83,0,0,1/13/2024,21623.54,FALSE,Same,FALSE,FALSE,Standard,0,Static
2/28/2024,ZAAUTO2024-1-00305,ZAAUTO2024-1,0,Current,Current,429604.54,0,0,2/23/2024,20246.05,FALSE,Same,FALSE,FALSE,Standard,0,Static
3/30/2024,ZAAUTO2024-1-00305,ZAAUTO2024-1,0,Current,Current,418159.34,0,0,3/18/2024,20858.11,FALSE,Same,FALSE,FALSE,Standard,0,Static
4/30/2024,ZAAUTO2024-1-00305,ZAAUTO2024-1,0,Current,Current,401739.17,0,0,4/29/2024,22023.23,FALSE,Same,FALSE,FALSE,Standard,0,Static
5/30/2024,ZAAUTO2024-1-00305,ZAAUTO2024-1,0,Current,Current,399868.04,0,0,5/25/2024,22282,FALSE,Same,FALSE,FALSE,Standard,0,Static
5/30/2024,ZAAUTO2024-1-00305,ZAAUTO2024-1,0,Current,Current,374742.15,0,0,5/9/2024,19631.33,FALSE,Same,FALSE,FALSE,Standard,0,Static
6/30/2024,ZAAUTO2024-1-00305,ZAAUTO2024-1,27,1-29 DPD,Current,376439.53,21244.86,1,6/18/2024,6101.83,FALSE,Worse,FALSE,FALSE,SMA-0,1,Roll
7/30/2024,ZAAUTO2024-1-00305,ZAAUTO2024-1,0,Current,1-29 DPD,369749.34,0,0,7/8/2024,19215.3,TRUE,Better,FALSE,FALSE,Standard,0,Cure
8/30/2024,ZAAUTO2024-1-00305,ZAAUTO2024-1,0,Current,Current,355098.19,0,0,8/3/2024,19450.42,FALSE,Same,FALSE,FALSE,Standard,0,Static
9/30/2024,ZAAUTO2024-1-00305,ZAAUTO2024-1,0,Current,Current,334170.29,0,0,9/5/2024,19797.11,FALSE,Same,FALSE,FALSE,Standard,0,Static
10/30/2024,ZAAUTO2024-1-00305,ZAAUTO2024-1,0,Current,Current,314278.94,0,0,9/30/2024,21585.19,FALSE,Same,FALSE,FALSE,Standard,0,Static
12/30/2023,ZAAUTO2024-1-00306,ZAAUTO2024-1,0,Current,Current,2240700,0,0,12/2/2023,68703.73,FALSE,Same,FALSE,FALSE,Standard,0,Static
1/30/2024,ZAAUTO2024-1-00306,ZAAUTO2024-1,0,Current,Current,2240700,0,0,1/29/2024,77581.16,FALSE,Same,FALSE,FALSE,Standard,0,Static
2/28/2024,ZAAUTO2024-1-00306,ZAAUTO2024-1,0,Current,Current,2240700,0,0,2/7/2024,71229.05,FALSE,Same,FALSE,FALSE,Standard,0,Static
3/30/2024,ZAAUTO2024-1-00306,ZAAUTO2024-1,0,Current,Current,2240700,0,0,3/10/2024,76186.06,FALSE,Same,FALSE,FALSE,Standard,0,Static
4/30/2024,ZAAUTO2024-1-00306,ZAAUTO2024-1,0,Current,Current,2238423.96,0,0,4/24/2024,73217.69,FALSE,Same,FALSE,FALSE,Standard,0,Static
5/30/2024,ZAAUTO2024-1-00306,ZAAUTO2024-1,0,Current,Current,2240700,0,0,5/23/2024,73198.12,FALSE,Same,FALSE,FALSE,Standard,0,Static
5/30/2024,ZAAUTO2024-1-00306,ZAAUTO2024-1,0,Current,Current,2235965.82,0,0,4/25/2024,77675.24,FALSE,Same,FALSE,FALSE,Standard,0,Static
6/30/2024,ZAAUTO2024-1-00306,ZAAUTO2024-1,0,Current,Current,2240700,0,0,6/9/2024,67945.12,FALSE,Same,FALSE,FALSE,Standard,0,Static
7/30/2024,ZAAUTO2024-1-00306,ZAAUTO2024-1,26,1-29 DPD,Current,2101753.08,74017.28,1,7/10/2024,10926.62,FALSE,Worse,FALSE,FALSE,SMA-0,1,Roll
8/30/2024,ZAAUTO2024-1-00306,ZAAUTO2024-1,0,Current,1-29 DPD,2146518.53,0,0,8/3/2024,69873.62,TRUE,Better,FALSE,FALSE,Standard,0,Cure
9/30/2024,ZAAUTO2024-1-00306,ZAAUTO2024-1,0,Current,Current,2161493.98,0,0,9/27/2024,77041.43,FALSE,Same,FALSE,FALSE,Standard,0,Static
10/30/2024,ZAAUTO2024-1-00306,ZAAUTO2024-1,0,Current,Current,2098965.41,0,0,10/22/2024,74341.92,FALSE,Same,FALSE,FALSE,Standard,0,Static
12/30/2023,ZAAUTO2024-1-00307,ZAAUTO2024-1,0,Current,Current,1386462.06,0,0,12/19/2023,53323.75,FALSE,Same,FALSE,FALSE,Standard,0,Static
1/30/2024,ZAAUTO2024-1-00307,ZAAUTO2024-1,0,Current,Current,1413968.11,0,0,12/28/2023,52458.61,FALSE,Same,FALSE,FALSE,Standard,0,Static
2/28/2024,ZAAUTO2024-1-00307,ZAAUTO2024-1,0,Current,Current,1381287.68,0,0,2/5/2024,48569.39,FALSE,Same,FALSE,FALSE,Standard,0,Static
3/30/2024,ZAAUTO2024-1-00307,ZAAUTO2024-1,0,Current,Current,1361885.77,0,0,3/9/2024,50197.57,FALSE,Same,FALSE,FALSE,Standard,0,Static
4/30/2024,ZAAUTO2024-1-00307,ZAAUTO2024-1,0,Current,Current,1252854.74,0,0,4/17/2024,52294.33,FALSE,Same,FALSE,FALSE,Standard,0,Static
5/30/2024,ZAAUTO2024-1-00307,ZAAUTO2024-1,3,1-29 DPD,Current,1233120.86,52965.17,1,5/13/2024,9898.83,FALSE,Worse,FALSE,FALSE,SMA-0,1,Roll
5/30/2024,ZAAUTO2024-1-00307,ZAAUTO2024-1,25,1-29 DPD,1-29 DPD,1231313.54,52965.17,1,4/26/2024,29013.47,FALSE,Same,FALSE,FALSE,SMA-0,2,Static
6/30/2024,ZAAUTO2024-1-00307,ZAAUTO2024-1,0,Current,1-29 DPD,1161015.79,0,0,5/26/2024,55098.68,TRUE,Better,FALSE,FALSE,Standard,0,Cure
7/30/2024,ZAAUTO2024-1-00307,ZAAUTO2024-1,0,Current,Current,1197294.43,0,0,6/26/2024,50029.89,FALSE,Same,FALSE,FALSE,Standard,0,Static
8/30/2024,ZAAUTO2024-1-00307,ZAAUTO2024-1,18,1-29 DPD,Current,1149176.2,52965.17,1,8/24/2024,28452.65,FALSE,Worse,FALSE,FALSE,SMA-0,1,Roll
9/30/2024,ZAAUTO2024-1-00307,ZAAUTO2024-1,0,Current,1-29 DPD,1126088.72,0,0,9/28/2024,50146.57,TRUE,Better,FALSE,FALSE,Standard,0,Cure
10/30/2024,ZAAUTO2024-1-00307,ZAAUTO2024-1,0,Current,Current,1104986.97,0,0,10/25/2024,52895.5,FALSE,Same,FALSE,FALSE,Standard,0,Static
12/30/2023,ZAAUTO2024-1-00308,ZAAUTO2024-1,0,Current,Current,360500,0,0,11/25/2023,7091.1,FALSE,Same,FALSE,FALSE,Standard,0,Static
1/30/2024,ZAAUTO2024-1-00308,ZAAUTO2024-1,0,Current,Current,360500,0,0,1/9/2024,6343.79,FALSE,Same,FALSE,FALSE,Standard,0,Static
2/28/2024,ZAAUTO2024-1-00308,ZAAUTO2024-1,0,Current,Current,360500,0,0,2/22/2024,6819.4,FALSE,Same,FALSE,FALSE,Standard,0,Static
3/30/2024,ZAAUTO2024-1-00308,ZAAUTO2024-1,0,Current,Current,353187.1,0,0,3/17/2024,6920.1,FALSE,Same,FALSE,FALSE,Standard,0,Static
4/30/2024,ZAAUTO2024-1-00308,ZAAUTO2024-1,0,Current,Current,350856.37,0,0,3/29/2024,6416,FALSE,Same,FALSE,FALSE,Standard,0,Static
5/30/2024,ZAAUTO2024-1-00308,ZAAUTO2024-1,0,Current,Current,352768.62,0,0,4/27/2024,7070.58,FALSE,Same,FALSE,FALSE,Standard,0,Static
5/30/2024,ZAAUTO2024-1-00308,ZAAUTO2024-1,0,Current,Current,351672.37,0,0,5/18/2024,6677.29,FALSE,Same,FALSE,FALSE,Standard,0,Static
6/30/2024,ZAAUTO2024-1-00308,ZAAUTO2024-1,0,Current,Current,338024.34,0,0,6/3/2024,6387.63,FALSE,Same,FALSE,FALSE,Standard,0,Static
7/30/2024,ZAAUTO2024-1-00308,ZAAUTO2024-1,0,Current,Current,343135.1,0,0,7/18/2024,7019.11,FALSE,Same,FALSE,FALSE,Standard,0,Static
8/30/2024,ZAAUTO2024-1-00308,ZAAUTO2024-1,0,Current,Current,328869.76,0,0,8/22/2024,6586.65,FALSE,Same,FALSE,FALSE,Standard,0,Static
9/30/2024,ZAAUTO2024-1-00308,ZAAUTO2024-1,0,Current,Current,330579.35,0,0,9/12/2024,6447.65,FALSE,Same,FALSE,FALSE,Standard,0,Static
10/30/2024,ZAAUTO2024-1-00308,ZAAUTO2024-1,0,Current,Current,325806.82,0,0,10/23/2024,6897.63,FALSE,Same,FALSE,FALSE,Standard,0,Static
12/30/2023,ZAAUTO2024-1-00309,ZAAUTO2024-1,8,1-29 DPD,Current,1485435.6,54309.73,1,12/28/2023,7522.62,FALSE,Worse,FALSE,FALSE,SMA-0,1,Roll
1/30/2024,ZAAUTO2024-1-00309,ZAAUTO2024-1,0,Current,1-29 DPD,1456172.22,0,0,1/28/2024,54835.88,TRUE,Better,FALSE,FALSE,Standard,0,Cure
2/28/2024,ZAAUTO2024-1-00309,ZAAUTO2024-1,0,Current,Current,1458580.23,0,0,2/20/2024,56741.88,FALSE,Same,FALSE,FALSE,Standard,0,Static
3/30/2024,ZAAUTO2024-1-00309,ZAAUTO2024-1,0,Current,Current,1374798.42,0,0,3/23/2024,53559.51,FALSE,Same,FALSE,FALSE,Standard,0,Static
4/30/2024,ZAAUTO2024-1-00309,ZAAUTO2024-1,0,Current,Current,1368831.55,0,0,4/23/2024,55640.08,FALSE,Same,FALSE,FALSE,Standard,0,Static
5/30/2024,ZAAUTO2024-1-00309,ZAAUTO2024-1,0,Current,Current,1266135.22,0,0,5/24/2024,51659.61,FALSE,Same,FALSE,FALSE,Standard,0,Static
5/30/2024,ZAAUTO2024-1-00309,ZAAUTO2024-1,0,Current,Current,1263916.09,0,0,5/21/2024,54779.35,FALSE,Same,FALSE,FALSE,Standard,0,Static
6/30/2024,ZAAUTO2024-1-00309,ZAAUTO2024-1,0,Current,Current,1250804.78,0,0,6/7/2024,51527.27,FALSE,Same,FALSE,FALSE,Standard,0,Static
7/30/2024,ZAAUTO2024-1-00309,ZAAUTO2024-1,0,Current,Current,1175685.7,0,0,6/27/2024,54420.91,FALSE,Same,FALSE,FALSE,Standard,0,Static
8/30/2024,ZAAUTO2024-1-00309,ZAAUTO2024-1,0,Current,Current,1135807.51,0,0,8/18/2024,55866.43,FALSE,Same,FALSE,FALSE,Standard,0,Static
9/30/2024,ZAAUTO2024-1-00309,ZAAUTO2024-1,0,Current,Current,1070008.8,0,0,9/6/2024,51755.91,FALSE,Same,FALSE,FALSE,Standard,0,Static
10/30/2024,ZAAUTO2024-1-00309,ZAAUTO2024-1,0,Current,Current,1082597.45,0,0,10/15/2024,52869.82,FALSE,Same,FALSE,FALSE,Standard,0,Static
12/30/2023,ZAAUTO2024-1-00310,ZAAUTO2024-1,0,Current,Current,1544900,0,0,12/12/2023,25343.14,FALSE,Same,FALSE,FALSE,Standard,0,Static
1/30/2024,ZAAUTO2024-1-00310,ZAAUTO2024-1,0,Current,Current,1544900,0,0,1/30/2024,26125.73,FALSE,Same,FALSE,FALSE,Standard,0,Static
2/28/2024,ZAAUTO2024-1-00310,ZAAUTO2024-1,0,Current,Current,1544900,0,0,2/24/2024,26582.81,FALSE,Same,FALSE,FALSE,Standard,0,Static
3/30/2024,ZAAUTO2024-1-00310,ZAAUTO2024-1,0,Current,Current,1544900,0,0,3/16/2024,26029.31,FALSE,Same,FALSE,FALSE,Standard,0,Static
4/30/2024,ZAAUTO2024-1-00310,ZAAUTO2024-1,0,Current,Current,1544900,0,0,4/13/2024,27603.84,FALSE,Same,FALSE,FALSE,Standard,0,Static
5/30/2024,ZAAUTO2024-1-00310,ZAAUTO2024-1,0,Current,Current,1544900,0,0,5/13/2024,24863.38,FALSE,Same,FALSE,FALSE,Standard,0,Static
5/30/2024,ZAAUTO2024-1-00310,ZAAUTO2024-1,0,Current,Current,1544900,0,0,5/22/2024,24284.98,FALSE,Same,FALSE,FALSE,Standard,0,Static
6/30/2024,ZAAUTO2024-1-00310,ZAAUTO2024-1,0,Current,Current,1544900,0,0,5/30/2024,25767.94,FALSE,Same,FALSE,FALSE,Standard,0,Static
7/30/2024,ZAAUTO2024-1-00310,ZAAUTO2024-1,0,Current,Current,1544900,0,0,6/25/2024,26272.9,FALSE,Same,FALSE,FALSE,Standard,0,Static
8/30/2024,ZAAUTO2024-1-00310,ZAAUTO2024-1,0,Current,Current,1544900,0,0,8/23/2024,25296.11,FALSE,Same,FALSE,FALSE,Standard,0,Static
9/30/2024,ZAAUTO2024-1-00310,ZAAUTO2024-1,0,Current,Current,1507758.11,0,0,9/14/2024,27000.22,FALSE,Same,FALSE,FALSE,Standard,0,Static
10/30/2024,ZAAUTO2024-1-00310,ZAAUTO2024-1,0,Current,Current,1474593.83,0,0,9/27/2024,27442.37,FALSE,Same,FALSE,FALSE,Standard,0,Static
12/30/2023,ZAAUTO2024-1-00311,ZAAUTO2024-1,0,Current,Current,298523.7,0,0,11/27/2023,9575.63,FALSE,Same,FALSE,FALSE,Standard,0,Static
1/30/2024,ZAAUTO2024-1-00311,ZAAUTO2024-1,0,Current,Current,286453.05,0,0,12/28/2023,8305.04,FALSE,Same,FALSE,FALSE,Standard,0,Static
2/28/2024,ZAAUTO2024-1-00311,ZAAUTO2024-1,0,Current,Current,284425.88,0,0,2/8/2024,9363.51,FALSE,Same,FALSE,FALSE,Standard,0,Static
3/30/2024,ZAAUTO2024-1-00311,ZAAUTO2024-1,0,Current,Current,272133.77,0,0,3/4/2024,9086.08,FALSE,Same,FALSE,FALSE,Standard,0,Static
4/30/2024,ZAAUTO2024-1-00311,ZAAUTO2024-1,0,Current,Current,249422.74,0,0,4/18/2024,8559.59,FALSE,Same,FALSE,FALSE,Standard,0,Static
5/30/2024,ZAAUTO2024-1-00311,ZAAUTO2024-1,0,Current,Current,254287.42,0,0,5/3/2024,8647.84,FALSE,Same,FALSE,FALSE,Standard,0,Static
5/30/2024,ZAAUTO2024-1-00311,ZAAUTO2024-1,0,Current,Current,246952.31,0,0,5/18/2024,9170.32,FALSE,Same,FALSE,FALSE,Standard,0,Static
6/30/2024,ZAAUTO2024-1-00311,ZAAUTO2024-1,0,Current,Current,236103.58,0,0,6/8/2024,8433.31,FALSE,Same,FALSE,FALSE,Standard,0,Static
7/30/2024,ZAAUTO2024-1-00311,ZAAUTO2024-1,0,Current,Current,224406.05,0,0,7/18/2024,9531.95,FALSE,Same,FALSE,FALSE,Standard,0,Static
8/30/2024,ZAAUTO2024-1-00311,ZAAUTO2024-1,0,Current,Current,213727.76,0,0,8/9/2024,8794.08,FALSE,Same,FALSE,FALSE,Standard,0,Static
9/30/2024,ZAAUTO2024-1-00311,ZAAUTO2024-1,0,Current,Current,211818.84,0,0,8/27/2024,8761.64,FALSE,Same,FALSE,FALSE,Standard,0,Static
10/30/2024,ZAAUTO2024-1-00311,ZAAUTO2024-1,0,Current,Current,195696.06,0,0,9/25/2024,8323.11,FALSE,Same,FALSE,FALSE,Standard,0,Static
12/30/2023,ZAAUTO2024-1-00312,ZAAUTO2024-1,0,Current,Current,796775.13,0,0,12/16/2023,31994.84,FALSE,Same,FALSE,FALSE,Standard,0,Static
1/30/2024,ZAAUTO2024-1-00312,ZAAUTO2024-1,7,1-29 DPD,Current,759175.97,31656,1,1/28/2024,4871.03,FALSE,Worse,FALSE,FALSE,SMA-0,1,Roll
2/28/2024,ZAAUTO2024-1-00312,ZAAUTO2024-1,0,Current,1-29 DPD,770043.09,0,0,2/2/2024,29061.53,TRUE,Better,FALSE,FALSE,Standard,0,Cure
3/30/2024,ZAAUTO2024-1-00312,ZAAUTO2024-1,0,Current,Current,718045.97,0,0,3/2/2024,32731.21,FALSE,Same,FALSE,FALSE,Standard,0,Static
4/30/2024,ZAAUTO2024-1-00312,ZAAUTO2024-1,0,Current,Current,690498.36,0,0,4/15/2024,31395.35,FALSE,Same,FALSE,FALSE,Standard,0,Static
5/30/2024,ZAAUTO2024-1-00312,ZAAUTO2024-1,0,Current,Current,672641.99,0,0,5/14/2024,32246.86,FALSE,Same,FALSE,FALSE,Standard,0,Static
5/30/2024,ZAAUTO2024-1-00312,ZAAUTO2024-1,0,Current,Current,676029.76,0,0,5/15/2024,28700.14,FALSE,Same,FALSE,FALSE,Standard,0,Static
6/30/2024,ZAAUTO2024-1-00312,ZAAUTO2024-1,0,Current,Current,664682.27,0,0,5/27/2024,29283.56,FALSE,Same,FALSE,FALSE,Standard,0,Static
7/30/2024,ZAAUTO2024-1-00312,ZAAUTO2024-1,0,Current,Current,649141.89,0,0,7/30/2024,32888.5,FALSE,Same,FALSE,FALSE,Standard,0,Static
8/30/2024,ZAAUTO2024-1-00312,ZAAUTO2024-1,0,Current,Current,618635.37,0,0,8/17/2024,32268.81,FALSE,Same,FALSE,FALSE,Standard,0,Static
9/30/2024,ZAAUTO2024-1-00312,ZAAUTO2024-1,0,Current,Current,617247.13,0,0,9/24/2024,28911.63,FALSE,Same,FALSE,FALSE,Standard,0,Static
10/30/2024,ZAAUTO2024-1-00312,ZAAUTO2024-1,0,Current,Current,585747.01,0,0,10/13/2024,28490.84,FALSE,Same,FALSE,FALSE,Standard,0,Static
12/30/2023,ZAAUTO2024-1-00313,ZAAUTO2024-1,0,Current,Current,582973.17,0,0,12/28/2023,13288.35,FALSE,Same,FALSE,FALSE,Standard,0,Static
1/30/2024,ZAAUTO2024-1-00313,ZAAUTO2024-1,0,Current,Current,571094.02,0,0,1/17/2024,12232.78,FALSE,Same,FALSE,FALSE,Standard,0,Static
2/28/2024,ZAAUTO2024-1-00313,ZAAUTO2024-1,0,Current,Current,564873.65,0,0,2/25/2024,13148.65,FALSE,Same,FALSE,FALSE,Standard,0,Static
3/30/2024,ZAAUTO2024-1-00313,ZAAUTO2024-1,0,Current,Current,551766.19,0,0,3/22/2024,11904.83,FALSE,Same,FALSE,FALSE,Standard,0,Static
4/30/2024,ZAAUTO2024-1-00313,ZAAUTO2024-1,24,1-29 DPD,Current,568432.04,13158.53,1,4/17/2024,2894.69,FALSE,Worse,FALSE,FALSE,SMA-0,1,Roll
5/30/2024,ZAAUTO2024-1-00313,ZAAUTO2024-1,0,Current,1-29 DPD,551646.24,0,0,5/11/2024,13490.28,TRUE,Better,FALSE,FALSE,Standard,0,Cure
5/30/2024,ZAAUTO2024-1-00313,ZAAUTO2024-1,0,Current,Current,528707.31,0,0,5/26/2024,13488.06,FALSE,Same,FALSE,FALSE,Standard,0,Static
6/30/2024,ZAAUTO2024-1-00313,ZAAUTO2024-1,0,Current,Current,508177.45,0,0,6/6/2024,11857.72,FALSE,Same,FALSE,FALSE,Standard,0,Static
7/30/2024,ZAAUTO2024-1-00313,ZAAUTO2024-1,12,1-29 DPD,Current,493450.95,13158.53,1,7/19/2024,5403.73,FALSE,Worse,FALSE,FALSE,SMA-0,1,Roll
8/30/2024,ZAAUTO2024-1-00313,ZAAUTO2024-1,29,1-29 DPD,1-29 DPD,496995,13158.53,1,8/25/2024,6035.17,FALSE,Same,FALSE,FALSE,SMA-0,2,Static
9/30/2024,ZAAUTO2024-1-00313,ZAAUTO2024-1,7,1-29 DPD,1-29 DPD,474496.5,13158.53,1,9/4/2024,856.14,FALSE,Same,FALSE,FALSE,SMA-0,3,Static
10/30/2024,ZAAUTO2024-1-00313,ZAAUTO2024-1,8,1-29 DPD,1-29 DPD,485647.72,13158.53,1,10/20/2024,2101.21,FALSE,Same,FALSE,FALSE,SMA-0,4,Static
12/30/2023,ZAAUTO2024-1-00314,ZAAUTO2024-1,18,1-29 DPD,Current,565810.34,10496.49,1,12/17/2023,6005.79,FALSE,Worse,FALSE,FALSE,SMA-0,1,Roll
1/30/2024,ZAAUTO2024-1-00314,ZAAUTO2024-1,0,Current,1-29 DPD,547563.13,0,0,1/2/2024,9886.4,TRUE,Better,FALSE,FALSE,Standard,0,Cure
2/28/2024,ZAAUTO2024-1-00314,ZAAUTO2024-1,9,1-29 DPD,Current,545665.18,10496.49,1,2/27/2024,1236.09,FALSE,Worse,FALSE,FALSE,SMA-0,1,Roll
3/30/2024,ZAAUTO2024-1-00314,ZAAUTO2024-1,10,1-29 DPD,1-29 DPD,527935.89,10496.49,1,2/25/2024,2927.69,FALSE,Same,FALSE,FALSE,SMA-0,2,Static
4/30/2024,ZAAUTO2024-1-00314,ZAAUTO2024-1,0,Current,1-29 DPD,508499.02,0,0,4/23/2024,10701.07,TRUE,Better,FALSE,FALSE,Standard,0,Cure
5/30/2024,ZAAUTO2024-1-00314,ZAAUTO2024-1,0,Current,Current,501139.47,0,0,5/27/2024,9808.56,FALSE,Same,FALSE,FALSE,Standard,0,Static
5/30/2024,ZAAUTO2024-1-00314,ZAAUTO2024-1,0,Current,Current,513066.12,0,0,5/23/2024,10328.65,FALSE,Same,FALSE,FALSE,Standard,0,Static
6/30/2024,ZAAUTO2024-1-00314,ZAAUTO2024-1,0,Current,Current,493217.39,0,0,6/22/2024,9530.02,FALSE,Same,FALSE,FALSE,Standard,0,Static
7/30/2024,ZAAUTO2024-1-00314,ZAAUTO2024-1,0,Current,Current,476907.2,0,0,7/16/2024,10704.76,FALSE,Same,FALSE,FALSE,Standard,0,Static
8/30/2024,ZAAUTO2024-1-00314,ZAAUTO2024-1,0,Current,Current,470249.59,0,0,8/27/2024,10247.33,FALSE,Same,FALSE,FALSE,Standard,0,Static
9/30/2024,ZAAUTO2024-1-00314,ZAAUTO2024-1,0,Current,Current,473730.05,0,0,9/26/2024,9827.07,FALSE,Same,FALSE,FALSE,Standard,0,Static
10/30/2024,ZAAUTO2024-1-00314,ZAAUTO2024-1,0,Current,Current,462944.71,0,0,10/9/2024,10273.56,FALSE,Same,FALSE,FALSE,Standard,0,Static
12/30/2023,ZAAUTO2024-1-00315,ZAAUTO2024-1,0,Current,Current,434257.16,0,0,12/2/2023,11508.46,FALSE,Same,FALSE,FALSE,Standard,0,Static
1/30/2024,ZAAUTO2024-1-00315,ZAAUTO2024-1,0,Current,Current,441539.95,0,0,12/27/2023,11525,FALSE,Same,FALSE,FALSE,Standard,0,Static
2/28/2024,ZAAUTO2024-1-00315,ZAAUTO2024-1,0,Current,Current,431864.25,0,0,1/30/2024,11685.12,FALSE,Same,FALSE,FALSE,Standard,0,Static
3/30/2024,ZAAUTO2024-1-00315,ZAAUTO2024-1,0,Current,Current,406764.89,0,0,3/9/2024,11429.85,FALSE,Same,FALSE,FALSE,Standard,0,Static
4/30/2024,ZAAUTO2024-1-00315,ZAAUTO2024-1,0,Current,Current,410242.38,0,0,4/29/2024,12842.65,FALSE,Same,FALSE,FALSE,Standard,0,Static
5/30/2024,ZAAUTO2024-1-00315,ZAAUTO2024-1,0,Current,Current,397273.14,0,0,5/29/2024,11531.59,FALSE,Same,FALSE,FALSE,Standard,0,Static
5/30/2024,ZAAUTO2024-1-00315,ZAAUTO2024-1,0,Current,Current,372187.5,0,0,5/25/2024,11529.69,FALSE,Same,FALSE,FALSE,Standard,0,Static
6/30/2024,ZAAUTO2024-1-00315,ZAAUTO2024-1,0,Current,Current,362423.84,0,0,6/24/2024,12205.15,FALSE,Same,FALSE,FALSE,Standard,0,Static
7/30/2024,ZAAUTO2024-1-00315,ZAAUTO2024-1,0,Current,Current,369971.35,0,0,7/7/2024,11481.57,FALSE,Same,FALSE,FALSE,Standard,0,Static
8/30/2024,ZAAUTO2024-1-00315,ZAAUTO2024-1,0,Current,Current,352444.36,0,0,8/29/2024,12736.36,FALSE,Same,FALSE,FALSE,Standard,0,Static
9/30/2024,ZAAUTO2024-1-00315,ZAAUTO2024-1,0,Current,Current,350256.77,0,0,9/10/2024,12091.54,FALSE,Same,FALSE,FALSE,Standard,0,Static
10/30/2024,ZAAUTO2024-1-00315,ZAAUTO2024-1,0,Current,Current,318852.29,0,0,9/28/2024,12596.81,FALSE,Same,FALSE,FALSE,Standard,0,Static
12/30/2023,ZAAUTO2024-1-00316,ZAAUTO2024-1,0,Current,Current,256311.13,0,0,11/28/2023,7779.78,FALSE,Same,FALSE,FALSE,Standard,0,Static
1/30/2024,ZAAUTO2024-1-00316,ZAAUTO2024-1,0,Current,Current,238618.99,0,0,1/6/2024,7600.27,FALSE,Same,FALSE,FALSE,Standard,0,Static
2/28/2024,ZAAUTO2024-1-00316,ZAAUTO2024-1,0,Current,Current,241795.4,0,0,1/30/2024,7080.24,FALSE,Same,FALSE,FALSE,Standard,0,Static
3/30/2024,ZAAUTO2024-1-00316,ZAAUTO2024-1,0,Current,Current,238375.75,0,0,3/30/2024,7827.22,FALSE,Same,FALSE,FALSE,Standard,0,Static
4/30/2024,ZAAUTO2024-1-00316,ZAAUTO2024-1,0,Current,Current,238094.53,0,0,4/6/2024,7455.15,FALSE,Same,FALSE,FALSE,Standard,0,Static
5/30/2024,ZAAUTO2024-1-00316,ZAAUTO2024-1,0,Current,Current,224220.51,0,0,5/7/2024,7899.9,FALSE,Same,FALSE,FALSE,Standard,0,Static
5/30/2024,ZAAUTO2024-1-00316,ZAAUTO2024-1,0,Current,Current,218263.75,0,0,5/21/2024,7525.44,FALSE,Same,FALSE,FALSE,Standard,0,Static
6/30/2024,ZAAUTO2024-1-00316,ZAAUTO2024-1,0,Current,Current,217814.18,0,0,6/15/2024,7534.59,FALSE,Same,FALSE,FALSE,Standard,0,Static
7/30/2024,ZAAUTO2024-1-00316,ZAAUTO2024-1,0,Current,Current,216359.99,0,0,6/28/2024,7317.09,FALSE,Same,FALSE,FALSE,Standard,0,Static
8/30/2024,ZAAUTO2024-1-00316,ZAAUTO2024-1,0,Current,Current,204288.9,0,0,8/27/2024,7479.65,FALSE,Same,FALSE,FALSE,Standard,0,Static
9/30/2024,ZAAUTO2024-1-00316,ZAAUTO2024-1,27,1-29 DPD,Current,197213.08,7832.66,1,9/6/2024,3428.82,FALSE,Worse,FALSE,FALSE,SMA-0,1,Roll
10/30/2024,ZAAUTO2024-1-00316,ZAAUTO2024-1,18,1-29 DPD,1-29 DPD,199979.53,7832.66,1,9/30/2024,249.25,FALSE,Same,FALSE,FALSE,SMA-0,2,Static
12/30/2023,ZAAUTO2024-1-00317,ZAAUTO2024-1,0,Current,Current,603895.17,0,0,12/26/2023,32071.47,FALSE,Same,FALSE,FALSE,Standard,0,Static
1/30/2024,ZAAUTO2024-1-00317,ZAAUTO2024-1,0,Current,Current,615475.19,0,0,1/23/2024,36328.85,FALSE,Same,FALSE,FALSE,Standard,0,Static
2/28/2024,ZAAUTO2024-1-00317,ZAAUTO2024-1,0,Current,Current,577035.82,0,0,1/26/2024,32407.77,FALSE,Same,FALSE,FALSE,Standard,0,Static
3/30/2024,ZAAUTO2024-1-00317,ZAAUTO2024-1,0,Current,Current,574431.99,0,0,2/26/2024,35658.15,FALSE,Same,FALSE,FALSE,Standard,0,Static
4/30/2024,ZAAUTO2024-1-00317,ZAAUTO2024-1,0,Current,Current,547537.17,0,0,4/14/2024,36841.62,FALSE,Same,FALSE,FALSE,Standard,0,Static
5/30/2024,ZAAUTO2024-1-00317,ZAAUTO2024-1,0,Current,Current,547318.77,0,0,4/25/2024,36769.09,FALSE,Same,FALSE,FALSE,Standard,0,Static
5/30/2024,ZAAUTO2024-1-00317,ZAAUTO2024-1,0,Current,Current,526534.71,0,0,5/15/2024,34478.94,FALSE,Same,FALSE,FALSE,Standard,0,Static
6/30/2024,ZAAUTO2024-1-00317,ZAAUTO2024-1,0,Current,Current,506971.95,0,0,6/18/2024,34545.92,FALSE,Same,FALSE,FALSE,Standard,0,Static
7/30/2024,ZAAUTO2024-1-00317,ZAAUTO2024-1,0,Current,Current,480843.29,0,0,7/13/2024,33031.99,FALSE,Same,FALSE,FALSE,Standard,0,Static
8/30/2024,ZAAUTO2024-1-00317,ZAAUTO2024-1,0,Current,Current,486936.17,0,0,8/21/2024,35436.63,FALSE,Same,FALSE,FALSE,Standard,0,Static
9/30/2024,ZAAUTO2024-1-00317,ZAAUTO2024-1,0,Current,Current,469774.06,0,0,9/12/2024,35591.92,FALSE,Same,FALSE,FALSE,Standard,0,Static
10/30/2024,ZAAUTO2024-1-00317,ZAAUTO2024-1,0,Current,Current,451337.63,0,0,10/11/2024,33907.32,FALSE,Same,FALSE,FALSE,Standard,0,Static
12/30/2023,ZAAUTO2024-1-00318,ZAAUTO2024-1,0,Current,Current,856577.56,0,0,12/6/2023,28228.06,FALSE,Same,FALSE,FALSE,Standard,0,Static
1/30/2024,ZAAUTO2024-1-00318,ZAAUTO2024-1,0,Current,Current,845650.86,0,0,1/6/2024,27622.57,FALSE,Same,FALSE,FALSE,Standard,0,Static
2/28/2024,ZAAUTO2024-1-00318,ZAAUTO2024-1,0,Current,Current,826221.86,0,0,2/5/2024,30318.96,FALSE,Same,FALSE,FALSE,Standard,0,Static
3/30/2024,ZAAUTO2024-1-00318,ZAAUTO2024-1,0,Current,Current,804438.44,0,0,3/28/2024,27756.8,FALSE,Same,FALSE,FALSE,Standard,0,Static
4/30/2024,ZAAUTO2024-1-00318,ZAAUTO2024-1,0,Current,Current,782968.63,0,0,4/7/2024,28444.78,FALSE,Same,FALSE,FALSE,Standard,0,Static
5/30/2024,ZAAUTO2024-1-00318,ZAAUTO2024-1,0,Current,Current,760198.31,0,0,5/12/2024,27779.61,FALSE,Same,FALSE,FALSE,Standard,0,Static
5/30/2024,ZAAUTO2024-1-00318,ZAAUTO2024-1,0,Current,Current,752682.55,0,0,5/29/2024,29919.68,FALSE,Same,FALSE,FALSE,Standard,0,Static
6/30/2024,ZAAUTO2024-1-00318,ZAAUTO2024-1,0,Current,Current,715291.02,0,0,6/11/2024,28764.5,FALSE,Same,FALSE,FALSE,Standard,0,Static
7/30/2024,ZAAUTO2024-1-00318,ZAAUTO2024-1,0,Current,Current,689072.04,0,0,7/12/2024,29221.19,FALSE,Same,FALSE,FALSE,Standard,0,Static
8/30/2024,ZAAUTO2024-1-00318,ZAAUTO2024-1,0,Current,Current,705560.08,0,0,7/28/2024,29186.36,FALSE,Same,FALSE,FALSE,Standard,0,Static
9/30/2024,ZAAUTO2024-1-00318,ZAAUTO2024-1,0,Current,Current,686224.89,0,0,9/16/2024,30198.37,FALSE,Same,FALSE,FALSE,Standard,0,Static
10/30/2024,ZAAUTO2024-1-00318,ZAAUTO2024-1,0,Current,Current,643548.45,0,0,9/25/2024,30048.64,FALSE,Same,FALSE,FALSE,Standard,0,Static
12/30/2023,ZAAUTO2024-1-00319,ZAAUTO2024-1,0,Current,Current,1342109.87,0,0,12/12/2023,40891.02,FALSE,Same,FALSE,FALSE,Standard,0,Static
1/30/2024,ZAAUTO2024-1-00319,ZAAUTO2024-1,0,Current,Current,1309207.93,0,0,1/17/2024,45681.65,FALSE,Same,FALSE,FALSE,Standard,0,Static
2/28/2024,ZAAUTO2024-1-00319,ZAAUTO2024-1,0,Current,Current,1275170.18,0,0,2/16/2024,44756.14,FALSE,Same,FALSE,FALSE,Standard,0,Static
3/30/2024,ZAAUTO2024-1-00319,ZAAUTO2024-1,0,Current,Current,1200348.55,0,0,3/10/2024,45116.33,FALSE,Same,FALSE,FALSE,Standard,0,Static
4/30/2024,ZAAUTO2024-1-00319,ZAAUTO2024-1,0,Current,Current,1164161.21,0,0,4/16/2024,44613.12,FALSE,Same,FALSE,FALSE,Standard,0,Static
5/30/2024,ZAAUTO2024-1-00319,ZAAUTO2024-1,0,Current,Current,1196649.18,0,0,5/25/2024,39945.61,FALSE,Same,FALSE,FALSE,Standard,0,Static
5/30/2024,ZAAUTO2024-1-00319,ZAAUTO2024-1,0,Current,Current,1154220.88,0,0,4/27/2024,42382.99,FALSE,Same,FALSE,FALSE,Standard,0,Static
6/30/2024,ZAAUTO2024-1-00319,ZAAUTO2024-1,0,Current,Current,1151151.71,0,0,6/23/2024,42893.75,FALSE,Same,FALSE,FALSE,Standard,0,Static
7/30/2024,ZAAUTO2024-1-00319,ZAAUTO2024-1,0,Current,Current,1104185.17,0,0,7/18/2024,40905.96,FALSE,Same,FALSE,FALSE,Standard,0,Static
8/30/2024,ZAAUTO2024-1-00319,ZAAUTO2024-1,0,Current,Current,1039705.51,0,0,8/18/2024,42554.26,FALSE,Same,FALSE,FALSE,Standard,0,Static
9/30/2024,ZAAUTO2024-1-00319,ZAAUTO2024-1,0,Current,Current,1018554.33,0,0,9/10/2024,45876.39,FALSE,Same,FALSE,FALSE,Standard,0,Static
10/30/2024,ZAAUTO2024-1-00319,ZAAUTO2024-1,0,Current,Current,987182.69,0,0,10/4/2024,44928.44,FALSE,Same,FALSE,FALSE,Standard,0,Static
12/30/2023,ZAAUTO2024-1-00320,ZAAUTO2024-1,0,Current,Current,692809.53,0,0,11/27/2023,46369.88,FALSE,Same,FALSE,FALSE,Standard,0,Static
1/30/2024,ZAAUTO2024-1-00320,ZAAUTO2024-1,0,Current,Current,647550,0,0,1/19/2024,41773.68,FALSE,Same,FALSE,FALSE,Standard,0,Static
2/28/2024,ZAAUTO2024-1-00320,ZAAUTO2024-1,0,Current,Current,629606.74,0,0,2/27/2024,44312.83,FALSE,Same,FALSE,FALSE,Standard,0,Static
3/30/2024,ZAAUTO2024-1-00320,ZAAUTO2024-1,0,Current,Current,624743.67,0,0,3/4/2024,41123.13,FALSE,Same,FALSE,FALSE,Standard,0,Static
4/30/2024,ZAAUTO2024-1-00320,ZAAUTO2024-1,0,Current,Current,596617.71,0,0,3/28/2024,46588.57,FALSE,Same,FALSE,FALSE,Standard,0,Static
5/30/2024,ZAAUTO2024-1-00320,ZAAUTO2024-1,0,Current,Current,582689.71,0,0,5/6/2024,42615.71,FALSE,Same,FALSE,FALSE,Standard,0,Static
5/30/2024,ZAAUTO2024-1-00320,ZAAUTO2024-1,0,Current,Current,579700.93,0,0,4/29/2024,42144.97,FALSE,Same,FALSE,FALSE,Standard,0,Static
6/30/2024,ZAAUTO2024-1-00320,ZAAUTO2024-1,10,1-29 DPD,Current,567501.67,44854.97,1,6/23/2024,25846.38,FALSE,Worse,FALSE,FALSE,SMA-0,1,Roll
7/30/2024,ZAAUTO2024-1-00320,ZAAUTO2024-1,14,1-29 DPD,1-29 DPD,551267.74,44854.97,1,7/17/2024,10543.47,FALSE,Same,FALSE,FALSE,SMA-0,2,Static
8/30/2024,ZAAUTO2024-1-00320,ZAAUTO2024-1,20,1-29 DPD,1-29 DPD,526773.15,44854.97,1,8/22/2024,23841.78,FALSE,Same,FALSE,FALSE,SMA-0,3,Static
9/30/2024,ZAAUTO2024-1-00320,ZAAUTO2024-1,0,Current,1-29 DPD,481750.98,0,0,9/26/2024,45809.35,TRUE,Better,FALSE,FALSE,Standard,0,Cure
10/30/2024,ZAAUTO2024-1-00320,ZAAUTO2024-1,0,Current,Current,489936.97,0,0,10/12/2024,41101.88,FALSE,Same,FALSE,FALSE,Standard,0,Static
12/30/2023,ZAAUTO2024-1-00321,ZAAUTO2024-1,0,Current,Current,329667.46,0,0,12/21/2023,18541.88,FALSE,Same,FALSE,FALSE,Standard,0,Static
1/30/2024,ZAAUTO2024-1-00321,ZAAUTO2024-1,0,Current,Current,316754.33,0,0,1/9/2024,19348.44,FALSE,Same,FALSE,FALSE,Standard,0,Static
2/28/2024,ZAAUTO2024-1-00321,ZAAUTO2024-1,0,Current,Current,299136.57,0,0,2/12/2024,21168.23,FALSE,Same,FALSE,FALSE,Standard,0,Static
3/30/2024,ZAAUTO2024-1-00321,ZAAUTO2024-1,0,Current,Current,303124.1,0,0,3/12/2024,18714.52,FALSE,Same,FALSE,FALSE,Standard,0,Static
4/30/2024,ZAAUTO2024-1-00321,ZAAUTO2024-1,18,1-29 DPD,Current,287622.45,20352.76,1,4/28/2024,10130.58,FALSE,Worse,FALSE,FALSE,SMA-0,1,Roll
5/30/2024,ZAAUTO2024-1-00321,ZAAUTO2024-1,0,Current,1-29 DPD,282686.82,0,0,5/9/2024,19043,TRUE,Better,FALSE,FALSE,Standard,0,Cure
5/30/2024,ZAAUTO2024-1-00321,ZAAUTO2024-1,0,Current,Current,279026.59,0,0,5/3/2024,19646.63,FALSE,Same,FALSE,FALSE,Standard,0,Static
6/30/2024,ZAAUTO2024-1-00321,ZAAUTO2024-1,0,Current,Current,266604.07,0,0,6/28/2024,19902.98,FALSE,Same,FALSE,FALSE,Standard,0,Static
7/30/2024,ZAAUTO2024-1-00321,ZAAUTO2024-1,0,Current,Current,244537.37,0,0,7/22/2024,19619.6,FALSE,Same,FALSE,FALSE,Standard,0,Static
8/30/2024,ZAAUTO2024-1-00321,ZAAUTO2024-1,0,Current,Current,248292.51,0,0,8/28/2024,21198.97,FALSE,Same,FALSE,FALSE,Standard,0,Static
9/30/2024,ZAAUTO2024-1-00321,ZAAUTO2024-1,28,1-29 DPD,Current,240997.37,20352.76,1,8/28/2024,10806.55,FALSE,Worse,FALSE,FALSE,SMA-0,1,Roll
10/30/2024,ZAAUTO2024-1-00321,ZAAUTO2024-1,41,30-59 DPD,1-29 DPD,221704.98,20352.76,1,10/25/2024,9991.24,FALSE,Worse,FALSE,FALSE,SMA-1,2,Roll
12/30/2023,ZAAUTO2024-1-00322,ZAAUTO2024-1,0,Current,Current,720160.49,0,0,11/25/2023,14928.13,FALSE,Same,FALSE,FALSE,Standard,0,Static
1/30/2024,ZAAUTO2024-1-00322,ZAAUTO2024-1,0,Current,Current,712829.9,0,0,12/30/2023,15997.56,FALSE,Same,FALSE,FALSE,Standard,0,Static
2/28/2024,ZAAUTO2024-1-00322,ZAAUTO2024-1,0,Current,Current,693899.3,0,0,1/24/2024,16040.47,FALSE,Same,FALSE,FALSE,Standard,0,Static
3/30/2024,ZAAUTO2024-1-00322,ZAAUTO2024-1,5,1-29 DPD,Current,685910.26,16094.83,1,2/26/2024,8028.66,FALSE,Worse,FALSE,FALSE,SMA-0,1,Roll
4/30/2024,ZAAUTO2024-1-00322,ZAAUTO2024-1,10,1-29 DPD,1-29 DPD,677288.62,16094.83,1,4/28/2024,1118.54,FALSE,Same,FALSE,FALSE,SMA-0,2,Static
5/30/2024,ZAAUTO2024-1-00322,ZAAUTO2024-1,0,Current,1-29 DPD,641842.51,0,0,4/25/2024,14497.32,TRUE,Better,FALSE,FALSE,Standard,0,Cure
5/30/2024,ZAAUTO2024-1-00322,ZAAUTO2024-1,0,Current,Current,637593.72,0,0,5/2/2024,16369.03,FALSE,Same,FALSE,FALSE,Standard,0,Static
6/30/2024,ZAAUTO2024-1-00322,ZAAUTO2024-1,0,Current,Current,614809.02,0,0,6/15/2024,15636.66,FALSE,Same,FALSE,FALSE,Standard,0,Static
7/30/2024,ZAAUTO2024-1-00322,ZAAUTO2024-1,0,Current,Current,614401.7,0,0,6/25/2024,16263.81,FALSE,Same,FALSE,FALSE,Standard,0,Static
8/30/2024,ZAAUTO2024-1-00322,ZAAUTO2024-1,0,Current,Current,593823.18,0,0,8/4/2024,14596.69,FALSE,Same,FALSE,FALSE,Standard,0,Static
9/30/2024,ZAAUTO2024-1-00322,ZAAUTO2024-1,0,Current,Current,567108.28,0,0,9/7/2024,15968.91,FALSE,Same,FALSE,FALSE,Standard,0,Static
10/30/2024,ZAAUTO2024-1-00322,ZAAUTO2024-1,0,Current,Current,548422.22,0,0,10/24/2024,16095.7,FALSE,Same,FALSE,FALSE,Standard,0,Static
12/30/2023,ZAAUTO2024-1-00323,ZAAUTO2024-1,0,Current,Current,1139673.91,0,0,12/14/2023,47604.35,FALSE,Same,FALSE,FALSE,Standard,0,Static
1/30/2024,ZAAUTO2024-1-00323,ZAAUTO2024-1,0,Current,Current,1046221.79,0,0,1/4/2024,48933,FALSE,Same,FALSE,FALSE,Standard,0,Static
2/28/2024,ZAAUTO2024-1-00323,ZAAUTO2024-1,0,Current,Current,1047848.95,0,0,2/4/2024,49677.49,FALSE,Same,FALSE,FALSE,Standard,0,Static
3/30/2024,ZAAUTO2024-1-00323,ZAAUTO2024-1,0,Current,Current,1024522.58,0,0,2/24/2024,48029.93,FALSE,Same,FALSE,FALSE,Standard,0,Static
4/30/2024,ZAAUTO2024-1-00323,ZAAUTO2024-1,0,Current,Current,1002152.43,0,0,4/1/2024,44037.45,FALSE,Same,FALSE,FALSE,Standard,0,Static
5/30/2024,ZAAUTO2024-1-00323,ZAAUTO2024-1,0,Current,Current,956285.39,0,0,5/21/2024,47259.88,FALSE,Same,FALSE,FALSE,Standard,0,Static
5/30/2024,ZAAUTO2024-1-00323,ZAAUTO2024-1,0,Current,Current,916748.33,0,0,5/6/2024,47993.97,FALSE,Same,FALSE,FALSE,Standard,0,Static
6/30/2024,ZAAUTO2024-1-00323,ZAAUTO2024-1,0,Current,Current,900702.37,0,0,6/21/2024,45778.07,FALSE,Same,FALSE,FALSE,Standard,0,Static
7/30/2024,ZAAUTO2024-1-00323,ZAAUTO2024-1,0,Current,Current,842627.55,0,0,7/29/2024,48974.01,FALSE,Same,FALSE,FALSE,Standard,0,Static
8/30/2024,ZAAUTO2024-1-00323,ZAAUTO2024-1,0,Current,Current,860930.22,0,0,8/18/2024,50282.83,FALSE,Same,FALSE,FALSE,Standard,0,Static
9/30/2024,ZAAUTO2024-1-00323,ZAAUTO2024-1,58,30-59 DPD,Current,790845.62,48210.12,1,9/19/2024,24274.37,FALSE,Worse,FALSE,FALSE,SMA-1,1,Roll
10/30/2024,ZAAUTO2024-1-00323,ZAAUTO2024-1,55,30-59 DPD,30-59 DPD,797100.34,48210.12,1,10/12/2024,22577.61,FALSE,Same,FALSE,FALSE,SMA-1,2,Static
12/30/2023,ZAAUTO2024-1-00324,ZAAUTO2024-1,0,Current,Current,1262200.23,0,0,12/29/2023,38161.61,FALSE,Same,FALSE,FALSE,Standard,0,Static
1/30/2024,ZAAUTO2024-1-00324,ZAAUTO2024-1,0,Current,Current,1211136.55,0,0,1/17/2024,36251.59,FALSE,Same,FALSE,FALSE,Standard,0,Static
2/28/2024,ZAAUTO2024-1-00324,ZAAUTO2024-1,0,Current,Current,1248211.64,0,0,2/14/2024,37460.98,FALSE,Same,FALSE,FALSE,Standard,0,Static
3/30/2024,ZAAUTO2024-1-00324,ZAAUTO2024-1,0,Current,Current,1156901.11,0,0,3/7/2024,38209.03,FALSE,Same,FALSE,FALSE,Standard,0,Static
4/30/2024,ZAAUTO2024-1-00324,ZAAUTO2024-1,0,Current,Current,1183184.7,0,0,3/28/2024,35269.22,FALSE,Same,FALSE,FALSE,Standard,0,Static
5/30/2024,ZAAUTO2024-1-00324,ZAAUTO2024-1,0,Current,Current,1152469.11,0,0,5/29/2024,39276.45,FALSE,Same,FALSE,FALSE,Standard,0,Static
5/30/2024,ZAAUTO2024-1-00324,ZAAUTO2024-1,0,Current,Current,1128375.85,0,0,5/30/2024,39628.53,FALSE,Same,FALSE,FALSE,Standard,0,Static
6/30/2024,ZAAUTO2024-1-00324,ZAAUTO2024-1,14,1-29 DPD,Current,1090538.18,38303.7,1,6/23/2024,22559.3,FALSE,Worse,FALSE,FALSE,SMA-0,1,Roll
7/30/2024,ZAAUTO2024-1-00324,ZAAUTO2024-1,0,Current,1-29 DPD,1061059.48,0,0,7/3/2024,36434.52,TRUE,Better,FALSE,FALSE,Standard,0,Cure
8/30/2024,ZAAUTO2024-1-00324,ZAAUTO2024-1,0,Current,Current,1005320.46,0,0,8/21/2024,36807.35,FALSE,Same,FALSE,FALSE,Standard,0,Static
9/30/2024,ZAAUTO2024-1-00324,ZAAUTO2024-1,0,Current,Current,990232.46,0,0,8/27/2024,38360.51,FALSE,Same,FALSE,FALSE,Standard,0,Static
10/30/2024,ZAAUTO2024-1-00324,ZAAUTO2024-1,0,Current,Current,937890.28,0,0,10/13/2024,35010.52,FALSE,Same,FALSE,FALSE,Standard,0,Static
12/30/2023,ZAAUTO2024-1-00325,ZAAUTO2024-1,0,Current,Current,433267.56,0,0,11/27/2023,15035.54,FALSE,Same,FALSE,FALSE,Standard,0,Static
1/30/2024,ZAAUTO2024-1-00325,ZAAUTO2024-1,0,Current,Current,411278.51,0,0,1/23/2024,14888.45,FALSE,Same,FALSE,FALSE,Standard,0,Static
2/28/2024,ZAAUTO2024-1-00325,ZAAUTO2024-1,0,Current,Current,398083.99,0,0,2/11/2024,15237.9,FALSE,Same,FALSE,FALSE,Standard,0,Static
3/30/2024,ZAAUTO2024-1-00325,ZAAUTO2024-1,0,Current,Current,387953.3,0,0,3/11/2024,16312.14,FALSE,Same,FALSE,FALSE,Standard,0,Static
4/30/2024,ZAAUTO2024-1-00325,ZAAUTO2024-1,0,Current,Current,382465.74,0,0,4/28/2024,16323.75,FALSE,Same,FALSE,FALSE,Standard,0,Static
5/30/2024,ZAAUTO2024-1-00325,ZAAUTO2024-1,0,Current,Current,388627.8,0,0,5/20/2024,15427.81,FALSE,Same,FALSE,FALSE,Standard,0,Static
5/30/2024,ZAAUTO2024-1-00325,ZAAUTO2024-1,0,Current,Current,363269.28,0,0,5/30/2024,15878.61,FALSE,Same,FALSE,FALSE,Standard,0,Static
6/30/2024,ZAAUTO2024-1-00325,ZAAUTO2024-1,0,Current,Current,361789.45,0,0,6/5/2024,16449.25,FALSE,Same,FALSE,FALSE,Standard,0,Static
7/30/2024,ZAAUTO2024-1-00325,ZAAUTO2024-1,0,Current,Current,349548.66,0,0,7/27/2024,14566.61,FALSE,Same,FALSE,FALSE,Standard,0,Static
8/30/2024,ZAAUTO2024-1-00325,ZAAUTO2024-1,0,Current,Current,354907.88,0,0,8/6/2024,15488.49,FALSE,Same,FALSE,FALSE,Standard,0,Static
9/30/2024,ZAAUTO2024-1-00325,ZAAUTO2024-1,0,Current,Current,324007.82,0,0,9/18/2024,16227.72,FALSE,Same,FALSE,FALSE,Standard,0,Static
10/30/2024,ZAAUTO2024-1-00325,ZAAUTO2024-1,0,Current,Current,321171.07,0,0,10/29/2024,14402.61,FALSE,Same,FALSE,FALSE,Standard,0,Static
12/30/2023,ZAAUTO2024-1-00326,ZAAUTO2024-1,0,Current,Current,408448.62,0,0,12/2/2023,11570.29,FALSE,Same,FALSE,FALSE,Standard,0,Static
1/30/2024,ZAAUTO2024-1-00326,ZAAUTO2024-1,0,Current,Current,404600.06,0,0,1/27/2024,11723.41,FALSE,Same,FALSE,FALSE,Standard,0,Static
2/28/2024,ZAAUTO2024-1-00326,ZAAUTO2024-1,0,Current,Current,386318.15,0,0,2/11/2024,10922.36,FALSE,Same,FALSE,FALSE,Standard,0,Static
3/30/2024,ZAAUTO2024-1-00326,ZAAUTO2024-1,0,Current,Current,398203.88,0,0,3/2/2024,11222.98,FALSE,Same,FALSE,FALSE,Standard,0,Static
4/30/2024,ZAAUTO2024-1-00326,ZAAUTO2024-1,10,1-29 DPD,Current,377522.6,11613.13,1,4/27/2024,4977.26,FALSE,Worse,FALSE,FALSE,SMA-0,1,Roll
5/30/2024,ZAAUTO2024-1-00326,ZAAUTO2024-1,15,1-29 DPD,1-29 DPD,383876.58,11613.13,1,5/5/2024,5316.26,FALSE,Same,FALSE,FALSE,SMA-0,2,Static
5/30/2024,ZAAUTO2024-1-00326,ZAAUTO2024-1,14,1-29 DPD,1-29 DPD,371274.9,11613.13,1,5/22/2024,2400.79,FALSE,Same,FALSE,FALSE,SMA-0,3,Static
6/30/2024,ZAAUTO2024-1-00326,ZAAUTO2024-1,47,30-59 DPD,1-29 DPD,367612.62,11613.13,1,5/30/2024,5051.63,FALSE,Worse,FALSE,FALSE,SMA-1,4,Roll
7/30/2024,ZAAUTO2024-1-00326,ZAAUTO2024-1,86,60-89 DPD,30-59 DPD,352488.27,23226.26,2,7/6/2024,6431.98,FALSE,Worse,FALSE,FALSE,SMA-2,5,Roll
8/30/2024,ZAAUTO2024-1-00326,ZAAUTO2024-1,65,60-89 DPD,60-89 DPD,347912.4,23226.26,2,8/26/2024,5359.09,FALSE,Same,FALSE,FALSE,SMA-2,6,Static
9/30/2024,ZAAUTO2024-1-00326,ZAAUTO2024-1,68,60-89 DPD,60-89 DPD,327953.62,23226.26,2,8/28/2024,4700.76,FALSE,Same,FALSE,FALSE,SMA-2,7,Static
10/30/2024,ZAAUTO2024-1-00326,ZAAUTO2024-1,187,120+ DPD,60-89 DPD,322400.64,69678.78,6,10/18/2024,1382.7,FALSE,Worse,FALSE,FALSE,NPA,8,Roll
12/30/2023,ZAAUTO2024-1-00327,ZAAUTO2024-1,0,Current,Current,384134.06,0,0,12/17/2023,8319.97,FALSE,Same,FALSE,FALSE,Standard,0,Static
1/30/2024,ZAAUTO2024-1-00327,ZAAUTO2024-1,0,Current,Current,389815,0,0,1/20/2024,8111.64,FALSE,Same,FALSE,FALSE,Standard,0,Static
2/28/2024,ZAAUTO2024-1-00327,ZAAUTO2024-1,0,Current,Current,361843.69,0,0,2/18/2024,7288.61,FALSE,Same,FALSE,FALSE,Standard,0,Static
3/30/2024,ZAAUTO2024-1-00327,ZAAUTO2024-1,0,Current,Current,356863.29,0,0,3/3/2024,7577.11,FALSE,Same,FALSE,FALSE,Standard,0,Static
4/30/2024,ZAAUTO2024-1-00327,ZAAUTO2024-1,0,Current,Current,361257.79,0,0,4/10/2024,7448.82,FALSE,Same,FALSE,FALSE,Standard,0,Static
5/30/2024,ZAAUTO2024-1-00327,ZAAUTO2024-1,0,Current,Current,354760.69,0,0,5/8/2024,7744.74,FALSE,Same,FALSE,FALSE,Standard,0,Static
5/30/2024,ZAAUTO2024-1-00327,ZAAUTO2024-1,0,Current,Current,341143.99,0,0,5/2/2024,7378.34,FALSE,Same,FALSE,FALSE,Standard,0,Static
6/30/2024,ZAAUTO2024-1-00327,ZAAUTO2024-1,0,Current,Current,346859.5,0,0,6/12/2024,7661.07,FALSE,Same,FALSE,FALSE,Standard,0,Static
7/30/2024,ZAAUTO2024-1-00327,ZAAUTO2024-1,0,Current,Current,338936.05,0,0,7/20/2024,8338.2,FALSE,Same,FALSE,FALSE,Standard,0,Static
8/30/2024,ZAAUTO2024-1-00327,ZAAUTO2024-1,0,Current,Current,326513.49,0,0,8/21/2024,8337.67,FALSE,Same,FALSE,FALSE,Standard,0,Static
9/30/2024,ZAAUTO2024-1-00327,ZAAUTO2024-1,0,Current,Current,319871.52,0,0,9/28/2024,8470.02,FALSE,Same,FALSE,FALSE,Standard,0,Static
10/30/2024,ZAAUTO2024-1-00327,ZAAUTO2024-1,0,Current,Current,309394.53,0,0,10/13/2024,7633.94,FALSE,Same,FALSE,FALSE,Standard,0,Static
12/30/2023,ZAAUTO2024-1-00328,ZAAUTO2024-1,0,Current,Current,254647.18,0,0,12/26/2023,8181.39,FALSE,Same,FALSE,FALSE,Standard,0,Static
1/30/2024,ZAAUTO2024-1-00328,ZAAUTO2024-1,0,Current,Current,235994.21,0,0,1/25/2024,9356.99,FALSE,Same,FALSE,FALSE,Standard,0,Static
2/28/2024,ZAAUTO2024-1-00328,ZAAUTO2024-1,0,Current,Current,242894.06,0,0,1/25/2024,9287.8,FALSE,Same,FALSE,FALSE,Standard,0,Static
3/30/2024,ZAAUTO2024-1-00328,ZAAUTO2024-1,0,Current,Current,224215.59,0,0,3/18/2024,8517.52,FALSE,Same,FALSE,FALSE,Standard,0,Static
4/30/2024,ZAAUTO2024-1-00328,ZAAUTO2024-1,0,Current,Current,232089.65,0,0,4/4/2024,8395.79,FALSE,Same,FALSE,FALSE,Standard,0,Static
5/30/2024,ZAAUTO2024-1-00328,ZAAUTO2024-1,0,Current,Current,220380.94,0,0,4/29/2024,9229.41,FALSE,Same,FALSE,FALSE,Standard,0,Static
5/30/2024,ZAAUTO2024-1-00328,ZAAUTO2024-1,0,Current,Current,216965.44,0,0,5/2/2024,8480.47,FALSE,Same,FALSE,FALSE,Standard,0,Static
6/30/2024,ZAAUTO2024-1-00328,ZAAUTO2024-1,0,Current,Current,207488.95,0,0,6/16/2024,9352.3,FALSE,Same,FALSE,FALSE,Standard,0,Static
7/30/2024,ZAAUTO2024-1-00328,ZAAUTO2024-1,0,Current,Current,203615.86,0,0,7/23/2024,9316.04,FALSE,Same,FALSE,FALSE,Standard,0,Static
8/30/2024,ZAAUTO2024-1-00328,ZAAUTO2024-1,0,Current,Current,192979.56,0,0,8/10/2024,8717.94,FALSE,Same,FALSE,FALSE,Standard,0,Static
9/30/2024,ZAAUTO2024-1-00328,ZAAUTO2024-1,0,Current,Current,189768.87,0,0,9/2/2024,9467.98,FALSE,Same,FALSE,FALSE,Standard,0,Static
10/30/2024,ZAAUTO2024-1-00328,ZAAUTO2024-1,0,Current,Current,180113.95,0,0,9/26/2024,9140.69,FALSE,Same,FALSE,FALSE,Standard,0,Static
12/30/2023,ZAAUTO2024-1-00329,ZAAUTO2024-1,0,Current,Current,614445.69,0,0,12/7/2023,24151.93,FALSE,Same,FALSE,FALSE,Standard,0,Static
1/30/2024,ZAAUTO2024-1-00329,ZAAUTO2024-1,0,Current,Current,579427.34,0,0,1/21/2024,21723.42,FALSE,Same,FALSE,FALSE,Standard,0,Static
2/28/2024,ZAAUTO2024-1-00329,ZAAUTO2024-1,0,Current,Current,580942.9,0,0,2/17/2024,22221.69,FALSE,Same,FALSE,FALSE,Standard,0,Static
3/30/2024,ZAAUTO2024-1-00329,ZAAUTO2024-1,0,Current,Current,543958.19,0,0,3/20/2024,21729.98,FALSE,Same,FALSE,FALSE,Standard,0,Static
4/30/2024,ZAAUTO2024-1-00329,ZAAUTO2024-1,0,Current,Current,528447.59,0,0,4/7/2024,21475.21,FALSE,Same,FALSE,FALSE,Standard,0,Static
5/30/2024,ZAAUTO2024-1-00329,ZAAUTO2024-1,0,Current,Current,509081.17,0,0,5/2/2024,24767.9,FALSE,Same,FALSE,FALSE,Standard,0,Static
5/30/2024,ZAAUTO2024-1-00329,ZAAUTO2024-1,0,Current,Current,504361.88,0,0,5/5/2024,23455.34,FALSE,Same,FALSE,FALSE,Standard,0,Static
6/30/2024,ZAAUTO2024-1-00329,ZAAUTO2024-1,0,Current,Current,488329.47,0,0,5/28/2024,23747.64,FALSE,Same,FALSE,FALSE,Standard,0,Static
7/30/2024,ZAAUTO2024-1-00329,ZAAUTO2024-1,6,1-29 DPD,Current,448969.99,23802.5,1,7/22/2024,4675.66,FALSE,Worse,FALSE,FALSE,SMA-0,1,Roll
8/30/2024,ZAAUTO2024-1-00329,ZAAUTO2024-1,0,Current,1-29 DPD,442432.51,0,0,8/1/2024,24117.75,TRUE,Better,FALSE,FALSE,Standard,0,Cure
9/30/2024,ZAAUTO2024-1-00329,ZAAUTO2024-1,0,Current,Current,442147.47,0,0,8/26/2024,23531.03,FALSE,Same,FALSE,FALSE,Standard,0,Static
10/30/2024,ZAAUTO2024-1-00329,ZAAUTO2024-1,25,1-29 DPD,Current,416249.11,23802.5,1,10/15/2024,6140.49,FALSE,Worse,FALSE,FALSE,SMA-0,1,Roll
12/30/2023,ZAAUTO2024-1-00330,ZAAUTO2024-1,0,Current,Current,871590.03,0,0,11/26/2023,29309.31,FALSE,Same,FALSE,FALSE,Standard,0,Static
1/30/2024,ZAAUTO2024-1-00330,ZAAUTO2024-1,0,Current,Current,860882.38,0,0,1/14/2024,29647.41,FALSE,Same,FALSE,FALSE,Standard,0,Static
2/28/2024,ZAAUTO2024-1-00330,ZAAUTO2024-1,0,Current,Current,821374.03,0,0,2/20/2024,28694.19,FALSE,Same,FALSE,FALSE,Standard,0,Static
3/30/2024,ZAAUTO2024-1-00330,ZAAUTO2024-1,0,Current,Current,825884.36,0,0,2/27/2024,29857.8,FALSE,Same,FALSE,FALSE,Standard,0,Static
4/30/2024,ZAAUTO2024-1-00330,ZAAUTO2024-1,0,Current,Current,780909.26,0,0,4/25/2024,28627.8,FALSE,Same,FALSE,FALSE,Standard,0,Static
5/30/2024,ZAAUTO2024-1-00330,ZAAUTO2024-1,0,Current,Current,789078.73,0,0,4/26/2024,29648.2,FALSE,Same,FALSE,FALSE,Standard,0,Static
5/30/2024,ZAAUTO2024-1-00330,ZAAUTO2024-1,0,Current,Current,803375.96,0,0,5/28/2024,30503.56,FALSE,Same,FALSE,FALSE,Standard,0,Static
6/30/2024,ZAAUTO2024-1-00330,ZAAUTO2024-1,0,Current,Current,760661.2,0,0,6/8/2024,31544.01,FALSE,Same,FALSE,FALSE,Standard,0,Static
7/30/2024,ZAAUTO2024-1-00330,ZAAUTO2024-1,0,Current,Current,735762.24,0,0,6/26/2024,29165.8,FALSE,Same,FALSE,FALSE,Standard,0,Static
8/30/2024,ZAAUTO2024-1-00330,ZAAUTO2024-1,0,Current,Current,730169.71,0,0,8/18/2024,29792.78,FALSE,Same,FALSE,FALSE,Standard,0,Static
9/30/2024,ZAAUTO2024-1-00330,ZAAUTO2024-1,0,Current,Current,746144.95,0,0,9/19/2024,27455.33,FALSE,Same,FALSE,FALSE,Standard,0,Static
10/30/2024,ZAAUTO2024-1-00330,ZAAUTO2024-1,0,Current,Current,713766.14,0,0,10/13/2024,29069.19,FALSE,Same,FALSE,FALSE,Standard,0,Static
12/30/2023,ZAAUTO2024-1-00331,ZAAUTO2024-1,0,Current,Current,499568.36,0,0,12/21/2023,18288.92,FALSE,Same,FALSE,FALSE,Standard,0,Static
1/30/2024,ZAAUTO2024-1-00331,ZAAUTO2024-1,0,Current,Current,474546.85,0,0,12/28/2023,17592.78,FALSE,Same,FALSE,FALSE,Standard,0,Static
2/28/2024,ZAAUTO2024-1-00331,ZAAUTO2024-1,0,Current,Current,474887.37,0,0,2/26/2024,18164.49,FALSE,Same,FALSE,FALSE,Standard,0,Static
3/30/2024,ZAAUTO2024-1-00331,ZAAUTO2024-1,0,Current,Current,463863.29,0,0,2/26/2024,16051.6,FALSE,Same,FALSE,FALSE,Standard,0,Static
4/30/2024,ZAAUTO2024-1-00331,ZAAUTO2024-1,0,Current,Current,455115.27,0,0,4/15/2024,17036.06,FALSE,Same,FALSE,FALSE,Standard,0,Static
5/30/2024,ZAAUTO2024-1-00331,ZAAUTO2024-1,0,Current,Current,444321,0,0,5/29/2024,17824.88,FALSE,Same,FALSE,FALSE,Standard,0,Static
5/30/2024,ZAAUTO2024-1-00331,ZAAUTO2024-1,0,Current,Current,437078.54,0,0,5/6/2024,17068.85,FALSE,Same,FALSE,FALSE,Standard,0,Static
6/30/2024,ZAAUTO2024-1-00331,ZAAUTO2024-1,0,Current,Current,417172.73,0,0,6/1/2024,17572.42,FALSE,Same,FALSE,FALSE,Standard,0,Static
7/30/2024,ZAAUTO2024-1-00331,ZAAUTO2024-1,0,Current,Current,387983.6,0,0,7/23/2024,16499.02,FALSE,Same,FALSE,FALSE,Standard,0,Static
8/30/2024,ZAAUTO2024-1-00331,ZAAUTO2024-1,0,Current,Current,400138.68,0,0,8/19/2024,18131.99,FALSE,Same,FALSE,FALSE,Standard,0,Static
9/30/2024,ZAAUTO2024-1-00331,ZAAUTO2024-1,0,Current,Current,372584.02,0,0,9/7/2024,16767.6,FALSE,Same,FALSE,FALSE,Standard,0,Static
10/30/2024,ZAAUTO2024-1-00331,ZAAUTO2024-1,0,Current,Current,356287.89,0,0,9/27/2024,17101.57,FALSE,Same,FALSE,FALSE,Standard,0,Static
12/30/2023,ZAAUTO2024-1-00332,ZAAUTO2024-1,0,Current,Current,713291.12,0,0,12/16/2023,13558.91,FALSE,Same,FALSE,FALSE,Standard,0,Static
1/30/2024,ZAAUTO2024-1-00332,ZAAUTO2024-1,0,Current,Current,692527.49,0,0,1/24/2024,12520.01,FALSE,Same,FALSE,FALSE,Standard,0,Static
2/28/2024,ZAAUTO2024-1-00332,ZAAUTO2024-1,0,Current,Current,680325.19,0,0,2/23/2024,13199.86,FALSE,Same,FALSE,FALSE,Standard,0,Static
3/30/2024,ZAAUTO2024-1-00332,ZAAUTO2024-1,0,Current,Current,706279.68,0,0,3/19/2024,12900.84,FALSE,Same,FALSE,FALSE,Standard,0,Static
4/30/2024,ZAAUTO2024-1-00332,ZAAUTO2024-1,0,Current,Current,667275.47,0,0,3/31/2024,12199.54,FALSE,Same,FALSE,FALSE,Standard,0,Static
5/30/2024,ZAAUTO2024-1-00332,ZAAUTO2024-1,0,Current,Current,685108.79,0,0,5/6/2024,12179.36,FALSE,Same,FALSE,FALSE,Standard,0,Static
5/30/2024,ZAAUTO2024-1-00332,ZAAUTO2024-1,0,Current,Current,656660.82,0,0,5/5/2024,13716.44,FALSE,Same,FALSE,FALSE,Standard,0,Static
6/30/2024,ZAAUTO2024-1-00332,ZAAUTO2024-1,0,Current,Current,629508.48,0,0,6/16/2024,12526.21,FALSE,Same,FALSE,FALSE,Standard,0,Static
7/30/2024,ZAAUTO2024-1-00332,ZAAUTO2024-1,0,Current,Current,636107.56,0,0,7/7/2024,12050.09,FALSE,Same,FALSE,FALSE,Standard,0,Static
8/30/2024,ZAAUTO2024-1-00332,ZAAUTO2024-1,28,1-29 DPD,Current,641982.47,13164.71,1,7/29/2024,838.94,FALSE,Worse,FALSE,FALSE,SMA-0,1,Roll
9/30/2024,ZAAUTO2024-1-00332,ZAAUTO2024-1,52,30-59 DPD,1-29 DPD,604660.91,13164.71,1,9/7/2024,202.68,FALSE,Worse,FALSE,FALSE,SMA-1,2,Roll
10/30/2024,ZAAUTO2024-1-00332,ZAAUTO2024-1,50,30-59 DPD,30-59 DPD,597984.01,13164.71,1,10/14/2024,7553.32,FALSE,Same,FALSE,FALSE,SMA-1,3,Static
12/30/2023,ZAAUTO2024-1-00333,ZAAUTO2024-1,0,Current,Current,1305185.04,0,0,11/28/2023,41427.04,FALSE,Same,FALSE,FALSE,Standard,0,Static
1/30/2024,ZAAUTO2024-1-00333,ZAAUTO2024-1,0,Current,Current,1228455.12,0,0,1/23/2024,41970.66,FALSE,Same,FALSE,FALSE,Standard,0,Static
2/28/2024,ZAAUTO2024-1-00333,ZAAUTO2024-1,0,Current,Current,1253159.82,0,0,2/18/2024,36707.6,FALSE,Same,FALSE,FALSE,Standard,0,Static
3/30/2024,ZAAUTO2024-1-00333,ZAAUTO2024-1,0,Current,Current,1223920.99,0,0,3/9/2024,39955.84,FALSE,Same,FALSE,FALSE,Standard,0,Static
4/30/2024,ZAAUTO2024-1-00333,ZAAUTO2024-1,0,Current,Current,1180012.44,0,0,4/28/2024,36945.08,FALSE,Same,FALSE,FALSE,Standard,0,Static
5/30/2024,ZAAUTO2024-1-00333,ZAAUTO2024-1,0,Current,Current,1165980.69,0,0,5/5/2024,38290.12,FALSE,Same,FALSE,FALSE,Standard,0,Static
5/30/2024,ZAAUTO2024-1-00333,ZAAUTO2024-1,0,Current,Current,1140642.52,0,0,5/1/2024,37075.67,FALSE,Same,FALSE,FALSE,Standard,0,Static
6/30/2024,ZAAUTO2024-1-00333,ZAAUTO2024-1,0,Current,Current,1159000.8,0,0,6/18/2024,37073.85,FALSE,Same,FALSE,FALSE,Standard,0,Static
7/30/2024,ZAAUTO2024-1-00333,ZAAUTO2024-1,0,Current,Current,1128340.67,0,0,7/7/2024,40182.89,FALSE,Same,FALSE,FALSE,Standard,0,Static
8/30/2024,ZAAUTO2024-1-00333,ZAAUTO2024-1,0,Current,Current,1065846.91,0,0,8/4/2024,39311.63,FALSE,Same,FALSE,FALSE,Standard,0,Static
9/30/2024,ZAAUTO2024-1-00333,ZAAUTO2024-1,0,Current,Current,1091759.72,0,0,8/28/2024,37014.09,FALSE,Same,FALSE,FALSE,Standard,0,Static
10/30/2024,ZAAUTO2024-1-00333,ZAAUTO2024-1,0,Current,Current,1065365.91,0,0,10/2/2024,41592.34,FALSE,Same,FALSE,FALSE,Standard,0,Static
12/30/2023,ZAAUTO2024-1-00334,ZAAUTO2024-1,0,Current,Current,602052.14,0,0,11/27/2023,18116.5,FALSE,Same,FALSE,FALSE,Standard,0,Static
1/30/2024,ZAAUTO2024-1-00334,ZAAUTO2024-1,0,Current,Current,578460.3,0,0,12/28/2023,16877.73,FALSE,Same,FALSE,FALSE,Standard,0,Static
2/28/2024,ZAAUTO2024-1-00334,ZAAUTO2024-1,2,1-29 DPD,Current,589310.03,17383,1,2/20/2024,7903.34,FALSE,Worse,FALSE,FALSE,SMA-0,1,Roll
3/30/2024,ZAAUTO2024-1-00334,ZAAUTO2024-1,1,1-29 DPD,1-29 DPD,566119.55,17383,1,3/22/2024,2451.11,FALSE,Same,FALSE,FALSE,SMA-0,2,Static
4/30/2024,ZAAUTO2024-1-00334,ZAAUTO2024-1,0,Current,1-29 DPD,566544.54,0,0,3/26/2024,17877.86,TRUE,Better,FALSE,FALSE,Standard,0,Cure
5/30/2024,ZAAUTO2024-1-00334,ZAAUTO2024-1,0,Current,Current,550486.93,0,0,5/20/2024,17965.81,FALSE,Same,FALSE,FALSE,Standard,0,Static
5/30/2024,ZAAUTO2024-1-00334,ZAAUTO2024-1,0,Current,Current,563916.61,0,0,4/25/2024,17754.38,FALSE,Same,FALSE,FALSE,Standard,0,Static
6/30/2024,ZAAUTO2024-1-00334,ZAAUTO2024-1,0,Current,Current,549332.96,0,0,6/3/2024,16729.62,FALSE,Same,FALSE,FALSE,Standard,0,Static
7/30/2024,ZAAUTO2024-1-00334,ZAAUTO2024-1,0,Current,Current,545123.27,0,0,6/28/2024,16728.13,FALSE,Same,FALSE,FALSE,Standard,0,Static
8/30/2024,ZAAUTO2024-1-00334,ZAAUTO2024-1,25,1-29 DPD,Current,516692.74,17383,1,8/2/2024,2915.53,FALSE,Worse,FALSE,FALSE,SMA-0,1,Roll
9/30/2024,ZAAUTO2024-1-00334,ZAAUTO2024-1,0,Current,1-29 DPD,522175.26,0,0,9/22/2024,16929.42,TRUE,Better,FALSE,FALSE,Standard,0,Cure
10/30/2024,ZAAUTO2024-1-00334,ZAAUTO2024-1,0,Current,Current,493816.99,0,0,10/9/2024,18208.22,FALSE,Same,FALSE,FALSE,Standard,0,Static
12/30/2023,ZAAUTO2024-1-00335,ZAAUTO2024-1,0,Current,Current,654925.19,0,0,12/23/2023,18581.29,FALSE,Same,FALSE,FALSE,Standard,0,Static
1/30/2024,ZAAUTO2024-1-00335,ZAAUTO2024-1,0,Current,Current,664300,0,0,1/3/2024,18628.63,FALSE,Same,FALSE,FALSE,Standard,0,Static
2/28/2024,ZAAUTO2024-1-00335,ZAAUTO2024-1,0,Current,Current,622781.94,0,0,2/28/2024,18354.23,FALSE,Same,FALSE,FALSE,Standard,0,Static
3/30/2024,ZAAUTO2024-1-00335,ZAAUTO2024-1,0,Current,Current,614086.37,0,0,3/11/2024,16994.2,FALSE,Same,FALSE,FALSE,Standard,0,Static
4/30/2024,ZAAUTO2024-1-00335,ZAAUTO2024-1,0,Current,Current,612881.17,0,0,4/16/2024,16194.81,FALSE,Same,FALSE,FALSE,Standard,0,Static
5/30/2024,ZAAUTO2024-1-00335,ZAAUTO2024-1,0,Current,Current,603554.1,0,0,5/23/2024,18132.41,FALSE,Same,FALSE,FALSE,Standard,0,Static
5/30/2024,ZAAUTO2024-1-00335,ZAAUTO2024-1,0,Current,Current,621110.14,0,0,5/26/2024,16556.41,FALSE,Same,FALSE,FALSE,Standard,0,Static
6/30/2024,ZAAUTO2024-1-00335,ZAAUTO2024-1,0,Current,Current,587996.71,0,0,5/31/2024,16090.91,FALSE,Same,FALSE,FALSE,Standard,0,Static
7/30/2024,ZAAUTO2024-1-00335,ZAAUTO2024-1,0,Current,Current,573315.03,0,0,7/3/2024,17482.33,FALSE,Same,FALSE,FALSE,Standard,0,Static
8/30/2024,ZAAUTO2024-1-00335,ZAAUTO2024-1,0,Current,Current,562808.5,0,0,8/24/2024,16757.93,FALSE,Same,FALSE,FALSE,Standard,0,Static
9/30/2024,ZAAUTO2024-1-00335,ZAAUTO2024-1,0,Current,Current,557326.56,0,0,8/28/2024,17400.32,FALSE,Same,FALSE,FALSE,Standard,0,Static
10/30/2024,ZAAUTO2024-1-00335,ZAAUTO2024-1,0,Current,Current,551563.32,0,0,9/29/2024,16385.02,FALSE,Same,FALSE,FALSE,Standard,0,Static
12/30/2023,ZAAUTO2024-1-00336,ZAAUTO2024-1,0,Current,Current,403885.79,0,0,12/20/2023,22078.81,FALSE,Same,FALSE,FALSE,Standard,0,Static
1/30/2024,ZAAUTO2024-1-00336,ZAAUTO2024-1,0,Current,Current,378464.81,0,0,1/26/2024,20823.45,FALSE,Same,FALSE,FALSE,Standard,0,Static
2/28/2024,ZAAUTO2024-1-00336,ZAAUTO2024-1,0,Current,Current,382442.36,0,0,2/17/2024,21403.37,FALSE,Same,FALSE,FALSE,Standard,0,Static
3/30/2024,ZAAUTO2024-1-00336,ZAAUTO2024-1,0,Current,Current,372349.73,0,0,3/24/2024,21497.44,FALSE,Same,FALSE,FALSE,Standard,0,Static
4/30/2024,ZAAUTO2024-1-00336,ZAAUTO2024-1,0,Current,Current,346645.51,0,0,4/26/2024,19548.57,FALSE,Same,FALSE,FALSE,Standard,0,Static
5/30/2024,ZAAUTO2024-1-00336,ZAAUTO2024-1,0,Current,Current,347115.06,0,0,5/30/2024,21146.01,FALSE,Same,FALSE,FALSE,Standard,0,Static
5/30/2024,ZAAUTO2024-1-00336,ZAAUTO2024-1,0,Current,Current,337517.94,0,0,5/27/2024,20349.05,FALSE,Same,FALSE,FALSE,Standard,0,Static
6/30/2024,ZAAUTO2024-1-00336,ZAAUTO2024-1,0,Current,Current,313282.51,0,0,6/25/2024,20803.55,FALSE,Same,FALSE,FALSE,Standard,0,Static
7/30/2024,ZAAUTO2024-1-00336,ZAAUTO2024-1,14,1-29 DPD,Current,309378.84,21272.86,1,7/20/2024,2603.25,FALSE,Worse,FALSE,FALSE,SMA-0,1,Roll
8/30/2024,ZAAUTO2024-1-00336,ZAAUTO2024-1,18,1-29 DPD,1-29 DPD,303957.75,21272.86,1,8/29/2024,6796.85,FALSE,Same,FALSE,FALSE,SMA-0,2,Static
9/30/2024,ZAAUTO2024-1-00336,ZAAUTO2024-1,25,1-29 DPD,1-29 DPD,294223.65,21272.86,1,8/28/2024,9013.31,FALSE,Same,FALSE,FALSE,SMA-0,3,Static
10/30/2024,ZAAUTO2024-1-00336,ZAAUTO2024-1,0,Current,1-29 DPD,288223.38,0,0,10/19/2024,21656.59,TRUE,Better,FALSE,FALSE,Standard,0,Cure
12/30/2023,ZAAUTO2024-1-00337,ZAAUTO2024-1,0,Current,Current,927643.5,0,0,11/28/2023,37987.34,FALSE,Same,FALSE,FALSE,Standard,0,Static
1/30/2024,ZAAUTO2024-1-00337,ZAAUTO2024-1,0,Current,Current,925837.37,0,0,1/1/2024,35567.36,FALSE,Same,FALSE,FALSE,Standard,0,Static
2/28/2024,ZAAUTO2024-1-00337,ZAAUTO2024-1,0,Current,Current,896165.77,0,0,2/13/2024,37501.9,FALSE,Same,FALSE,FALSE,Standard,0,Static
3/30/2024,ZAAUTO2024-1-00337,ZAAUTO2024-1,0,Current,Current,862765.59,0,0,2/24/2024,38279.15,FALSE,Same,FALSE,FALSE,Standard,0,Static
4/30/2024,ZAAUTO2024-1-00337,ZAAUTO2024-1,0,Current,Current,865806.56,0,0,4/23/2024,37033.03,FALSE,Same,FALSE,FALSE,Standard,0,Static
5/30/2024,ZAAUTO2024-1-00337,ZAAUTO2024-1,0,Current,Current,816482.97,0,0,5/1/2024,37267.43,FALSE,Same,FALSE,FALSE,Standard,0,Static
5/30/2024,ZAAUTO2024-1-00337,ZAAUTO2024-1,0,Current,Current,801369,0,0,5/17/2024,38595.48,FALSE,Same,FALSE,FALSE,Standard,0,Static
6/30/2024,ZAAUTO2024-1-00337,ZAAUTO2024-1,0,Current,Current,810956.68,0,0,6/19/2024,38767.65,FALSE,Same,FALSE,FALSE,Standard,0,Static
7/30/2024,ZAAUTO2024-1-00337,ZAAUTO2024-1,0,Current,Current,809049.81,0,0,7/10/2024,34449.35,FALSE,Same,FALSE,FALSE,Standard,0,Static
8/30/2024,ZAAUTO2024-1-00337,ZAAUTO2024-1,0,Current,Current,749614.23,0,0,8/17/2024,37565.64,FALSE,Same,FALSE,FALSE,Standard,0,Static
9/30/2024,ZAAUTO2024-1-00337,ZAAUTO2024-1,0,Current,Current,771997.79,0,0,9/24/2024,37520,FALSE,Same,FALSE,FALSE,Standard,0,Static
10/30/2024,ZAAUTO2024-1-00337,ZAAUTO2024-1,0,Current,Current,750424.2,0,0,10/26/2024,37004.82,FALSE,Same,FALSE,FALSE,Standard,0,Static
12/30/2023,ZAAUTO2024-1-00338,ZAAUTO2024-1,0,Current,Current,830328,0,0,12/4/2023,23512.13,FALSE,Same,FALSE,FALSE,Standard,0,Static
1/30/2024,ZAAUTO2024-1-00338,ZAAUTO2024-1,0,Current,Current,833139.43,0,0,1/1/2024,25873.88,FALSE,Same,FALSE,FALSE,Standard,0,Static
2/28/2024,ZAAUTO2024-1-00338,ZAAUTO2024-1,0,Current,Current,819968.11,0,0,2/14/2024,23663.47,FALSE,Same,FALSE,FALSE,Standard,0,Static
3/30/2024,ZAAUTO2024-1-00338,ZAAUTO2024-1,0,Current,Current,770597.64,0,0,3/15/2024,26660.35,FALSE,Same,FALSE,FALSE,Standard,0,Static
4/30/2024,ZAAUTO2024-1-00338,ZAAUTO2024-1,0,Current,Current,758537.16,0,0,4/14/2024,26366.68,FALSE,Same,FALSE,FALSE,Standard,0,Static
5/30/2024,ZAAUTO2024-1-00338,ZAAUTO2024-1,0,Current,Current,736998.25,0,0,4/29/2024,25390.35,FALSE,Same,FALSE,FALSE,Standard,0,Static
5/30/2024,ZAAUTO2024-1-00338,ZAAUTO2024-1,0,Current,Current,722558.02,0,0,5/19/2024,26473.6,FALSE,Same,FALSE,FALSE,Standard,0,Static
6/30/2024,ZAAUTO2024-1-00338,ZAAUTO2024-1,0,Current,Current,694489.94,0,0,6/2/2024,23053.31,FALSE,Same,FALSE,FALSE,Standard,0,Static
7/30/2024,ZAAUTO2024-1-00338,ZAAUTO2024-1,0,Current,Current,671013.62,0,0,7/2/2024,23311.37,FALSE,Same,FALSE,FALSE,Standard,0,Static
8/30/2024,ZAAUTO2024-1-00338,ZAAUTO2024-1,0,Current,Current,625466.68,0,0,8/15/2024,25603.53,FALSE,Same,FALSE,FALSE,Standard,0,Static
9/30/2024,ZAAUTO2024-1-00338,ZAAUTO2024-1,0,Current,Current,628354.13,0,0,8/28/2024,26540.39,FALSE,Same,FALSE,FALSE,Standard,0,Static
10/30/2024,ZAAUTO2024-1-00338,ZAAUTO2024-1,0,Current,Current,611694.22,0,0,10/17/2024,24926.09,FALSE,Same,FALSE,FALSE,Standard,0,Static
12/30/2023,ZAAUTO2024-1-00339,ZAAUTO2024-1,0,Current,Current,894811.44,0,0,12/27/2023,30898.4,FALSE,Same,FALSE,FALSE,Standard,0,Static
1/30/2024,ZAAUTO2024-1-00339,ZAAUTO2024-1,0,Current,Current,862378.99,0,0,1/28/2024,29564.56,FALSE,Same,FALSE,FALSE,Standard,0,Static
2/28/2024,ZAAUTO2024-1-00339,ZAAUTO2024-1,0,Current,Current,867687.13,0,0,1/30/2024,30759.88,FALSE,Same,FALSE,FALSE,Standard,0,Static
3/30/2024,ZAAUTO2024-1-00339,ZAAUTO2024-1,0,Current,Current,846190.84,0,0,3/2/2024,29960.94,FALSE,Same,FALSE,FALSE,Standard,0,Static
4/30/2024,ZAAUTO2024-1-00339,ZAAUTO2024-1,0,Current,Current,810297.54,0,0,4/7/2024,31461.67,FALSE,Same,FALSE,FALSE,Standard,0,Static
5/30/2024,ZAAUTO2024-1-00339,ZAAUTO2024-1,0,Current,Current,800593.03,0,0,5/15/2024,31320.49,FALSE,Same,FALSE,FALSE,Standard,0,Static
5/30/2024,ZAAUTO2024-1-00339,ZAAUTO2024-1,0,Current,Current,784335.76,0,0,5/27/2024,32081.46,FALSE,Same,FALSE,FALSE,Standard,0,Static
6/30/2024,ZAAUTO2024-1-00339,ZAAUTO2024-1,0,Current,Current,794922.11,0,0,6/28/2024,29265.78,FALSE,Same,FALSE,FALSE,Standard,0,Static
7/30/2024,ZAAUTO2024-1-00339,ZAAUTO2024-1,0,Current,Current,741349.15,0,0,7/11/2024,29427.6,FALSE,Same,FALSE,FALSE,Standard,0,Static
8/30/2024,ZAAUTO2024-1-00339,ZAAUTO2024-1,0,Current,Current,728848.05,0,0,8/25/2024,32156.87,FALSE,Same,FALSE,FALSE,Standard,0,Static
9/30/2024,ZAAUTO2024-1-00339,ZAAUTO2024-1,0,Current,Current,734259.26,0,0,9/10/2024,28829.23,FALSE,Same,FALSE,FALSE,Standard,0,Static
10/30/2024,ZAAUTO2024-1-00339,ZAAUTO2024-1,0,Current,Current,676162.32,0,0,10/20/2024,32814.76,FALSE,Same,FALSE,FALSE,Standard,0,Static
12/30/2023,ZAAUTO2024-1-00340,ZAAUTO2024-1,0,Current,Current,2001200,0,0,12/18/2023,41067.75,FALSE,Same,FALSE,FALSE,Standard,0,Static
1/30/2024,ZAAUTO2024-1-00340,ZAAUTO2024-1,0,Current,Current,2001200,0,0,12/29/2023,39260.22,FALSE,Same,FALSE,FALSE,Standard,0,Static
2/28/2024,ZAAUTO2024-1-00340,ZAAUTO2024-1,0,Current,Current,2001200,0,0,2/16/2024,43817.15,FALSE,Same,FALSE,FALSE,Standard,0,Static
3/30/2024,ZAAUTO2024-1-00340,ZAAUTO2024-1,0,Current,Current,2001200,0,0,2/29/2024,38561.57,FALSE,Same,FALSE,FALSE,Standard,0,Static
4/30/2024,ZAAUTO2024-1-00340,ZAAUTO2024-1,0,Current,Current,2001200,0,0,3/30/2024,38626.75,FALSE,Same,FALSE,FALSE,Standard,0,Static
5/30/2024,ZAAUTO2024-1-00340,ZAAUTO2024-1,0,Current,Current,2001200,0,0,5/21/2024,40559.64,FALSE,Same,FALSE,FALSE,Standard,0,Static
5/30/2024,ZAAUTO2024-1-00340,ZAAUTO2024-1,0,Current,Current,2001200,0,0,5/21/2024,38770.22,FALSE,Same,FALSE,FALSE,Standard,0,Static
6/30/2024,ZAAUTO2024-1-00340,ZAAUTO2024-1,0,Current,Current,1952037.71,0,0,6/1/2024,40637.56,FALSE,Same,FALSE,FALSE,Standard,0,Static
7/30/2024,ZAAUTO2024-1-00340,ZAAUTO2024-1,0,Current,Current,2001200,0,0,7/22/2024,38376.81,FALSE,Same,FALSE,FALSE,Standard,0,Static
8/30/2024,ZAAUTO2024-1-00340,ZAAUTO2024-1,0,Current,Current,1956217.99,0,0,8/25/2024,38772.59,FALSE,Same,FALSE,FALSE,Standard,0,Static
9/30/2024,ZAAUTO2024-1-00340,ZAAUTO2024-1,0,Current,Current,1896091.62,0,0,9/24/2024,38858.61,FALSE,Same,FALSE,FALSE,Standard,0,Static
10/30/2024,ZAAUTO2024-1-00340,ZAAUTO2024-1,0,Current,Current,1839763.72,0,0,10/23/2024,41952.37,FALSE,Same,FALSE,FALSE,Standard,0,Static
12/30/2023,ZAAUTO2024-1-00341,ZAAUTO2024-1,0,Current,Current,691700,0,0,12/6/2023,13700.71,FALSE,Same,FALSE,FALSE,Standard,0,Static
1/30/2024,ZAAUTO2024-1-00341,ZAAUTO2024-1,0,Current,Current,691700,0,0,1/19/2024,13955.88,FALSE,Same,FALSE,FALSE,Standard,0,Static
2/28/2024,ZAAUTO2024-1-00341,ZAAUTO2024-1,0,Current,Current,691700,0,0,2/9/2024,14650.51,FALSE,Same,FALSE,FALSE,Standard,0,Static
3/30/2024,ZAAUTO2024-1-00341,ZAAUTO2024-1,0,Current,Current,672064.63,0,0,3/12/2024,13352.26,FALSE,Same,FALSE,FALSE,Standard,0,Static
4/30/2024,ZAAUTO2024-1-00341,ZAAUTO2024-1,0,Current,Current,661477.57,0,0,4/29/2024,14679.02,FALSE,Same,FALSE,FALSE,Standard,0,Static
5/30/2024,ZAAUTO2024-1-00341,ZAAUTO2024-1,0,Current,Current,679834.39,0,0,4/27/2024,13275.45,FALSE,Same,FALSE,FALSE,Standard,0,Static
5/30/2024,ZAAUTO2024-1-00341,ZAAUTO2024-1,0,Current,Current,653236.55,0,0,5/30/2024,14217.66,FALSE,Same,FALSE,FALSE,Standard,0,Static
6/30/2024,ZAAUTO2024-1-00341,ZAAUTO2024-1,0,Current,Current,642648.67,0,0,6/22/2024,13296.03,FALSE,Same,FALSE,FALSE,Standard,0,Static
7/30/2024,ZAAUTO2024-1-00341,ZAAUTO2024-1,0,Current,Current,630737.51,0,0,7/22/2024,13008.47,FALSE,Same,FALSE,FALSE,Standard,0,Static
8/30/2024,ZAAUTO2024-1-00341,ZAAUTO2024-1,0,Current,Current,644702.22,0,0,8/18/2024,14486.16,FALSE,Same,FALSE,FALSE,Standard,0,Static
9/30/2024,ZAAUTO2024-1-00341,ZAAUTO2024-1,0,Current,Current,614133.12,0,0,9/8/2024,14531.45,FALSE,Same,FALSE,FALSE,Standard,0,Static
10/30/2024,ZAAUTO2024-1-00341,ZAAUTO2024-1,0,Current,Current,624503.99,0,0,10/26/2024,14723.62,FALSE,Same,FALSE,FALSE,Standard,0,Static
12/30/2023,ZAAUTO2024-1-00342,ZAAUTO2024-1,0,Current,Current,1983708.31,0,0,12/21/2023,33406.96,FALSE,Same,FALSE,FALSE,Standard,0,Static
1/30/2024,ZAAUTO2024-1-00342,ZAAUTO2024-1,0,Current,Current,1950229.76,0,0,1/8/2024,34866.82,FALSE,Same,FALSE,FALSE,Standard,0,Static
2/28/2024,ZAAUTO2024-1-00342,ZAAUTO2024-1,0,Current,Current,1936867.75,0,0,2/4/2024,33574.56,FALSE,Same,FALSE,FALSE,Standard,0,Static
3/30/2024,ZAAUTO2024-1-00342,ZAAUTO2024-1,0,Current,Current,1959328.48,0,0,3/17/2024,36446,FALSE,Same,FALSE,FALSE,Standard,0,Static
4/30/2024,ZAAUTO2024-1-00342,ZAAUTO2024-1,0,Current,Current,1840577.4,0,0,4/26/2024,36668.31,FALSE,Same,FALSE,FALSE,Standard,0,Static
5/30/2024,ZAAUTO2024-1-00342,ZAAUTO2024-1,0,Current,Current,1879672.06,0,0,5/29/2024,32690.34,FALSE,Same,FALSE,FALSE,Standard,0,Static
5/30/2024,ZAAUTO2024-1-00342,ZAAUTO2024-1,0,Current,Current,1811437.36,0,0,5/27/2024,34189.49,FALSE,Same,FALSE,FALSE,Standard,0,Static
6/30/2024,ZAAUTO2024-1-00342,ZAAUTO2024-1,0,Current,Current,1766842,0,0,6/20/2024,34492.13,FALSE,Same,FALSE,FALSE,Standard,0,Static
7/30/2024,ZAAUTO2024-1-00342,ZAAUTO2024-1,0,Current,Current,1762126.14,0,0,7/13/2024,32261.61,FALSE,Same,FALSE,FALSE,Standard,0,Static
8/30/2024,ZAAUTO2024-1-00342,ZAAUTO2024-1,0,Current,Current,1737687.04,0,0,8/27/2024,34299.45,FALSE,Same,FALSE,FALSE,Standard,0,Static
9/30/2024,ZAAUTO2024-1-00342,ZAAUTO2024-1,0,Current,Current,1722830.81,0,0,9/25/2024,34236.14,FALSE,Same,FALSE,FALSE,Standard,0,Static
10/30/2024,ZAAUTO2024-1-00342,ZAAUTO2024-1,0,Current,Current,1709587.03,0,0,10/29/2024,34135.63,FALSE,Same,FALSE,FALSE,Standard,0,Static
12/30/2023,ZAAUTO2024-1-00343,ZAAUTO2024-1,0,Current,Current,592881.96,0,0,12/12/2023,23954.47,FALSE,Same,FALSE,FALSE,Standard,0,Static
1/30/2024,ZAAUTO2024-1-00343,ZAAUTO2024-1,0,Current,Current,549372.9,0,0,1/29/2024,26272.55,FALSE,Same,FALSE,FALSE,Standard,0,Static
2/28/2024,ZAAUTO2024-1-00343,ZAAUTO2024-1,0,Current,Current,565740.56,0,0,2/3/2024,27624.48,FALSE,Same,FALSE,FALSE,Standard,0,Static
3/30/2024,ZAAUTO2024-1-00343,ZAAUTO2024-1,0,Current,Current,534875.66,0,0,3/2/2024,25289.45,FALSE,Same,FALSE,FALSE,Standard,0,Static
4/30/2024,ZAAUTO2024-1-00343,ZAAUTO2024-1,29,1-29 DPD,Current,525575.29,26473.2,1,4/26/2024,5891.16,FALSE,Worse,FALSE,FALSE,SMA-0,1,Roll
5/30/2024,ZAAUTO2024-1-00343,ZAAUTO2024-1,0,Current,1-29 DPD,500901.3,0,0,5/8/2024,25302.96,TRUE,Better,FALSE,FALSE,Standard,0,Cure
5/30/2024,ZAAUTO2024-1-00343,ZAAUTO2024-1,0,Current,Current,477797.06,0,0,5/19/2024,27581.51,FALSE,Same,FALSE,FALSE,Standard,0,Static
6/30/2024,ZAAUTO2024-1-00343,ZAAUTO2024-1,0,Current,Current,454805.86,0,0,6/24/2024,24369.34,FALSE,Same,FALSE,FALSE,Standard,0,Static
7/30/2024,ZAAUTO2024-1-00343,ZAAUTO2024-1,0,Current,Current,455447.45,0,0,7/1/2024,25550.02,FALSE,Same,FALSE,FALSE,Standard,0,Static
8/30/2024,ZAAUTO2024-1-00343,ZAAUTO2024-1,0,Current,Current,416412.56,0,0,7/26/2024,24061.75,FALSE,Same,FALSE,FALSE,Standard,0,Static
9/30/2024,ZAAUTO2024-1-00343,ZAAUTO2024-1,0,Current,Current,399763.1,0,0,8/29/2024,24312.87,FALSE,Same,FALSE,FALSE,Standard,0,Static
10/30/2024,ZAAUTO2024-1-00343,ZAAUTO2024-1,0,Current,Current,385352.69,0,0,10/4/2024,26025.18,FALSE,Same,FALSE,FALSE,Standard,0,Static
12/30/2023,ZAAUTO2024-1-00344,ZAAUTO2024-1,0,Current,Current,2302053.11,0,0,12/29/2023,45690.85,FALSE,Same,FALSE,FALSE,Standard,0,Static
1/30/2024,ZAAUTO2024-1-00344,ZAAUTO2024-1,0,Current,Current,2259297.06,0,0,1/9/2024,44599.01,FALSE,Same,FALSE,FALSE,Standard,0,Static
2/28/2024,ZAAUTO2024-1-00344,ZAAUTO2024-1,0,Current,Current,2280984.42,0,0,2/16/2024,43295.56,FALSE,Same,FALSE,FALSE,Standard,0,Static
3/30/2024,ZAAUTO2024-1-00344,ZAAUTO2024-1,0,Current,Current,2235222.72,0,0,3/24/2024,41553.59,FALSE,Same,FALSE,FALSE,Standard,0,Static
4/30/2024,ZAAUTO2024-1-00344,ZAAUTO2024-1,0,Current,Current,2206769.23,0,0,4/16/2024,42123.26,FALSE,Same,FALSE,FALSE,Standard,0,Static
5/30/2024,ZAAUTO2024-1-00344,ZAAUTO2024-1,0,Current,Current,2248148.16,0,0,5/12/2024,42316.06,FALSE,Same,FALSE,FALSE,Standard,0,Static
5/30/2024,ZAAUTO2024-1-00344,ZAAUTO2024-1,0,Current,Current,2143247.66,0,0,5/13/2024,43186.93,FALSE,Same,FALSE,FALSE,Standard,0,Static
6/30/2024,ZAAUTO2024-1-00344,ZAAUTO2024-1,0,Current,Current,2056618.51,0,0,6/5/2024,41077.8,FALSE,Same,FALSE,FALSE,Standard,0,Static
7/30/2024,ZAAUTO2024-1-00344,ZAAUTO2024-1,0,Current,Current,2094350.49,0,0,7/29/2024,40029.72,FALSE,Same,FALSE,FALSE,Standard,0,Static
8/30/2024,ZAAUTO2024-1-00344,ZAAUTO2024-1,0,Current,Current,2017976.03,0,0,8/8/2024,43450.75,FALSE,Same,FALSE,FALSE,Standard,0,Static
9/30/2024,ZAAUTO2024-1-00344,ZAAUTO2024-1,0,Current,Current,1994219.33,0,0,9/8/2024,42886.15,FALSE,Same,FALSE,FALSE,Standard,0,Static
10/30/2024,ZAAUTO2024-1-00344,ZAAUTO2024-1,0,Current,Current,1981390.11,0,0,10/14/2024,43214.47,FALSE,Same,FALSE,FALSE,Standard,0,Static
12/30/2023,ZAAUTO2024-1-00345,ZAAUTO2024-1,0,Current,Current,1167465.01,0,0,12/5/2023,30544.61,FALSE,Same,FALSE,FALSE,Standard,0,Static
1/30/2024,ZAAUTO2024-1-00345,ZAAUTO2024-1,0,Current,Current,1088767.8,0,0,1/8/2024,31248.52,FALSE,Same,FALSE,FALSE,Standard,0,Static
2/28/2024,ZAAUTO2024-1-00345,ZAAUTO2024-1,0,Current,Current,1095114.65,0,0,2/20/2024,31791.05,FALSE,Same,FALSE,FALSE,Standard,0,Static
3/30/2024,ZAAUTO2024-1-00345,ZAAUTO2024-1,0,Current,Current,1067876.13,0,0,3/28/2024,28745.05,FALSE,Same,FALSE,FALSE,Standard,0,Static
4/30/2024,ZAAUTO2024-1-00345,ZAAUTO2024-1,9,1-29 DPD,Current,1039136.65,31635.35,1,4/3/2024,1901.29,FALSE,Worse,FALSE,FALSE,SMA-0,1,Roll
5/30/2024,ZAAUTO2024-1-00345,ZAAUTO2024-1,11,1-29 DPD,1-29 DPD,1032145.45,31635.35,1,5/29/2024,14332.64,FALSE,Same,FALSE,FALSE,SMA-0,2,Static
5/30/2024,ZAAUTO2024-1-00345,ZAAUTO2024-1,26,1-29 DPD,1-29 DPD,972257.59,31635.35,1,5/2/2024,11170.71,FALSE,Same,FALSE,FALSE,SMA-0,3,Static
6/30/2024,ZAAUTO2024-1-00345,ZAAUTO2024-1,22,1-29 DPD,1-29 DPD,973809.25,31635.35,1,6/14/2024,708.96,FALSE,Same,FALSE,FALSE,SMA-0,4,Static
7/30/2024,ZAAUTO2024-1-00345,ZAAUTO2024-1,0,Current,1-29 DPD,969506.72,0,0,7/14/2024,31250.5,TRUE,Better,FALSE,FALSE,Standard,0,Cure
8/30/2024,ZAAUTO2024-1-00345,ZAAUTO2024-1,0,Current,Current,932119.44,0,0,7/26/2024,28794.23,FALSE,Same,FALSE,FALSE,Standard,0,Static
9/30/2024,ZAAUTO2024-1-00345,ZAAUTO2024-1,0,Current,Current,919629.72,0,0,9/13/2024,31196.42,FALSE,Same,FALSE,FALSE,Standard,0,Static
10/30/2024,ZAAUTO2024-1-00345,ZAAUTO2024-1,0,Current,Current,870772.63,0,0,10/26/2024,29974.49,FALSE,Same,FALSE,FALSE,Standard,0,Static
12/30/2023,ZAAUTO2024-1-00346,ZAAUTO2024-1,0,Current,Current,610332.46,0,0,12/16/2023,26479.74,FALSE,Same,FALSE,FALSE,Standard,0,Static
1/30/2024,ZAAUTO2024-1-00346,ZAAUTO2024-1,0,Current,Current,582872.79,0,0,1/2/2024,26627.62,FALSE,Same,FALSE,FALSE,Standard,0,Static
2/28/2024,ZAAUTO2024-1-00346,ZAAUTO2024-1,0,Current,Current,593554.58,0,0,2/4/2024,26300.34,FALSE,Same,FALSE,FALSE,Standard,0,Static
3/30/2024,ZAAUTO2024-1-00346,ZAAUTO2024-1,0,Current,Current,575641.28,0,0,3/24/2024,25535.19,FALSE,Same,FALSE,FALSE,Standard,0,Static
4/30/2024,ZAAUTO2024-1-00346,ZAAUTO2024-1,0,Current,Current,545963.63,0,0,4/24/2024,24489.83,FALSE,Same,FALSE,FALSE,Standard,0,Static
5/30/2024,ZAAUTO2024-1-00346,ZAAUTO2024-1,0,Current,Current,534992.09,0,0,5/27/2024,25830.47,FALSE,Same,FALSE,FALSE,Standard,0,Static
5/30/2024,ZAAUTO2024-1-00346,ZAAUTO2024-1,0,Current,Current,523176.05,0,0,5/15/2024,24827.83,FALSE,Same,FALSE,FALSE,Standard,0,Static
6/30/2024,ZAAUTO2024-1-00346,ZAAUTO2024-1,6,1-29 DPD,Current,514952.7,26553.98,1,6/3/2024,2915.87,FALSE,Worse,FALSE,FALSE,SMA-0,1,Roll
7/30/2024,ZAAUTO2024-1-00346,ZAAUTO2024-1,53,30-59 DPD,1-29 DPD,497101.53,26553.98,1,6/28/2024,10670.42,FALSE,Worse,FALSE,FALSE,SMA-1,2,Roll
8/30/2024,ZAAUTO2024-1-00346,ZAAUTO2024-1,49,30-59 DPD,30-59 DPD,468374.83,26553.98,1,8/23/2024,15863.41,FALSE,Same,FALSE,FALSE,SMA-1,3,Static
9/30/2024,ZAAUTO2024-1-00346,ZAAUTO2024-1,74,60-89 DPD,30-59 DPD,470532.5,53107.96,2,9/26/2024,11335.69,FALSE,Worse,FALSE,FALSE,SMA-2,4,Roll
10/30/2024,ZAAUTO2024-1-00346,ZAAUTO2024-1,353,120+ DPD,60-89 DPD,438002.07,292093.78,11,10/3/2024,13512.6,FALSE,Worse,FALSE,FALSE,NPA,5,Roll
12/30/2023,ZAAUTO2024-1-00347,ZAAUTO2024-1,0,Current,Current,949697.07,0,0,12/14/2023,26612.11,FALSE,Same,FALSE,FALSE,Standard,0,Static
1/30/2024,ZAAUTO2024-1-00347,ZAAUTO2024-1,0,Current,Current,944025.23,0,0,12/27/2023,30317.39,FALSE,Same,FALSE,FALSE,Standard,0,Static
2/28/2024,ZAAUTO2024-1-00347,ZAAUTO2024-1,0,Current,Current,911869.23,0,0,2/13/2024,27809.74,FALSE,Same,FALSE,FALSE,Standard,0,Static
3/30/2024,ZAAUTO2024-1-00347,ZAAUTO2024-1,0,Current,Current,882267.77,0,0,2/27/2024,28796.92,FALSE,Same,FALSE,FALSE,Standard,0,Static
4/30/2024,ZAAUTO2024-1-00347,ZAAUTO2024-1,0,Current,Current,869864.21,0,0,4/2/2024,30130.17,FALSE,Same,FALSE,FALSE,Standard,0,Static
5/30/2024,ZAAUTO2024-1-00347,ZAAUTO2024-1,0,Current,Current,846872.03,0,0,5/25/2024,30458.41,FALSE,Same,FALSE,FALSE,Standard,0,Static
5/30/2024,ZAAUTO2024-1-00347,ZAAUTO2024-1,0,Current,Current,826829.9,0,0,4/26/2024,28396,FALSE,Same,FALSE,FALSE,Standard,0,Static
6/30/2024,ZAAUTO2024-1-00347,ZAAUTO2024-1,0,Current,Current,782267.92,0,0,6/12/2024,30247.93,FALSE,Same,FALSE,FALSE,Standard,0,Static
7/30/2024,ZAAUTO2024-1-00347,ZAAUTO2024-1,0,Current,Current,754774.2,0,0,7/26/2024,30434.38,FALSE,Same,FALSE,FALSE,Standard,0,Static
8/30/2024,ZAAUTO2024-1-00347,ZAAUTO2024-1,0,Current,Current,753487.4,0,0,8/14/2024,27524.8,FALSE,Same,FALSE,FALSE,Standard,0,Static
9/30/2024,ZAAUTO2024-1-00347,ZAAUTO2024-1,5,1-29 DPD,Current,691075.41,29107.76,1,9/23/2024,7881.65,FALSE,Worse,FALSE,FALSE,SMA-0,1,Roll
10/30/2024,ZAAUTO2024-1-00347,ZAAUTO2024-1,0,Current,1-29 DPD,703566.82,0,0,10/8/2024,28475.89,TRUE,Better,FALSE,FALSE,Standard,0,Cure
12/30/2023,ZAAUTO2024-1-00348,ZAAUTO2024-1,0,Current,Current,1498700,0,0,12/25/2023,39796.16,FALSE,Same,FALSE,FALSE,Standard,0,Static
1/30/2024,ZAAUTO2024-1-00348,ZAAUTO2024-1,0,Current,Current,1498700,0,0,1/18/2024,37182.09,FALSE,Same,FALSE,FALSE,Standard,0,Static
2/28/2024,ZAAUTO2024-1-00348,ZAAUTO2024-1,0,Current,Current,1498700,0,0,2/3/2024,35499.37,FALSE,Same,FALSE,FALSE,Standard,0,Static
3/30/2024,ZAAUTO2024-1-00348,ZAAUTO2024-1,0,Current,Current,1498700,0,0,3/25/2024,40410.04,FALSE,Same,FALSE,FALSE,Standard,0,Static
4/30/2024,ZAAUTO2024-1-00348,ZAAUTO2024-1,0,Current,Current,1498700,0,0,3/30/2024,38895.96,FALSE,Same,FALSE,FALSE,Standard,0,Static
5/30/2024,ZAAUTO2024-1-00348,ZAAUTO2024-1,0,Current,Current,1498700,0,0,5/20/2024,38462.15,FALSE,Same,FALSE,FALSE,Standard,0,Static
5/30/2024,ZAAUTO2024-1-00348,ZAAUTO2024-1,0,Current,Current,1490214.16,0,0,4/28/2024,35842.82,FALSE,Same,FALSE,FALSE,Standard,0,Static
6/30/2024,ZAAUTO2024-1-00348,ZAAUTO2024-1,24,1-29 DPD,Current,1498700,38851.24,1,5/31/2024,15491.93,FALSE,Worse,FALSE,FALSE,SMA-0,1,Roll
7/30/2024,ZAAUTO2024-1-00348,ZAAUTO2024-1,2,1-29 DPD,1-29 DPD,1430012.96,38851.24,1,7/8/2024,5346.02,FALSE,Same,FALSE,FALSE,SMA-0,2,Static
8/30/2024,ZAAUTO2024-1-00348,ZAAUTO2024-1,0,Current,1-29 DPD,1393051.18,0,0,8/25/2024,39570.67,TRUE,Better,FALSE,FALSE,Standard,0,Cure
9/30/2024,ZAAUTO2024-1-00348,ZAAUTO2024-1,0,Current,Current,1402127.52,0,0,9/8/2024,37455.41,FALSE,Same,FALSE,FALSE,Standard,0,Static
10/30/2024,ZAAUTO2024-1-00348,ZAAUTO2024-1,0,Current,Current,1387089.7,0,0,9/25/2024,38709.39,FALSE,Same,FALSE,FALSE,Standard,0,Static
12/30/2023,ZAAUTO2024-1-00349,ZAAUTO2024-1,0,Current,Current,2299300,0,0,12/5/2023,41593.27,FALSE,Same,FALSE,FALSE,Standard,0,Static
1/30/2024,ZAAUTO2024-1-00349,ZAAUTO2024-1,0,Current,Current,2299300,0,0,1/4/2024,45093.97,FALSE,Same,FALSE,FALSE,Standard,0,Static
2/28/2024,ZAAUTO2024-1-00349,ZAAUTO2024-1,0,Current,Current,2299300,0,0,2/4/2024,42952.45,FALSE,Same,FALSE,FALSE,Standard,0,Static
3/30/2024,ZAAUTO2024-1-00349,ZAAUTO2024-1,0,Current,Current,2299300,0,0,3/14/2024,46665.36,FALSE,Same,FALSE,FALSE,Standard,0,Static
4/30/2024,ZAAUTO2024-1-00349,ZAAUTO2024-1,0,Current,Current,2299300,0,0,4/13/2024,43418.92,FALSE,Same,FALSE,FALSE,Standard,0,Static
5/30/2024,ZAAUTO2024-1-00349,ZAAUTO2024-1,0,Current,Current,2299300,0,0,5/26/2024,43357.6,FALSE,Same,FALSE,FALSE,Standard,0,Static
5/30/2024,ZAAUTO2024-1-00349,ZAAUTO2024-1,0,Current,Current,2275220.91,0,0,5/9/2024,41058.25,FALSE,Same,FALSE,FALSE,Standard,0,Static
6/30/2024,ZAAUTO2024-1-00349,ZAAUTO2024-1,0,Current,Current,2240353.39,0,0,6/8/2024,44273.01,FALSE,Same,FALSE,FALSE,Standard,0,Static
7/30/2024,ZAAUTO2024-1-00349,ZAAUTO2024-1,0,Current,Current,2223471.53,0,0,7/4/2024,42222.32,FALSE,Same,FALSE,FALSE,Standard,0,Static
8/30/2024,ZAAUTO2024-1-00349,ZAAUTO2024-1,0,Current,Current,2238243.89,0,0,8/30/2024,43751.8,FALSE,Same,FALSE,FALSE,Standard,0,Static
9/30/2024,ZAAUTO2024-1-00349,ZAAUTO2024-1,0,Current,Current,2208399.01,0,0,9/16/2024,42159.75,FALSE,Same,FALSE,FALSE,Standard,0,Static
10/30/2024,ZAAUTO2024-1-00349,ZAAUTO2024-1,0,Current,Current,2147543.27,0,0,9/28/2024,41904.3,FALSE,Same,FALSE,FALSE,Standard,0,Static
12/30/2023,ZAAUTO2024-1-00350,ZAAUTO2024-1,0,Current,Current,589196.13,0,0,12/26/2023,14791.59,FALSE,Same,FALSE,FALSE,Standard,0,Static
1/30/2024,ZAAUTO2024-1-00350,ZAAUTO2024-1,0,Current,Current,607533.77,0,0,1/15/2024,15132.66,FALSE,Same,FALSE,FALSE,Standard,0,Static
2/28/2024,ZAAUTO2024-1-00350,ZAAUTO2024-1,0,Current,Current,590871.89,0,0,2/18/2024,16657.97,FALSE,Same,FALSE,FALSE,Standard,0,Static
3/30/2024,ZAAUTO2024-1-00350,ZAAUTO2024-1,0,Current,Current,582081.16,0,0,3/4/2024,14538.12,FALSE,Same,FALSE,FALSE,Standard,0,Static
4/30/2024,ZAAUTO2024-1-00350,ZAAUTO2024-1,0,Current,Current,542473.87,0,0,4/4/2024,16410.1,FALSE,Same,FALSE,FALSE,Standard,0,Static
5/30/2024,ZAAUTO2024-1-00350,ZAAUTO2024-1,11,1-29 DPD,Current,528426.55,15867.95,1,5/15/2024,416.92,FALSE,Worse,FALSE,FALSE,SMA-0,1,Roll
5/30/2024,ZAAUTO2024-1-00350,ZAAUTO2024-1,0,Current,1-29 DPD,517977.48,0,0,4/25/2024,15497.54,TRUE,Better,FALSE,FALSE,Standard,0,Cure
6/30/2024,ZAAUTO2024-1-00350,ZAAUTO2024-1,0,Current,Current,510254.59,0,0,6/29/2024,16447.15,FALSE,Same,FALSE,FALSE,Standard,0,Static
7/30/2024,ZAAUTO2024-1-00350,ZAAUTO2024-1,12,1-29 DPD,Current,515053.04,15867.95,1,7/13/2024,7145.11,FALSE,Worse,FALSE,FALSE,SMA-0,1,Roll
8/30/2024,ZAAUTO2024-1-00350,ZAAUTO2024-1,0,Current,1-29 DPD,487151.47,0,0,8/14/2024,14577.65,TRUE,Better,FALSE,FALSE,Standard,0,Cure
9/30/2024,ZAAUTO2024-1-00350,ZAAUTO2024-1,0,Current,Current,460450.62,0,0,9/10/2024,15828.96,FALSE,Same,FALSE,FALSE,Standard,0,Static
10/30/2024,ZAAUTO2024-1-00350,ZAAUTO2024-1,0,Current,Current,472937.96,0,0,10/12/2024,14932.38,FALSE,Same,FALSE,FALSE,Standard,0,Static
12/30/2023,ZAAUTO2024-1-00351,ZAAUTO2024-1,0,Current,Current,1371805.8,0,0,11/26/2023,29920.83,FALSE,Same,FALSE,FALSE,Standard,0,Static
1/30/2024,ZAAUTO2024-1-00351,ZAAUTO2024-1,0,Current,Current,1343719.14,0,0,1/30/2024,30984.96,FALSE,Same,FALSE,FALSE,Standard,0,Static
2/28/2024,ZAAUTO2024-1-00351,ZAAUTO2024-1,0,Current,Current,1310270.99,0,0,1/24/2024,27732.1,FALSE,Same,FALSE,FALSE,Standard,0,Static
3/30/2024,ZAAUTO2024-1-00351,ZAAUTO2024-1,0,Current,Current,1267493.3,0,0,3/2/2024,28298.02,FALSE,Same,FALSE,FALSE,Standard,0,Static
4/30/2024,ZAAUTO2024-1-00351,ZAAUTO2024-1,0,Current,Current,1264509.5,0,0,4/24/2024,30628.37,FALSE,Same,FALSE,FALSE,Standard,0,Static
5/30/2024,ZAAUTO2024-1-00351,ZAAUTO2024-1,0,Current,Current,1267436.01,0,0,5/19/2024,31223.31,FALSE,Same,FALSE,FALSE,Standard,0,Static
5/30/2024,ZAAUTO2024-1-00351,ZAAUTO2024-1,0,Current,Current,1223032.31,0,0,5/14/2024,29539.19,FALSE,Same,FALSE,FALSE,Standard,0,Static
6/30/2024,ZAAUTO2024-1-00351,ZAAUTO2024-1,0,Current,Current,1196520.66,0,0,5/27/2024,29861.81,FALSE,Same,FALSE,FALSE,Standard,0,Static
7/30/2024,ZAAUTO2024-1-00351,ZAAUTO2024-1,0,Current,Current,1195529.19,0,0,7/5/2024,30218.63,FALSE,Same,FALSE,FALSE,Standard,0,Static
8/30/2024,ZAAUTO2024-1-00351,ZAAUTO2024-1,0,Current,Current,1139839.77,0,0,8/11/2024,31273.82,FALSE,Same,FALSE,FALSE,Standard,0,Static
9/30/2024,ZAAUTO2024-1-00351,ZAAUTO2024-1,0,Current,Current,1101032.93,0,0,9/11/2024,30183.48,FALSE,Same,FALSE,FALSE,Standard,0,Static
10/30/2024,ZAAUTO2024-1-00351,ZAAUTO2024-1,0,Current,Current,1113258.43,0,0,10/10/2024,28611.27,FALSE,Same,FALSE,FALSE,Standard,0,Static
12/30/2023,ZAAUTO2024-1-00352,ZAAUTO2024-1,0,Current,Current,2439400,0,0,12/6/2023,45752.37,FALSE,Same,FALSE,FALSE,Standard,0,Static
1/30/2024,ZAAUTO2024-1-00352,ZAAUTO2024-1,0,Current,Current,2439400,0,0,1/23/2024,40314.74,FALSE,Same,FALSE,FALSE,Standard,0,Static
2/28/2024,ZAAUTO2024-1-00352,ZAAUTO2024-1,0,Current,Current,2435741.03,0,0,2/25/2024,41355.32,FALSE,Same,FALSE,FALSE,Standard,0,Static
3/30/2024,ZAAUTO2024-1-00352,ZAAUTO2024-1,0,Current,Current,2439400,0,0,2/24/2024,45210.11,FALSE,Same,FALSE,FALSE,Standard,0,Static
4/30/2024,ZAAUTO2024-1-00352,ZAAUTO2024-1,0,Current,Current,2388093.09,0,0,4/10/2024,41498,FALSE,Same,FALSE,FALSE,Standard,0,Static
5/30/2024,ZAAUTO2024-1-00352,ZAAUTO2024-1,0,Current,Current,2439400,0,0,5/22/2024,40511.48,FALSE,Same,FALSE,FALSE,Standard,0,Static
5/30/2024,ZAAUTO2024-1-00352,ZAAUTO2024-1,0,Current,Current,2380099.62,0,0,5/10/2024,42320.41,FALSE,Same,FALSE,FALSE,Standard,0,Static
6/30/2024,ZAAUTO2024-1-00352,ZAAUTO2024-1,0,Current,Current,2257151.43,0,0,5/30/2024,39898.3,FALSE,Same,FALSE,FALSE,Standard,0,Static
7/30/2024,ZAAUTO2024-1-00352,ZAAUTO2024-1,0,Current,Current,2217185.51,0,0,7/11/2024,45206.72,FALSE,Same,FALSE,FALSE,Standard,0,Static
8/30/2024,ZAAUTO2024-1-00352,ZAAUTO2024-1,39,30-59 DPD,Current,2263512.47,44274.78,1,8/14/2024,4753.19,FALSE,Worse,FALSE,FALSE,SMA-1,1,Roll
9/30/2024,ZAAUTO2024-1-00352,ZAAUTO2024-1,39,30-59 DPD,30-59 DPD,2289018.12,44274.78,1,9/6/2024,18128.09,FALSE,Same,FALSE,FALSE,SMA-1,2,Static
10/30/2024,ZAAUTO2024-1-00352,ZAAUTO2024-1,68,60-89 DPD,30-59 DPD,2230922.63,88549.56,2,9/25/2024,16294.64,FALSE,Worse,FALSE,FALSE,SMA-2,3,Roll
12/30/2023,ZAAUTO2024-1-00353,ZAAUTO2024-1,0,Current,Current,1033536.06,0,0,12/29/2023,40571.5,FALSE,Same,FALSE,FALSE,Standard,0,Static
1/30/2024,ZAAUTO2024-1-00353,ZAAUTO2024-1,0,Current,Current,1022806.38,0,0,1/11/2024,41786.54,FALSE,Same,FALSE,FALSE,Standard,0,Static
2/28/2024,ZAAUTO2024-1-00353,ZAAUTO2024-1,0,Current,Current,1006751.27,0,0,2/16/2024,41868.37,FALSE,Same,FALSE,FALSE,Standard,0,Static
3/30/2024,ZAAUTO2024-1-00353,ZAAUTO2024-1,0,Current,Current,966982.78,0,0,3/29/2024,39669.71,FALSE,Same,FALSE,FALSE,Standard,0,Static
4/30/2024,ZAAUTO2024-1-00353,ZAAUTO2024-1,0,Current,Current,901534.12,0,0,4/7/2024,38638.25,FALSE,Same,FALSE,FALSE,Standard,0,Static
5/30/2024,ZAAUTO2024-1-00353,ZAAUTO2024-1,0,Current,Current,884179.96,0,0,5/6/2024,41880.84,FALSE,Same,FALSE,FALSE,Standard,0,Static
5/30/2024,ZAAUTO2024-1-00353,ZAAUTO2024-1,0,Current,Current,883819.53,0,0,5/19/2024,41801.48,FALSE,Same,FALSE,FALSE,Standard,0,Static
6/30/2024,ZAAUTO2024-1-00353,ZAAUTO2024-1,0,Current,Current,824310.91,0,0,6/12/2024,37379.36,FALSE,Same,FALSE,FALSE,Standard,0,Static
7/30/2024,ZAAUTO2024-1-00353,ZAAUTO2024-1,0,Current,Current,799960.46,0,0,7/9/2024,40771.79,FALSE,Same,FALSE,FALSE,Standard,0,Static
8/30/2024,ZAAUTO2024-1-00353,ZAAUTO2024-1,0,Current,Current,769320.65,0,0,8/27/2024,37101.3,FALSE,Same,FALSE,FALSE,Standard,0,Static
9/30/2024,ZAAUTO2024-1-00353,ZAAUTO2024-1,0,Current,Current,772674.35,0,0,9/3/2024,38034.27,FALSE,Same,FALSE,FALSE,Standard,0,Static
10/30/2024,ZAAUTO2024-1-00353,ZAAUTO2024-1,0,Current,Current,705488.03,0,0,10/19/2024,37984.2,FALSE,Same,FALSE,FALSE,Standard,0,Static
12/30/2023,ZAAUTO2024-1-00354,ZAAUTO2024-1,0,Current,Current,708397.01,0,0,12/13/2023,17030.69,FALSE,Same,FALSE,FALSE,Standard,0,Static
1/30/2024,ZAAUTO2024-1-00354,ZAAUTO2024-1,0,Current,Current,696500.73,0,0,1/7/2024,17542.38,FALSE,Same,FALSE,FALSE,Standard,0,Static
2/28/2024,ZAAUTO2024-1-00354,ZAAUTO2024-1,0,Current,Current,721113.61,0,0,2/12/2024,16584.6,FALSE,Same,FALSE,FALSE,Standard,0,Static
3/30/2024,ZAAUTO2024-1-00354,ZAAUTO2024-1,0,Current,Current,691004.55,0,0,3/6/2024,17752.19,FALSE,Same,FALSE,FALSE,Standard,0,Static
4/30/2024,ZAAUTO2024-1-00354,ZAAUTO2024-1,0,Current,Current,653054.53,0,0,3/27/2024,15268.7,FALSE,Same,FALSE,FALSE,Standard,0,Static
5/30/2024,ZAAUTO2024-1-00354,ZAAUTO2024-1,0,Current,Current,662252.91,0,0,4/27/2024,17723.27,FALSE,Same,FALSE,FALSE,Standard,0,Static
5/30/2024,ZAAUTO2024-1-00354,ZAAUTO2024-1,0,Current,Current,649224.57,0,0,4/29/2024,17747.78,FALSE,Same,FALSE,FALSE,Standard,0,Static
6/30/2024,ZAAUTO2024-1-00354,ZAAUTO2024-1,5,1-29 DPD,Current,622973.71,16922.87,1,6/25/2024,1755.47,FALSE,Worse,FALSE,FALSE,SMA-0,1,Roll
7/30/2024,ZAAUTO2024-1-00354,ZAAUTO2024-1,0,Current,1-29 DPD,627608.77,0,0,7/8/2024,16357.87,TRUE,Better,FALSE,FALSE,Standard,0,Cure
8/30/2024,ZAAUTO2024-1-00354,ZAAUTO2024-1,0,Current,Current,622399.81,0,0,8/30/2024,17593.82,FALSE,Same,FALSE,FALSE,Standard,0,Static
9/30/2024,ZAAUTO2024-1-00354,ZAAUTO2024-1,0,Current,Current,587043.83,0,0,9/22/2024,17754.33,FALSE,Same,FALSE,FALSE,Standard,0,Static
10/30/2024,ZAAUTO2024-1-00354,ZAAUTO2024-1,0,Current,Current,579511.79,0,0,10/14/2024,17395.21,FALSE,Same,FALSE,FALSE,Standard,0,Static
12/30/2023,ZAAUTO2024-1-00355,ZAAUTO2024-1,0,Current,Current,755600,0,0,12/6/2023,19611.29,FALSE,Same,FALSE,FALSE,Standard,0,Static
1/30/2024,ZAAUTO2024-1-00355,ZAAUTO2024-1,0,Current,Current,755600,0,0,1/1/2024,18719.35,FALSE,Same,FALSE,FALSE,Standard,0,Static
2/28/2024,ZAAUTO2024-1-00355,ZAAUTO2024-1,0,Current,Current,755600,0,0,2/18/2024,18189.22,FALSE,Same,FALSE,FALSE,Standard,0,Static
3/30/2024,ZAAUTO2024-1-00355,ZAAUTO2024-1,0,Current,Current,755600,0,0,2/27/2024,17636.08,FALSE,Same,FALSE,FALSE,Standard,0,Static
4/30/2024,ZAAUTO2024-1-00355,ZAAUTO2024-1,0,Current,Current,755600,0,0,3/26/2024,19120.94,FALSE,Same,FALSE,FALSE,Standard,0,Static
5/30/2024,ZAAUTO2024-1-00355,ZAAUTO2024-1,0,Current,Current,755600,0,0,5/10/2024,19646.28,FALSE,Same,FALSE,FALSE,Standard,0,Static
5/30/2024,ZAAUTO2024-1-00355,ZAAUTO2024-1,0,Current,Current,755600,0,0,5/13/2024,17271.41,FALSE,Same,FALSE,FALSE,Standard,0,Static
6/30/2024,ZAAUTO2024-1-00355,ZAAUTO2024-1,0,Current,Current,755600,0,0,6/3/2024,17863.53,FALSE,Same,FALSE,FALSE,Standard,0,Static
7/30/2024,ZAAUTO2024-1-00355,ZAAUTO2024-1,0,Current,Current,755600,0,0,7/12/2024,18999.53,FALSE,Same,FALSE,FALSE,Standard,0,Static
8/30/2024,ZAAUTO2024-1-00355,ZAAUTO2024-1,0,Current,Current,735726.02,0,0,8/21/2024,19621.2,FALSE,Same,FALSE,FALSE,Standard,0,Static
9/30/2024,ZAAUTO2024-1-00355,ZAAUTO2024-1,0,Current,Current,751102.6,0,0,9/26/2024,17454.93,FALSE,Same,FALSE,FALSE,Standard,0,Static
10/30/2024,ZAAUTO2024-1-00355,ZAAUTO2024-1,0,Current,Current,744741.37,0,0,10/21/2024,19806.24,FALSE,Same,FALSE,FALSE,Standard,0,Static
12/30/2023,ZAAUTO2024-1-00356,ZAAUTO2024-1,0,Current,Current,1416300.08,0,0,12/17/2023,37326.46,FALSE,Same,FALSE,FALSE,Standard,0,Static
1/30/2024,ZAAUTO2024-1-00356,ZAAUTO2024-1,0,Current,Current,1383256.55,0,0,1/20/2024,38799.63,FALSE,Same,FALSE,FALSE,Standard,0,Static
2/28/2024,ZAAUTO2024-1-00356,ZAAUTO2024-1,1,1-29 DPD,Current,1350829.7,39860.2,1,1/24/2024,12888.3,FALSE,Worse,FALSE,FALSE,SMA-0,1,Roll
3/30/2024,ZAAUTO2024-1-00356,ZAAUTO2024-1,0,Current,1-29 DPD,1376197.03,0,0,3/26/2024,41241.79,TRUE,Better,FALSE,FALSE,Standard,0,Cure
4/30/2024,ZAAUTO2024-1-00356,ZAAUTO2024-1,0,Current,Current,1321673,0,0,4/30/2024,39790.77,FALSE,Same,FALSE,FALSE,Standard,0,Static
5/30/2024,ZAAUTO2024-1-00356,ZAAUTO2024-1,0,Current,Current,1271822.73,0,0,5/26/2024,39501.9,FALSE,Same,FALSE,FALSE,Standard,0,Static
5/30/2024,ZAAUTO2024-1-00356,ZAAUTO2024-1,0,Current,Current,1279677.51,0,0,5/15/2024,40817.05,FALSE,Same,FALSE,FALSE,Standard,0,Static
6/30/2024,ZAAUTO2024-1-00356,ZAAUTO2024-1,0,Current,Current,1245198.53,0,0,6/18/2024,36072.68,FALSE,Same,FALSE,FALSE,Standard,0,Static
7/30/2024,ZAAUTO2024-1-00356,ZAAUTO2024-1,0,Current,Current,1254133.79,0,0,7/16/2024,37817.36,FALSE,Same,FALSE,FALSE,Standard,0,Static
8/30/2024,ZAAUTO2024-1-00356,ZAAUTO2024-1,0,Current,Current,1225673.59,0,0,8/21/2024,37469.18,FALSE,Same,FALSE,FALSE,Standard,0,Static
9/30/2024,ZAAUTO2024-1-00356,ZAAUTO2024-1,29,1-29 DPD,Current,1175919.89,39860.2,1,9/16/2024,21072.41,FALSE,Worse,FALSE,FALSE,SMA-0,1,Roll
10/30/2024,ZAAUTO2024-1-00356,ZAAUTO2024-1,0,Current,1-29 DPD,1135401.62,0,0,10/24/2024,38951.6,TRUE,Better,FALSE,FALSE,Standard,0,Cure
12/30/2023,ZAAUTO2024-1-00357,ZAAUTO2024-1,9,1-29 DPD,Current,424947.71,13838.32,1,12/27/2023,6857.04,FALSE,Worse,FALSE,FALSE,SMA-0,1,Roll
1/30/2024,ZAAUTO2024-1-00357,ZAAUTO2024-1,0,Current,1-29 DPD,411815.71,0,0,12/27/2023,14279.09,TRUE,Better,FALSE,FALSE,Standard,0,Cure
2/28/2024,ZAAUTO2024-1-00357,ZAAUTO2024-1,0,Current,Current,414157.17,0,0,1/29/2024,13705.68,FALSE,Same,FALSE,FALSE,Standard,0,Static
3/30/2024,ZAAUTO2024-1-00357,ZAAUTO2024-1,0,Current,Current,388925.66,0,0,2/24/2024,12676.91,FALSE,Same,FALSE,FALSE,Standard,0,Static
4/30/2024,ZAAUTO2024-1-00357,ZAAUTO2024-1,0,Current,Current,388986.86,0,0,4/10/2024,12954.58,FALSE,Same,FALSE,FALSE,Standard,0,Static
5/30/2024,ZAAUTO2024-1-00357,ZAAUTO2024-1,0,Current,Current,375857.9,0,0,5/21/2024,13568.4,FALSE,Same,FALSE,FALSE,Standard,0,Static
5/30/2024,ZAAUTO2024-1-00357,ZAAUTO2024-1,0,Current,Current,373355.85,0,0,4/28/2024,13826.7,FALSE,Same,FALSE,FALSE,Standard,0,Static
6/30/2024,ZAAUTO2024-1-00357,ZAAUTO2024-1,0,Current,Current,359038.45,0,0,6/6/2024,14123.19,FALSE,Same,FALSE,FALSE,Standard,0,Static
7/30/2024,ZAAUTO2024-1-00357,ZAAUTO2024-1,0,Current,Current,339581.25,0,0,7/3/2024,14505.68,FALSE,Same,FALSE,FALSE,Standard,0,Static
8/30/2024,ZAAUTO2024-1-00357,ZAAUTO2024-1,0,Current,Current,326803.49,0,0,8/21/2024,14291.11,FALSE,Same,FALSE,FALSE,Standard,0,Static
9/30/2024,ZAAUTO2024-1-00357,ZAAUTO2024-1,0,Current,Current,320278.14,0,0,9/27/2024,13089.82,FALSE,Same,FALSE,FALSE,Standard,0,Static
10/30/2024,ZAAUTO2024-1-00357,ZAAUTO2024-1,0,Current,Current,313018.88,0,0,9/30/2024,13655.88,FALSE,Same,FALSE,FALSE,Standard,0,Static
12/30/2023,ZAAUTO2024-1-00358,ZAAUTO2024-1,0,Current,Current,802486.21,0,0,12/14/2023,28355.23,FALSE,Same,FALSE,FALSE,Standard,0,Static
1/30/2024,ZAAUTO2024-1-00358,ZAAUTO2024-1,0,Current,Current,768287.7,0,0,1/17/2024,31370.34,FALSE,Same,FALSE,FALSE,Standard,0,Static
2/28/2024,ZAAUTO2024-1-00358,ZAAUTO2024-1,0,Current,Current,776626.43,0,0,1/31/2024,28298.77,FALSE,Same,FALSE,FALSE,Standard,0,Static
3/30/2024,ZAAUTO2024-1-00358,ZAAUTO2024-1,0,Current,Current,734038.71,0,0,3/24/2024,28244.65,FALSE,Same,FALSE,FALSE,Standard,0,Static
4/30/2024,ZAAUTO2024-1-00358,ZAAUTO2024-1,0,Current,Current,707672.2,0,0,3/26/2024,29847.33,FALSE,Same,FALSE,FALSE,Standard,0,Static
5/30/2024,ZAAUTO2024-1-00358,ZAAUTO2024-1,0,Current,Current,701863.22,0,0,5/20/2024,31884.91,FALSE,Same,FALSE,FALSE,Standard,0,Static
5/30/2024,ZAAUTO2024-1-00358,ZAAUTO2024-1,0,Current,Current,690144.33,0,0,5/19/2024,29925.91,FALSE,Same,FALSE,FALSE,Standard,0,Static
6/30/2024,ZAAUTO2024-1-00358,ZAAUTO2024-1,0,Current,Current,667186.89,0,0,6/27/2024,30819.54,FALSE,Same,FALSE,FALSE,Standard,0,Static
7/30/2024,ZAAUTO2024-1-00358,ZAAUTO2024-1,0,Current,Current,648707.84,0,0,7/17/2024,28321.96,FALSE,Same,FALSE,FALSE,Standard,0,Static
8/30/2024,ZAAUTO2024-1-00358,ZAAUTO2024-1,0,Current,Current,608839.19,0,0,8/23/2024,27619.94,FALSE,Same,FALSE,FALSE,Standard,0,Static
9/30/2024,ZAAUTO2024-1-00358,ZAAUTO2024-1,0,Current,Current,593669.77,0,0,9/30/2024,27626.26,FALSE,Same,FALSE,FALSE,Standard,0,Static
10/30/2024,ZAAUTO2024-1-00358,ZAAUTO2024-1,0,Current,Current,592846.77,0,0,10/6/2024,29669.8,FALSE,Same,FALSE,FALSE,Standard,0,Static
12/30/2023,ZAAUTO2024-1-00359,ZAAUTO2024-1,0,Current,Current,863709.7,0,0,12/18/2023,28034.76,FALSE,Same,FALSE,FALSE,Standard,0,Static
1/30/2024,ZAAUTO2024-1-00359,ZAAUTO2024-1,0,Current,Current,848904.61,0,0,1/12/2024,26666.78,FALSE,Same,FALSE,FALSE,Standard,0,Static
2/28/2024,ZAAUTO2024-1-00359,ZAAUTO2024-1,0,Current,Current,831151.69,0,0,1/24/2024,27668.27,FALSE,Same,FALSE,FALSE,Standard,0,Static
3/30/2024,ZAAUTO2024-1-00359,ZAAUTO2024-1,0,Current,Current,794498.72,0,0,3/15/2024,29215.87,FALSE,Same,FALSE,FALSE,Standard,0,Static
4/30/2024,ZAAUTO2024-1-00359,ZAAUTO2024-1,0,Current,Current,768223.96,0,0,3/29/2024,29717.22,FALSE,Same,FALSE,FALSE,Standard,0,Static
5/30/2024,ZAAUTO2024-1-00359,ZAAUTO2024-1,0,Current,Current,794127.9,0,0,5/13/2024,28247.99,FALSE,Same,FALSE,FALSE,Standard,0,Static
5/30/2024,ZAAUTO2024-1-00359,ZAAUTO2024-1,0,Current,Current,778683.66,0,0,4/25/2024,29217.46,FALSE,Same,FALSE,FALSE,Standard,0,Static
6/30/2024,ZAAUTO2024-1-00359,ZAAUTO2024-1,0,Current,Current,735471.46,0,0,6/11/2024,28193.12,FALSE,Same,FALSE,FALSE,Standard,0,Static
7/30/2024,ZAAUTO2024-1-00359,ZAAUTO2024-1,0,Current,Current,763819.95,0,0,7/10/2024,30055.7,FALSE,Same,FALSE,FALSE,Standard,0,Static
8/30/2024,ZAAUTO2024-1-00359,ZAAUTO2024-1,0,Current,Current,740185.71,0,0,8/28/2024,26411.36,FALSE,Same,FALSE,FALSE,Standard,0,Static
9/30/2024,ZAAUTO2024-1-00359,ZAAUTO2024-1,0,Current,Current,723773.34,0,0,9/29/2024,28405.93,FALSE,Same,FALSE,FALSE,Standard,0,Static
10/30/2024,ZAAUTO2024-1-00359,ZAAUTO2024-1,0,Current,Current,711193.64,0,0,10/19/2024,26410.73,FALSE,Same,FALSE,FALSE,Standard,0,Static
12/30/2023,ZAAUTO2024-1-00360,ZAAUTO2024-1,0,Current,Current,779883.67,0,0,12/13/2023,40129.51,FALSE,Same,FALSE,FALSE,Standard,0,Static
1/30/2024,ZAAUTO2024-1-00360,ZAAUTO2024-1,0,Current,Current,740170.66,0,0,1/5/2024,45558.11,FALSE,Same,FALSE,FALSE,Standard,0,Static
2/28/2024,ZAAUTO2024-1-00360,ZAAUTO2024-1,0,Current,Current,736703.79,0,0,2/23/2024,44193.37,FALSE,Same,FALSE,FALSE,Standard,0,Static
3/30/2024,ZAAUTO2024-1-00360,ZAAUTO2024-1,0,Current,Current,738604.95,0,0,3/16/2024,46023.45,FALSE,Same,FALSE,FALSE,Standard,0,Static
4/30/2024,ZAAUTO2024-1-00360,ZAAUTO2024-1,0,Current,Current,683614.36,0,0,4/2/2024,43091.29,FALSE,Same,FALSE,FALSE,Standard,0,Static
5/30/2024,ZAAUTO2024-1-00360,ZAAUTO2024-1,0,Current,Current,669819.86,0,0,5/13/2024,44611.44,FALSE,Same,FALSE,FALSE,Standard,0,Static
5/30/2024,ZAAUTO2024-1-00360,ZAAUTO2024-1,0,Current,Current,668604.52,0,0,4/27/2024,43575.6,FALSE,Same,FALSE,FALSE,Standard,0,Static
6/30/2024,ZAAUTO2024-1-00360,ZAAUTO2024-1,0,Current,Current,644593.96,0,0,5/26/2024,44530.96,FALSE,Same,FALSE,FALSE,Standard,0,Static
7/30/2024,ZAAUTO2024-1-00360,ZAAUTO2024-1,0,Current,Current,628257.1,0,0,6/25/2024,40855.91,FALSE,Same,FALSE,FALSE,Standard,0,Static
8/30/2024,ZAAUTO2024-1-00360,ZAAUTO2024-1,0,Current,Current,614421.26,0,0,8/6/2024,43042.82,FALSE,Same,FALSE,FALSE,Standard,0,Static
9/30/2024,ZAAUTO2024-1-00360,ZAAUTO2024-1,0,Current,Current,595587.45,0,0,9/5/2024,40572.68,FALSE,Same,FALSE,FALSE,Standard,0,Static
10/30/2024,ZAAUTO2024-1-00360,ZAAUTO2024-1,0,Current,Current,577774.34,0,0,10/30/2024,43001.05,FALSE,Same,FALSE,FALSE,Standard,0,Static
12/30/2023,ZAAUTO2024-1-00361,ZAAUTO2024-1,0,Current,Current,1807758.24,0,0,12/3/2023,67641.58,FALSE,Same,FALSE,FALSE,Standard,0,Static
1/30/2024,ZAAUTO2024-1-00361,ZAAUTO2024-1,0,Current,Current,1731561.89,0,0,1/26/2024,71896.01,FALSE,Same,FALSE,FALSE,Standard,0,Static
2/28/2024,ZAAUTO2024-1-00361,ZAAUTO2024-1,0,Current,Current,1753002.9,0,0,2/27/2024,73251.59,FALSE,Same,FALSE,FALSE,Standard,0,Static
3/30/2024,ZAAUTO2024-1-00361,ZAAUTO2024-1,0,Current,Current,1641263.98,0,0,3/29/2024,75988.23,FALSE,Same,FALSE,FALSE,Standard,0,Static
4/30/2024,ZAAUTO2024-1-00361,ZAAUTO2024-1,0,Current,Current,1597369.79,0,0,4/8/2024,70639.64,FALSE,Same,FALSE,FALSE,Standard,0,Static
5/30/2024,ZAAUTO2024-1-00361,ZAAUTO2024-1,0,Current,Current,1660758.08,0,0,4/27/2024,71983.15,FALSE,Same,FALSE,FALSE,Standard,0,Static
5/30/2024,ZAAUTO2024-1-00361,ZAAUTO2024-1,0,Current,Current,1612501.49,0,0,5/19/2024,69825.27,FALSE,Same,FALSE,FALSE,Standard,0,Static
6/30/2024,ZAAUTO2024-1-00361,ZAAUTO2024-1,0,Current,Current,1521433.51,0,0,6/25/2024,71720.31,FALSE,Same,FALSE,FALSE,Standard,0,Static
7/30/2024,ZAAUTO2024-1-00361,ZAAUTO2024-1,0,Current,Current,1457642.44,0,0,7/7/2024,75892.54,FALSE,Same,FALSE,FALSE,Standard,0,Static
8/30/2024,ZAAUTO2024-1-00361,ZAAUTO2024-1,0,Current,Current,1524626.48,0,0,8/1/2024,69618.06,FALSE,Same,FALSE,FALSE,Standard,0,Static
9/30/2024,ZAAUTO2024-1-00361,ZAAUTO2024-1,0,Current,Current,1447029.08,0,0,9/23/2024,70705.51,FALSE,Same,FALSE,FALSE,Standard,0,Static
10/30/2024,ZAAUTO2024-1-00361,ZAAUTO2024-1,0,Current,Current,1409250.54,0,0,10/25/2024,73008.09,FALSE,Same,FALSE,FALSE,Standard,0,Static
12/30/2023,ZAAUTO2024-1-00362,ZAAUTO2024-1,0,Current,Current,1377391.04,0,0,12/3/2023,33640.08,FALSE,Same,FALSE,FALSE,Standard,0,Static
1/30/2024,ZAAUTO2024-1-00362,ZAAUTO2024-1,0,Current,Current,1275681.79,0,0,12/31/2023,34005.12,FALSE,Same,FALSE,FALSE,Standard,0,Static
2/28/2024,ZAAUTO2024-1-00362,ZAAUTO2024-1,0,Current,Current,1286350.77,0,0,1/31/2024,32497.27,FALSE,Same,FALSE,FALSE,Standard,0,Static
3/30/2024,ZAAUTO2024-1-00362,ZAAUTO2024-1,0,Current,Current,1268165.22,0,0,3/14/2024,36081.3,FALSE,Same,FALSE,FALSE,Standard,0,Static
4/30/2024,ZAAUTO2024-1-00362,ZAAUTO2024-1,0,Current,Current,1209557.34,0,0,4/22/2024,32775.57,FALSE,Same,FALSE,FALSE,Standard,0,Static
5/30/2024,ZAAUTO2024-1-00362,ZAAUTO2024-1,0,Current,Current,1197065.63,0,0,5/12/2024,34212.24,FALSE,Same,FALSE,FALSE,Standard,0,Static
5/30/2024,ZAAUTO2024-1-00362,ZAAUTO2024-1,0,Current,Current,1191486.66,0,0,5/28/2024,33922.94,FALSE,Same,FALSE,FALSE,Standard,0,Static
6/30/2024,ZAAUTO2024-1-00362,ZAAUTO2024-1,0,Current,Current,1157836.19,0,0,6/22/2024,32226.12,FALSE,Same,FALSE,FALSE,Standard,0,Static
7/30/2024,ZAAUTO2024-1-00362,ZAAUTO2024-1,0,Current,Current,1112797.9,0,0,7/22/2024,36744.61,FALSE,Same,FALSE,FALSE,Standard,0,Static
8/30/2024,ZAAUTO2024-1-00362,ZAAUTO2024-1,0,Current,Current,1067868.08,0,0,8/30/2024,36023.86,FALSE,Same,FALSE,FALSE,Standard,0,Static
9/30/2024,ZAAUTO2024-1-00362,ZAAUTO2024-1,0,Current,Current,1013481.77,0,0,9/27/2024,32550.82,FALSE,Same,FALSE,FALSE,Standard,0,Static
10/30/2024,ZAAUTO2024-1-00362,ZAAUTO2024-1,0,Current,Current,1013497.94,0,0,10/9/2024,34411.73,FALSE,Same,FALSE,FALSE,Standard,0,Static
12/30/2023,ZAAUTO2024-1-00363,ZAAUTO2024-1,0,Current,Current,498418.01,0,0,12/30/2023,24220.86,FALSE,Same,FALSE,FALSE,Standard,0,Static
1/30/2024,ZAAUTO2024-1-00363,ZAAUTO2024-1,0,Current,Current,476222.3,0,0,12/28/2023,24718.03,FALSE,Same,FALSE,FALSE,Standard,0,Static
2/28/2024,ZAAUTO2024-1-00363,ZAAUTO2024-1,0,Current,Current,471232.38,0,0,1/31/2024,24948.31,FALSE,Same,FALSE,FALSE,Standard,0,Static
3/30/2024,ZAAUTO2024-1-00363,ZAAUTO2024-1,0,Current,Current,441552.28,0,0,3/4/2024,24277.14,FALSE,Same,FALSE,FALSE,Standard,0,Static
4/30/2024,ZAAUTO2024-1-00363,ZAAUTO2024-1,0,Current,Current,455403.81,0,0,3/27/2024,27682.17,FALSE,Same,FALSE,FALSE,Standard,0,Static
5/30/2024,ZAAUTO2024-1-00363,ZAAUTO2024-1,0,Current,Current,438830.64,0,0,5/7/2024,24012.31,FALSE,Same,FALSE,FALSE,Standard,0,Static
5/30/2024,ZAAUTO2024-1-00363,ZAAUTO2024-1,0,Current,Current,405203.95,0,0,5/8/2024,27757.23,FALSE,Same,FALSE,FALSE,Standard,0,Static
6/30/2024,ZAAUTO2024-1-00363,ZAAUTO2024-1,0,Current,Current,410465.4,0,0,6/27/2024,24353.01,FALSE,Same,FALSE,FALSE,Standard,0,Static
7/30/2024,ZAAUTO2024-1-00363,ZAAUTO2024-1,0,Current,Current,396742.57,0,0,7/30/2024,26427.73,FALSE,Same,FALSE,FALSE,Standard,0,Static
8/30/2024,ZAAUTO2024-1-00363,ZAAUTO2024-1,0,Current,Current,392291.65,0,0,8/24/2024,27909.49,FALSE,Same,FALSE,FALSE,Standard,0,Static
9/30/2024,ZAAUTO2024-1-00363,ZAAUTO2024-1,22,1-29 DPD,Current,360295.06,26652.6,1,9/19/2024,6834.85,FALSE,Worse,FALSE,FALSE,SMA-0,1,Roll
10/30/2024,ZAAUTO2024-1-00363,ZAAUTO2024-1,0,Current,1-29 DPD,365813.35,0,0,10/28/2024,26961.24,TRUE,Better,FALSE,FALSE,Standard,0,Cure
12/30/2023,ZAAUTO2024-1-00364,ZAAUTO2024-1,0,Current,Current,2384100,0,0,12/14/2023,41873.01,FALSE,Same,FALSE,FALSE,Standard,0,Static
1/30/2024,ZAAUTO2024-1-00364,ZAAUTO2024-1,0,Current,Current,2384100,0,0,1/25/2024,41698.43,FALSE,Same,FALSE,FALSE,Standard,0,Static
2/28/2024,ZAAUTO2024-1-00364,ZAAUTO2024-1,0,Current,Current,2384100,0,0,2/9/2024,39785.58,FALSE,Same,FALSE,FALSE,Standard,0,Static
3/30/2024,ZAAUTO2024-1-00364,ZAAUTO2024-1,0,Current,Current,2384100,0,0,3/12/2024,37755.79,FALSE,Same,FALSE,FALSE,Standard,0,Static
4/30/2024,ZAAUTO2024-1-00364,ZAAUTO2024-1,0,Current,Current,2384100,0,0,3/28/2024,39218.98,FALSE,Same,FALSE,FALSE,Standard,0,Static
5/30/2024,ZAAUTO2024-1-00364,ZAAUTO2024-1,0,Current,Current,2384100,0,0,5/17/2024,41625.35,FALSE,Same,FALSE,FALSE,Standard,0,Static
5/30/2024,ZAAUTO2024-1-00364,ZAAUTO2024-1,0,Current,Current,2333673.31,0,0,5/22/2024,39988.12,FALSE,Same,FALSE,FALSE,Standard,0,Static
6/30/2024,ZAAUTO2024-1-00364,ZAAUTO2024-1,0,Current,Current,2276789.32,0,0,5/31/2024,41023.8,FALSE,Same,FALSE,FALSE,Standard,0,Static
7/30/2024,ZAAUTO2024-1-00364,ZAAUTO2024-1,0,Current,Current,2263872.68,0,0,7/25/2024,42196.09,FALSE,Same,FALSE,FALSE,Standard,0,Static
8/30/2024,ZAAUTO2024-1-00364,ZAAUTO2024-1,0,Current,Current,2289365.78,0,0,7/29/2024,41992.12,FALSE,Same,FALSE,FALSE,Standard,0,Static
9/30/2024,ZAAUTO2024-1-00364,ZAAUTO2024-1,0,Current,Current,2282330.39,0,0,9/18/2024,41258.94,FALSE,Same,FALSE,FALSE,Standard,0,Static
10/30/2024,ZAAUTO2024-1-00364,ZAAUTO2024-1,0,Current,Current,2220212.57,0,0,10/25/2024,37672.2,FALSE,Same,FALSE,FALSE,Standard,0,Static
12/30/2023,ZAAUTO2024-1-00365,ZAAUTO2024-1,0,Current,Current,2672500,0,0,12/7/2023,55394.21,FALSE,Same,FALSE,FALSE,Standard,0,Static
1/30/2024,ZAAUTO2024-1-00365,ZAAUTO2024-1,0,Current,Current,2672500,0,0,1/15/2024,54529.85,FALSE,Same,FALSE,FALSE,Standard,0,Static
2/28/2024,ZAAUTO2024-1-00365,ZAAUTO2024-1,0,Current,Current,2672500,0,0,2/2/2024,56186.59,FALSE,Same,FALSE,FALSE,Standard,0,Static
3/30/2024,ZAAUTO2024-1-00365,ZAAUTO2024-1,0,Current,Current,2672500,0,0,3/13/2024,60050.63,FALSE,Same,FALSE,FALSE,Standard,0,Static
4/30/2024,ZAAUTO2024-1-00365,ZAAUTO2024-1,0,Current,Current,2672500,0,0,4/3/2024,55479.86,FALSE,Same,FALSE,FALSE,Standard,0,Static
5/30/2024,ZAAUTO2024-1-00365,ZAAUTO2024-1,0,Current,Current,2672500,0,0,5/16/2024,60142.8,FALSE,Same,FALSE,FALSE,Standard,0,Static
5/30/2024,ZAAUTO2024-1-00365,ZAAUTO2024-1,0,Current,Current,2672500,0,0,5/11/2024,59637.06,FALSE,Same,FALSE,FALSE,Standard,0,Static
6/30/2024,ZAAUTO2024-1-00365,ZAAUTO2024-1,0,Current,Current,2672500,0,0,5/26/2024,54239.4,FALSE,Same,FALSE,FALSE,Standard,0,Static
7/30/2024,ZAAUTO2024-1-00365,ZAAUTO2024-1,0,Current,Current,2571964.22,0,0,7/16/2024,54919.03,FALSE,Same,FALSE,FALSE,Standard,0,Static
8/30/2024,ZAAUTO2024-1-00365,ZAAUTO2024-1,0,Current,Current,2672500,0,0,8/11/2024,55119.23,FALSE,Same,FALSE,FALSE,Standard,0,Static
9/30/2024,ZAAUTO2024-1-00365,ZAAUTO2024-1,0,Current,Current,2487732.42,0,0,9/27/2024,54473.52,FALSE,Same,FALSE,FALSE,Standard,0,Static
10/30/2024,ZAAUTO2024-1-00365,ZAAUTO2024-1,0,Current,Current,2434107.46,0,0,10/2/2024,59603.18,FALSE,Same,FALSE,FALSE,Standard,0,Static
12/30/2023,ZAAUTO2024-1-00366,ZAAUTO2024-1,0,Current,Current,518949.31,0,0,12/10/2023,25359.45,FALSE,Same,FALSE,FALSE,Standard,0,Static
1/30/2024,ZAAUTO2024-1-00366,ZAAUTO2024-1,0,Current,Current,490401.78,0,0,1/11/2024,27948.4,FALSE,Same,FALSE,FALSE,Standard,0,Static
2/28/2024,ZAAUTO2024-1-00366,ZAAUTO2024-1,0,Current,Current,483584.75,0,0,2/22/2024,28608.07,FALSE,Same,FALSE,FALSE,Standard,0,Static
3/30/2024,ZAAUTO2024-1-00366,ZAAUTO2024-1,0,Current,Current,452020.45,0,0,3/25/2024,29053.62,FALSE,Same,FALSE,FALSE,Standard,0,Static
4/30/2024,ZAAUTO2024-1-00366,ZAAUTO2024-1,0,Current,Current,451366.48,0,0,3/29/2024,28823.67,FALSE,Same,FALSE,FALSE,Standard,0,Static
5/30/2024,ZAAUTO2024-1-00366,ZAAUTO2024-1,4,1-29 DPD,Current,443035.5,27682.84,1,5/29/2024,2363.96,FALSE,Worse,FALSE,FALSE,SMA-0,1,Roll
5/30/2024,ZAAUTO2024-1-00366,ZAAUTO2024-1,0,Current,1-29 DPD,436461.35,0,0,5/2/2024,27746.42,TRUE,Better,FALSE,FALSE,Standard,0,Cure
6/30/2024,ZAAUTO2024-1-00366,ZAAUTO2024-1,0,Current,Current,401361.58,0,0,6/19/2024,25612.95,FALSE,Same,FALSE,FALSE,Standard,0,Static
7/30/2024,ZAAUTO2024-1-00366,ZAAUTO2024-1,0,Current,Current,388212.91,0,0,7/7/2024,28732.2,FALSE,Same,FALSE,FALSE,Standard,0,Static
8/30/2024,ZAAUTO2024-1-00366,ZAAUTO2024-1,0,Current,Current,384009.92,0,0,8/13/2024,27815.58,FALSE,Same,FALSE,FALSE,Standard,0,Static
9/30/2024,ZAAUTO2024-1-00366,ZAAUTO2024-1,0,Current,Current,365282.31,0,0,9/19/2024,29059.55,FALSE,Same,FALSE,FALSE,Standard,0,Static
10/30/2024,ZAAUTO2024-1-00366,ZAAUTO2024-1,0,Current,Current,373902.94,0,0,10/22/2024,25671.3,FALSE,Same,FALSE,FALSE,Standard,0,Static
12/30/2023,ZAAUTO2024-1-00367,ZAAUTO2024-1,0,Current,Current,756516.97,0,0,12/19/2023,28599,FALSE,Same,FALSE,FALSE,Standard,0,Static
1/30/2024,ZAAUTO2024-1-00367,ZAAUTO2024-1,0,Current,Current,739304.73,0,0,1/14/2024,26667.9,FALSE,Same,FALSE,FALSE,Standard,0,Static
2/28/2024,ZAAUTO2024-1-00367,ZAAUTO2024-1,0,Current,Current,749741.33,0,0,2/7/2024,24977.74,FALSE,Same,FALSE,FALSE,Standard,0,Static
3/30/2024,ZAAUTO2024-1-00367,ZAAUTO2024-1,0,Current,Current,700556.27,0,0,2/28/2024,25258.92,FALSE,Same,FALSE,FALSE,Standard,0,Static
4/30/2024,ZAAUTO2024-1-00367,ZAAUTO2024-1,0,Current,Current,690802.81,0,0,4/18/2024,28342.35,FALSE,Same,FALSE,FALSE,Standard,0,Static
5/30/2024,ZAAUTO2024-1-00367,ZAAUTO2024-1,0,Current,Current,673933.75,0,0,4/25/2024,25050.32,FALSE,Same,FALSE,FALSE,Standard,0,Static
5/30/2024,ZAAUTO2024-1-00367,ZAAUTO2024-1,12,1-29 DPD,Current,667475.07,27605.86,1,5/7/2024,10665.47,FALSE,Worse,FALSE,FALSE,SMA-0,1,Roll
6/30/2024,ZAAUTO2024-1-00367,ZAAUTO2024-1,0,Current,1-29 DPD,658599.35,0,0,6/26/2024,25044.63,TRUE,Better,FALSE,FALSE,Standard,0,Cure
7/30/2024,ZAAUTO2024-1-00367,ZAAUTO2024-1,0,Current,Current,643188.23,0,0,7/12/2024,28809.72,FALSE,Same,FALSE,FALSE,Standard,0,Static
8/30/2024,ZAAUTO2024-1-00367,ZAAUTO2024-1,0,Current,Current,609161.49,0,0,8/11/2024,28045.6,FALSE,Same,FALSE,FALSE,Standard,0,Static
9/30/2024,ZAAUTO2024-1-00367,ZAAUTO2024-1,0,Current,Current,565671.8,0,0,9/23/2024,24857.71,FALSE,Same,FALSE,FALSE,Standard,0,Static
10/30/2024,ZAAUTO2024-1-00367,ZAAUTO2024-1,71,60-89 DPD,Current,552951.38,55211.72,2,10/28/2024,14547.52,FALSE,Worse,FALSE,FALSE,SMA-2,1,Roll
12/30/2023,ZAAUTO2024-1-00368,ZAAUTO2024-1,0,Current,Current,731600,0,0,12/19/2023,24248.71,FALSE,Same,FALSE,FALSE,Standard,0,Static
1/30/2024,ZAAUTO2024-1-00368,ZAAUTO2024-1,12,1-29 DPD,Current,731600,23227.25,1,1/15/2024,12672.36,FALSE,Worse,FALSE,FALSE,SMA-0,1,Roll
2/28/2024,ZAAUTO2024-1-00368,ZAAUTO2024-1,22,1-29 DPD,1-29 DPD,731600,23227.25,1,2/19/2024,636.96,FALSE,Same,FALSE,FALSE,SMA-0,2,Static
3/30/2024,ZAAUTO2024-1-00368,ZAAUTO2024-1,0,Current,1-29 DPD,731600,0,0,3/28/2024,21111.22,TRUE,Better,FALSE,FALSE,Standard,0,Cure
4/30/2024,ZAAUTO2024-1-00368,ZAAUTO2024-1,0,Current,Current,731600,0,0,4/30/2024,23148.71,FALSE,Same,FALSE,FALSE,Standard,0,Static
5/30/2024,ZAAUTO2024-1-00368,ZAAUTO2024-1,0,Current,Current,731600,0,0,5/3/2024,24189.69,FALSE,Same,FALSE,FALSE,Standard,0,Static
5/30/2024,ZAAUTO2024-1-00368,ZAAUTO2024-1,0,Current,Current,731600,0,0,4/25/2024,21109.35,FALSE,Same,FALSE,FALSE,Standard,0,Static
6/30/2024,ZAAUTO2024-1-00368,ZAAUTO2024-1,0,Current,Current,731600,0,0,6/2/2024,22568.18,FALSE,Same,FALSE,FALSE,Standard,0,Static
7/30/2024,ZAAUTO2024-1-00368,ZAAUTO2024-1,0,Current,Current,707737.05,0,0,7/15/2024,24375.08,FALSE,Same,FALSE,FALSE,Standard,0,Static
8/30/2024,ZAAUTO2024-1-00368,ZAAUTO2024-1,0,Current,Current,720674.85,0,0,8/22/2024,23401.42,FALSE,Same,FALSE,FALSE,Standard,0,Static
9/30/2024,ZAAUTO2024-1-00368,ZAAUTO2024-1,0,Current,Current,731600,0,0,9/18/2024,22891.42,FALSE,Same,FALSE,FALSE,Standard,0,Static
10/30/2024,ZAAUTO2024-1-00368,ZAAUTO2024-1,0,Current,Current,688524.47,0,0,10/7/2024,23907.42,FALSE,Same,FALSE,FALSE,Standard,0,Static
12/30/2023,ZAAUTO2024-1-00369,ZAAUTO2024-1,0,Current,Current,403646.87,0,0,12/10/2023,18018.43,FALSE,Same,FALSE,FALSE,Standard,0,Static
1/30/2024,ZAAUTO2024-1-00369,ZAAUTO2024-1,0,Current,Current,392649.47,0,0,1/19/2024,18107.06,FALSE,Same,FALSE,FALSE,Standard,0,Static
2/28/2024,ZAAUTO2024-1-00369,ZAAUTO2024-1,0,Current,Current,372387.58,0,0,2/12/2024,17812.95,FALSE,Same,FALSE,FALSE,Standard,0,Static
3/30/2024,ZAAUTO2024-1-00369,ZAAUTO2024-1,0,Current,Current,353717.86,0,0,3/19/2024,19189.07,FALSE,Same,FALSE,FALSE,Standard,0,Static
4/30/2024,ZAAUTO2024-1-00369,ZAAUTO2024-1,0,Current,Current,358586.02,0,0,4/21/2024,17913.96,FALSE,Same,FALSE,FALSE,Standard,0,Static
5/30/2024,ZAAUTO2024-1-00369,ZAAUTO2024-1,0,Current,Current,341482.65,0,0,5/9/2024,19749.41,FALSE,Same,FALSE,FALSE,Standard,0,Static
5/30/2024,ZAAUTO2024-1-00369,ZAAUTO2024-1,0,Current,Current,329624.34,0,0,5/28/2024,18929.32,FALSE,Same,FALSE,FALSE,Standard,0,Static
6/30/2024,ZAAUTO2024-1-00369,ZAAUTO2024-1,0,Current,Current,335033.87,0,0,6/4/2024,19700.2,FALSE,Same,FALSE,FALSE,Standard,0,Static
7/30/2024,ZAAUTO2024-1-00369,ZAAUTO2024-1,0,Current,Current,312876.85,0,0,7/15/2024,17299.77,FALSE,Same,FALSE,FALSE,Standard,0,Static
8/30/2024,ZAAUTO2024-1-00369,ZAAUTO2024-1,0,Current,Current,320853.01,0,0,7/27/2024,18884.58,FALSE,Same,FALSE,FALSE,Standard,0,Static
9/30/2024,ZAAUTO2024-1-00369,ZAAUTO2024-1,0,Current,Current,304702.73,0,0,9/14/2024,17983.5,FALSE,Same,FALSE,FALSE,Standard,0,Static
10/30/2024,ZAAUTO2024-1-00369,ZAAUTO2024-1,0,Current,Current,290828.7,0,0,10/23/2024,17538.19,FALSE,Same,FALSE,FALSE,Standard,0,Static
12/30/2023,ZAAUTO2024-1-00370,ZAAUTO2024-1,18,1-29 DPD,Current,490130.45,18920.32,1,11/26/2023,5121.51,FALSE,Worse,FALSE,FALSE,SMA-0,1,Roll
1/30/2024,ZAAUTO2024-1-00370,ZAAUTO2024-1,0,Current,1-29 DPD,479690.62,0,0,1/19/2024,17277.26,TRUE,Better,FALSE,FALSE,Standard,0,Cure
2/28/2024,ZAAUTO2024-1-00370,ZAAUTO2024-1,0,Current,Current,458418.38,0,0,2/1/2024,17912.86,FALSE,Same,FALSE,FALSE,Standard,0,Static
3/30/2024,ZAAUTO2024-1-00370,ZAAUTO2024-1,13,1-29 DPD,Current,428696.47,18920.32,1,3/15/2024,4757.48,FALSE,Worse,FALSE,FALSE,SMA-0,1,Roll
4/30/2024,ZAAUTO2024-1-00370,ZAAUTO2024-1,26,1-29 DPD,1-29 DPD,442253.04,18920.32,1,4/30/2024,10043.79,FALSE,Same,FALSE,FALSE,SMA-0,2,Static
5/30/2024,ZAAUTO2024-1-00370,ZAAUTO2024-1,0,Current,1-29 DPD,407481.52,0,0,5/7/2024,18032.17,TRUE,Better,FALSE,FALSE,Standard,0,Cure
5/30/2024,ZAAUTO2024-1-00370,ZAAUTO2024-1,0,Current,Current,396677.69,0,0,5/14/2024,18339.31,FALSE,Same,FALSE,FALSE,Standard,0,Static
6/30/2024,ZAAUTO2024-1-00370,ZAAUTO2024-1,0,Current,Current,392271.84,0,0,6/29/2024,19000.46,FALSE,Same,FALSE,FALSE,Standard,0,Static
7/30/2024,ZAAUTO2024-1-00370,ZAAUTO2024-1,0,Current,Current,370754.91,0,0,7/2/2024,17353.34,FALSE,Same,FALSE,FALSE,Standard,0,Static
8/30/2024,ZAAUTO2024-1-00370,ZAAUTO2024-1,0,Current,Current,376341.6,0,0,8/20/2024,17668.69,FALSE,Same,FALSE,FALSE,Standard,0,Static
9/30/2024,ZAAUTO2024-1-00370,ZAAUTO2024-1,0,Current,Current,362410.59,0,0,9/30/2024,17541.78,FALSE,Same,FALSE,FALSE,Standard,0,Static
10/30/2024,ZAAUTO2024-1-00370,ZAAUTO2024-1,0,Current,Current,341942.29,0,0,10/20/2024,17309.18,FALSE,Same,FALSE,FALSE,Standard,0,Static
12/30/2023,ZAAUTO2024-1-00371,ZAAUTO2024-1,103,90-119 DPD,Current,1261662.3,73685.46,3,12/23/2023,7414.72,FALSE,Worse,FALSE,FALSE,NPA,1,Roll
1/30/2024,ZAAUTO2024-1-00371,ZAAUTO2024-1,96,90-119 DPD,90-119 DPD,1281428.48,73685.46,3,1/9/2024,8108.91,FALSE,Same,FALSE,FALSE,NPA,2,Static
2/28/2024,ZAAUTO2024-1-00371,ZAAUTO2024-1,92,90-119 DPD,90-119 DPD,1279033.87,73685.46,3,2/8/2024,8385.04,FALSE,Same,FALSE,FALSE,NPA,3,Static
3/30/2024,ZAAUTO2024-1-00371,ZAAUTO2024-1,104,90-119 DPD,90-119 DPD,1255417.73,73685.46,3,2/29/2024,2468.16,FALSE,Same,FALSE,FALSE,NPA,4,Static
4/30/2024,ZAAUTO2024-1-00371,ZAAUTO2024-1,112,90-119 DPD,90-119 DPD,1183751.28,73685.46,3,3/26/2024,7615.6,FALSE,Same,FALSE,FALSE,NPA,5,Static
5/30/2024,ZAAUTO2024-1-00371,ZAAUTO2024-1,112,90-119 DPD,90-119 DPD,1160818.3,73685.46,3,5/9/2024,13516.39,FALSE,Same,FALSE,FALSE,NPA,6,Static
5/30/2024,ZAAUTO2024-1-00371,ZAAUTO2024-1,105,90-119 DPD,90-119 DPD,1182302.65,73685.46,3,5/17/2024,989.87,FALSE,Same,FALSE,FALSE,NPA,7,Static
6/30/2024,ZAAUTO2024-1-00371,ZAAUTO2024-1,102,90-119 DPD,90-119 DPD,1168559.26,73685.46,3,6/21/2024,7494.11,FALSE,Same,FALSE,FALSE,NPA,8,Static
7/30/2024,ZAAUTO2024-1-00371,ZAAUTO2024-1,108,90-119 DPD,90-119 DPD,1138185.91,73685.46,3,7/19/2024,11844.29,FALSE,Same,FALSE,FALSE,NPA,9,Static
8/30/2024,ZAAUTO2024-1-00371,ZAAUTO2024-1,372,Default,90-119 DPD,1106676.43,294741.84,12,8/11/2024,12765.75,FALSE,Worse,FALSE,TRUE,NPA,10,Roll
9/30/2024,ZAAUTO2024-1-00371,ZAAUTO2024-1,188,Default,Default,1139046.83,147370.92,6,9/22/2024,2477.62,FALSE,Same,FALSE,FALSE,NPA,11,Static
10/30/2024,ZAAUTO2024-1-00371,ZAAUTO2024-1,578,Default,Default,1054625.57,466674.58,19,10/27/2024,2617.78,FALSE,Same,FALSE,TRUE,NPA,12,Static
12/30/2023,ZAAUTO2024-1-00372,ZAAUTO2024-1,21,1-29 DPD,Current,977448.1,22994.73,1,12/22/2023,12755.93,FALSE,Worse,FALSE,FALSE,SMA-0,1,Roll
1/30/2024,ZAAUTO2024-1-00372,ZAAUTO2024-1,0,Current,1-29 DPD,1004739.89,0,0,1/23/2024,20923.04,TRUE,Better,FALSE,FALSE,Standard,0,Cure
2/28/2024,ZAAUTO2024-1-00372,ZAAUTO2024-1,0,Current,Current,993785.27,0,0,2/5/2024,22686.4,FALSE,Same,FALSE,FALSE,Standard,0,Static
3/30/2024,ZAAUTO2024-1-00372,ZAAUTO2024-1,0,Current,Current,957261.45,0,0,3/30/2024,23017.01,FALSE,Same,FALSE,FALSE,Standard,0,Static
4/30/2024,ZAAUTO2024-1-00372,ZAAUTO2024-1,0,Current,Current,940388.8,0,0,4/30/2024,21135.31,FALSE,Same,FALSE,FALSE,Standard,0,Static
5/30/2024,ZAAUTO2024-1-00372,ZAAUTO2024-1,0,Current,Current,915277.41,0,0,5/27/2024,21650.68,FALSE,Same,FALSE,FALSE,Standard,0,Static
5/30/2024,ZAAUTO2024-1-00372,ZAAUTO2024-1,23,1-29 DPD,Current,900752.88,22994.73,1,5/16/2024,11760.08,FALSE,Worse,FALSE,FALSE,SMA-0,1,Roll
6/30/2024,ZAAUTO2024-1-00372,ZAAUTO2024-1,0,Current,1-29 DPD,847288.3,0,0,6/2/2024,22413.06,TRUE,Better,FALSE,FALSE,Standard,0,Cure
7/30/2024,ZAAUTO2024-1-00372,ZAAUTO2024-1,0,Current,Current,873095.53,0,0,7/22/2024,23094.02,FALSE,Same,FALSE,FALSE,Standard,0,Static
8/30/2024,ZAAUTO2024-1-00372,ZAAUTO2024-1,0,Current,Current,810117.52,0,0,8/7/2024,23171.28,FALSE,Same,FALSE,FALSE,Standard,0,Static
9/30/2024,ZAAUTO2024-1-00372,ZAAUTO2024-1,0,Current,Current,788796.34,0,0,9/22/2024,22431.38,FALSE,Same,FALSE,FALSE,Standard,0,Static
10/30/2024,ZAAUTO2024-1-00372,ZAAUTO2024-1,0,Current,Current,792464.56,0,0,10/27/2024,22099.63,FALSE,Same,FALSE,FALSE,Standard,0,Static
12/30/2023,ZAAUTO2024-1-00373,ZAAUTO2024-1,0,Current,Current,261764.62,0,0,12/16/2023,12274.49,FALSE,Same,FALSE,FALSE,Standard,0,Static
1/30/2024,ZAAUTO2024-1-00373,ZAAUTO2024-1,0,Current,Current,244088.62,0,0,1/29/2024,13314.86,FALSE,Same,FALSE,FALSE,Standard,0,Static
2/28/2024,ZAAUTO2024-1-00373,ZAAUTO2024-1,0,Current,Current,252314.83,0,0,2/23/2024,12842.36,FALSE,Same,FALSE,FALSE,Standard,0,Static
3/30/2024,ZAAUTO2024-1-00373,ZAAUTO2024-1,0,Current,Current,242290.17,0,0,3/26/2024,12950.38,FALSE,Same,FALSE,FALSE,Standard,0,Static
4/30/2024,ZAAUTO2024-1-00373,ZAAUTO2024-1,0,Current,Current,225938.19,0,0,4/28/2024,13732.9,FALSE,Same,FALSE,FALSE,Standard,0,Static
5/30/2024,ZAAUTO2024-1-00373,ZAAUTO2024-1,0,Current,Current,214633.28,0,0,4/27/2024,12446.94,FALSE,Same,FALSE,FALSE,Standard,0,Static
5/30/2024,ZAAUTO2024-1-00373,ZAAUTO2024-1,0,Current,Current,218702.75,0,0,5/29/2024,12538.02,FALSE,Same,FALSE,FALSE,Standard,0,Static
6/30/2024,ZAAUTO2024-1-00373,ZAAUTO2024-1,0,Current,Current,209022.72,0,0,5/27/2024,13653.99,FALSE,Same,FALSE,FALSE,Standard,0,Static
7/30/2024,ZAAUTO2024-1-00373,ZAAUTO2024-1,3,1-29 DPD,Current,197784.2,13344.7,1,7/5/2024,1298.73,FALSE,Worse,FALSE,FALSE,SMA-0,1,Roll
8/30/2024,ZAAUTO2024-1-00373,ZAAUTO2024-1,0,Current,1-29 DPD,189062.57,0,0,8/18/2024,13889.6,TRUE,Better,FALSE,FALSE,Standard,0,Cure
9/30/2024,ZAAUTO2024-1-00373,ZAAUTO2024-1,0,Current,Current,179182.58,0,0,9/30/2024,13013.26,FALSE,Same,FALSE,FALSE,Standard,0,Static
10/30/2024,ZAAUTO2024-1-00373,ZAAUTO2024-1,0,Current,Current,170629.79,0,0,9/25/2024,13781.33,FALSE,Same,FALSE,FALSE,Standard,0,Static
12/30/2023,ZAAUTO2024-1-00374,ZAAUTO2024-1,0,Current,Current,583196.95,0,0,12/7/2023,15441.16,FALSE,Same,FALSE,FALSE,Standard,0,Static
1/30/2024,ZAAUTO2024-1-00374,ZAAUTO2024-1,0,Current,Current,550271.11,0,0,1/12/2024,16453.63,FALSE,Same,FALSE,FALSE,Standard,0,Static
2/28/2024,ZAAUTO2024-1-00374,ZAAUTO2024-1,0,Current,Current,556271.44,0,0,2/9/2024,16155.63,FALSE,Same,FALSE,FALSE,Standard,0,Static
3/30/2024,ZAAUTO2024-1-00374,ZAAUTO2024-1,0,Current,Current,530281.91,0,0,3/3/2024,15513.6,FALSE,Same,FALSE,FALSE,Standard,0,Static
4/30/2024,ZAAUTO2024-1-00374,ZAAUTO2024-1,0,Current,Current,508519.68,0,0,4/11/2024,16030.94,FALSE,Same,FALSE,FALSE,Standard,0,Static
5/30/2024,ZAAUTO2024-1-00374,ZAAUTO2024-1,7,1-29 DPD,Current,514782.87,16181.45,1,5/4/2024,3337.81,FALSE,Worse,FALSE,FALSE,SMA-0,1,Roll
5/30/2024,ZAAUTO2024-1-00374,ZAAUTO2024-1,10,1-29 DPD,1-29 DPD,499344.83,16181.45,1,5/6/2024,1624.05,FALSE,Same,FALSE,FALSE,SMA-0,2,Static
6/30/2024,ZAAUTO2024-1-00374,ZAAUTO2024-1,0,Current,1-29 DPD,470781.02,0,0,6/20/2024,15498.61,TRUE,Better,FALSE,FALSE,Standard,0,Cure
7/30/2024,ZAAUTO2024-1-00374,ZAAUTO2024-1,14,1-29 DPD,Current,481337.44,16181.45,1,7/23/2024,858.84,FALSE,Worse,FALSE,FALSE,SMA-0,1,Roll
8/30/2024,ZAAUTO2024-1-00374,ZAAUTO2024-1,0,Current,1-29 DPD,471015.18,0,0,8/14/2024,15088.66,TRUE,Better,FALSE,FALSE,Standard,0,Cure
9/30/2024,ZAAUTO2024-1-00374,ZAAUTO2024-1,14,1-29 DPD,Current,448262.82,16181.45,1,9/9/2024,9134.48,FALSE,Worse,FALSE,FALSE,SMA-0,1,Roll
10/30/2024,ZAAUTO2024-1-00374,ZAAUTO2024-1,0,Current,1-29 DPD,431948.45,0,0,10/10/2024,15210.29,TRUE,Better,FALSE,FALSE,Standard,0,Cure
12/30/2023,ZAAUTO2024-1-00375,ZAAUTO2024-1,14,1-29 DPD,Current,2010700,37585.38,1,12/15/2023,16335.09,FALSE,Worse,FALSE,FALSE,SMA-0,1,Roll
1/30/2024,ZAAUTO2024-1-00375,ZAAUTO2024-1,27,1-29 DPD,1-29 DPD,2010700,37585.38,1,1/6/2024,5946.08,FALSE,Same,FALSE,FALSE,SMA-0,2,Static
2/28/2024,ZAAUTO2024-1-00375,ZAAUTO2024-1,7,1-29 DPD,1-29 DPD,2010700,37585.38,1,2/13/2024,20011.09,FALSE,Same,FALSE,FALSE,SMA-0,3,Static
3/30/2024,ZAAUTO2024-1-00375,ZAAUTO2024-1,24,1-29 DPD,1-29 DPD,2010700,37585.38,1,3/12/2024,21361.31,FALSE,Same,FALSE,FALSE,SMA-0,4,Static
4/30/2024,ZAAUTO2024-1-00375,ZAAUTO2024-1,0,Current,1-29 DPD,2010700,0,0,4/19/2024,38838.65,TRUE,Better,FALSE,FALSE,Standard,0,Cure
5/30/2024,ZAAUTO2024-1-00375,ZAAUTO2024-1,0,Current,Current,2010700,0,0,5/7/2024,36824.06,FALSE,Same,FALSE,FALSE,Standard,0,Static
5/30/2024,ZAAUTO2024-1-00375,ZAAUTO2024-1,8,1-29 DPD,Current,2010700,37585.38,1,5/18/2024,21409.32,FALSE,Worse,FALSE,FALSE,SMA-0,1,Roll
6/30/2024,ZAAUTO2024-1-00375,ZAAUTO2024-1,0,Current,1-29 DPD,1972505.46,0,0,6/15/2024,34264.04,TRUE,Better,FALSE,FALSE,Standard,0,Cure
7/30/2024,ZAAUTO2024-1-00375,ZAAUTO2024-1,0,Current,Current,2010700,0,0,7/7/2024,38609.62,FALSE,Same,FALSE,FALSE,Standard,0,Static
8/30/2024,ZAAUTO2024-1-00375,ZAAUTO2024-1,0,Current,Current,1984621.5,0,0,8/5/2024,33984.64,FALSE,Same,FALSE,FALSE,Standard,0,Static
9/30/2024,ZAAUTO2024-1-00375,ZAAUTO2024-1,0,Current,Current,2010700,0,0,9/13/2024,35911.67,FALSE,Same,FALSE,FALSE,Standard,0,Static
10/30/2024,ZAAUTO2024-1-00375,ZAAUTO2024-1,0,Current,Current,1916604.9,0,0,10/6/2024,38991.85,FALSE,Same,FALSE,FALSE,Standard,0,Static
12/30/2023,ZAAUTO2024-1-00376,ZAAUTO2024-1,0,Current,Current,540972.81,0,0,12/7/2023,14013.04,FALSE,Same,FALSE,FALSE,Standard,0,Static
1/30/2024,ZAAUTO2024-1-00376,ZAAUTO2024-1,0,Current,Current,512044.07,0,0,12/31/2023,14061.46,FALSE,Same,FALSE,FALSE,Standard,0,Static
2/28/2024,ZAAUTO2024-1-00376,ZAAUTO2024-1,0,Current,Current,496192.69,0,0,2/4/2024,13940.91,FALSE,Same,FALSE,FALSE,Standard,0,Static
3/30/2024,ZAAUTO2024-1-00376,ZAAUTO2024-1,0,Current,Current,497777.06,0,0,2/27/2024,12836.92,FALSE,Same,FALSE,FALSE,Standard,0,Static
4/30/2024,ZAAUTO2024-1-00376,ZAAUTO2024-1,0,Current,Current,495062.59,0,0,4/3/2024,12487.58,FALSE,Same,FALSE,FALSE,Standard,0,Static
5/30/2024,ZAAUTO2024-1-00376,ZAAUTO2024-1,0,Current,Current,467133.33,0,0,5/25/2024,12424.15,FALSE,Same,FALSE,FALSE,Standard,0,Static
5/30/2024,ZAAUTO2024-1-00376,ZAAUTO2024-1,0,Current,Current,457504.8,0,0,5/29/2024,13145.01,FALSE,Same,FALSE,FALSE,Standard,0,Static
6/30/2024,ZAAUTO2024-1-00376,ZAAUTO2024-1,0,Current,Current,467820.02,0,0,6/9/2024,13929.04,FALSE,Same,FALSE,FALSE,Standard,0,Static
7/30/2024,ZAAUTO2024-1-00376,ZAAUTO2024-1,0,Current,Current,458479.19,0,0,7/11/2024,13089.82,FALSE,Same,FALSE,FALSE,Standard,0,Static
8/30/2024,ZAAUTO2024-1-00376,ZAAUTO2024-1,27,1-29 DPD,Current,429828.14,13408.86,1,8/5/2024,4794.56,FALSE,Worse,FALSE,FALSE,SMA-0,1,Roll
9/30/2024,ZAAUTO2024-1-00376,ZAAUTO2024-1,40,30-59 DPD,1-29 DPD,433412.7,13408.86,1,9/7/2024,4631.82,FALSE,Worse,FALSE,FALSE,SMA-1,2,Roll
10/30/2024,ZAAUTO2024-1-00376,ZAAUTO2024-1,42,30-59 DPD,30-59 DPD,408973.9,13408.86,1,10/2/2024,1462.03,FALSE,Same,FALSE,FALSE,SMA-1,3,Static
12/30/2023,ZAAUTO2024-1-00377,ZAAUTO2024-1,0,Current,Current,679472.54,0,0,12/14/2023,15903.19,FALSE,Same,FALSE,FALSE,Standard,0,Static
1/30/2024,ZAAUTO2024-1-00377,ZAAUTO2024-1,0,Current,Current,682029.36,0,0,1/15/2024,16242.68,FALSE,Same,FALSE,FALSE,Standard,0,Static
2/28/2024,ZAAUTO2024-1-00377,ZAAUTO2024-1,0,Current,Current,649824.66,0,0,2/2/2024,16299.92,FALSE,Same,FALSE,FALSE,Standard,0,Static
3/30/2024,ZAAUTO2024-1-00377,ZAAUTO2024-1,10,1-29 DPD,Current,666939.57,15941.45,1,3/11/2024,2042.01,FALSE,Worse,FALSE,FALSE,SMA-0,1,Roll
4/30/2024,ZAAUTO2024-1-00377,ZAAUTO2024-1,0,Current,1-29 DPD,656238.09,0,0,4/2/2024,15702.1,TRUE,Better,FALSE,FALSE,Standard,0,Cure
5/30/2024,ZAAUTO2024-1-00377,ZAAUTO2024-1,0,Current,Current,617607.41,0,0,5/1/2024,14887.73,FALSE,Same,FALSE,FALSE,Standard,0,Static
5/30/2024,ZAAUTO2024-1-00377,ZAAUTO2024-1,0,Current,Current,638435.79,0,0,5/29/2024,14419.01,FALSE,Same,FALSE,FALSE,Standard,0,Static
6/30/2024,ZAAUTO2024-1-00377,ZAAUTO2024-1,21,1-29 DPD,Current,614240.55,15941.45,1,6/23/2024,4741.14,FALSE,Worse,FALSE,FALSE,SMA-0,1,Roll
7/30/2024,ZAAUTO2024-1-00377,ZAAUTO2024-1,0,Current,1-29 DPD,595553.48,0,0,7/8/2024,16546.63,TRUE,Better,FALSE,FALSE,Standard,0,Cure
8/30/2024,ZAAUTO2024-1-00377,ZAAUTO2024-1,0,Current,Current,567476.04,0,0,8/23/2024,14537.17,FALSE,Same,FALSE,FALSE,Standard,0,Static
9/30/2024,ZAAUTO2024-1-00377,ZAAUTO2024-1,0,Current,Current,579639.43,0,0,9/2/2024,14568.2,FALSE,Same,FALSE,FALSE,Standard,0,Static
10/30/2024,ZAAUTO2024-1-00377,ZAAUTO2024-1,0,Current,Current,575520.06,0,0,10/13/2024,15108.51,FALSE,Same,FALSE,FALSE,Standard,0,Static
12/30/2023,ZAAUTO2024-1-00378,ZAAUTO2024-1,0,Current,Current,1265891.82,0,0,12/23/2023,23593.84,FALSE,Same,FALSE,FALSE,Standard,0,Static
1/30/2024,ZAAUTO2024-1-00378,ZAAUTO2024-1,0,Current,Current,1259139.49,0,0,1/20/2024,24946.43,FALSE,Same,FALSE,FALSE,Standard,0,Static
2/28/2024,ZAAUTO2024-1-00378,ZAAUTO2024-1,0,Current,Current,1264730.21,0,0,2/27/2024,24299.34,FALSE,Same,FALSE,FALSE,Standard,0,Static
3/30/2024,ZAAUTO2024-1-00378,ZAAUTO2024-1,0,Current,Current,1199688.84,0,0,3/9/2024,24966.83,FALSE,Same,FALSE,FALSE,Standard,0,Static
4/30/2024,ZAAUTO2024-1-00378,ZAAUTO2024-1,0,Current,Current,1214794.26,0,0,4/16/2024,25074.41,FALSE,Same,FALSE,FALSE,Standard,0,Static
5/30/2024,ZAAUTO2024-1-00378,ZAAUTO2024-1,0,Current,Current,1165086.71,0,0,5/22/2024,23884.65,FALSE,Same,FALSE,FALSE,Standard,0,Static
5/30/2024,ZAAUTO2024-1-00378,ZAAUTO2024-1,0,Current,Current,1140458.96,0,0,5/10/2024,23265.26,FALSE,Same,FALSE,FALSE,Standard,0,Static
6/30/2024,ZAAUTO2024-1-00378,ZAAUTO2024-1,0,Current,Current,1104545.04,0,0,6/30/2024,22193.05,FALSE,Same,FALSE,FALSE,Standard,0,Static
7/30/2024,ZAAUTO2024-1-00378,ZAAUTO2024-1,0,Current,Current,1141846.74,0,0,7/28/2024,25147.27,FALSE,Same,FALSE,FALSE,Standard,0,Static
8/30/2024,ZAAUTO2024-1-00378,ZAAUTO2024-1,0,Current,Current,1099876.16,0,0,8/8/2024,24748.87,FALSE,Same,FALSE,FALSE,Standard,0,Static
9/30/2024,ZAAUTO2024-1-00378,ZAAUTO2024-1,0,Current,Current,1094141.35,0,0,8/27/2024,22016.59,FALSE,Same,FALSE,FALSE,Standard,0,Static
10/30/2024,ZAAUTO2024-1-00378,ZAAUTO2024-1,0,Current,Current,1082631.42,0,0,10/7/2024,22970.2,FALSE,Same,FALSE,FALSE,Standard,0,Static
12/30/2023,ZAAUTO2024-1-00379,ZAAUTO2024-1,0,Current,Current,736948.1,0,0,12/3/2023,16156.53,FALSE,Same,FALSE,FALSE,Standard,0,Static
1/30/2024,ZAAUTO2024-1-00379,ZAAUTO2024-1,0,Current,Current,731327.12,0,0,1/23/2024,18147.84,FALSE,Same,FALSE,FALSE,Standard,0,Static
2/28/2024,ZAAUTO2024-1-00379,ZAAUTO2024-1,0,Current,Current,715683.72,0,0,2/3/2024,17504.01,FALSE,Same,FALSE,FALSE,Standard,0,Static
3/30/2024,ZAAUTO2024-1-00379,ZAAUTO2024-1,0,Current,Current,725384.74,0,0,3/25/2024,17410.95,FALSE,Same,FALSE,FALSE,Standard,0,Static
4/30/2024,ZAAUTO2024-1-00379,ZAAUTO2024-1,0,Current,Current,690530.14,0,0,4/28/2024,16617.62,FALSE,Same,FALSE,FALSE,Standard,0,Static
5/30/2024,ZAAUTO2024-1-00379,ZAAUTO2024-1,0,Current,Current,680995.94,0,0,5/8/2024,17026.74,FALSE,Same,FALSE,FALSE,Standard,0,Static
5/30/2024,ZAAUTO2024-1-00379,ZAAUTO2024-1,0,Current,Current,667633.38,0,0,5/5/2024,16557.44,FALSE,Same,FALSE,FALSE,Standard,0,Static
6/30/2024,ZAAUTO2024-1-00379,ZAAUTO2024-1,0,Current,Current,683545.75,0,0,6/19/2024,17628.74,FALSE,Same,FALSE,FALSE,Standard,0,Static
7/30/2024,ZAAUTO2024-1-00379,ZAAUTO2024-1,0,Current,Current,667678.53,0,0,6/29/2024,18187.66,FALSE,Same,FALSE,FALSE,Standard,0,Static
8/30/2024,ZAAUTO2024-1-00379,ZAAUTO2024-1,12,1-29 DPD,Current,632847.77,17872.85,1,8/7/2024,10362.97,FALSE,Worse,FALSE,FALSE,SMA-0,1,Roll
9/30/2024,ZAAUTO2024-1-00379,ZAAUTO2024-1,0,Current,1-29 DPD,631864.56,0,0,9/17/2024,18523.99,TRUE,Better,FALSE,FALSE,Standard,0,Cure
10/30/2024,ZAAUTO2024-1-00379,ZAAUTO2024-1,0,Current,Current,611427.25,0,0,10/21/2024,17801.19,FALSE,Same,FALSE,FALSE,Standard,0,Static
12/30/2023,ZAAUTO2024-1-00380,ZAAUTO2024-1,0,Current,Current,706564.89,0,0,12/8/2023,25334.17,FALSE,Same,FALSE,FALSE,Standard,0,Static
1/30/2024,ZAAUTO2024-1-00380,ZAAUTO2024-1,0,Current,Current,658427,0,0,1/3/2024,24770.98,FALSE,Same,FALSE,FALSE,Standard,0,Static
2/28/2024,ZAAUTO2024-1-00380,ZAAUTO2024-1,0,Current,Current,645688.48,0,0,2/26/2024,26327.27,FALSE,Same,FALSE,FALSE,Standard,0,Static
3/30/2024,ZAAUTO2024-1-00380,ZAAUTO2024-1,0,Current,Current,615425.1,0,0,3/27/2024,26659.68,FALSE,Same,FALSE,FALSE,Standard,0,Static
4/30/2024,ZAAUTO2024-1-00380,ZAAUTO2024-1,0,Current,Current,613205.74,0,0,3/29/2024,25179.27,FALSE,Same,FALSE,FALSE,Standard,0,Static
5/30/2024,ZAAUTO2024-1-00380,ZAAUTO2024-1,0,Current,Current,600705.3,0,0,5/23/2024,27527.54,FALSE,Same,FALSE,FALSE,Standard,0,Static
5/30/2024,ZAAUTO2024-1-00380,ZAAUTO2024-1,0,Current,Current,589932.95,0,0,5/18/2024,25967.49,FALSE,Same,FALSE,FALSE,Standard,0,Static
6/30/2024,ZAAUTO2024-1-00380,ZAAUTO2024-1,0,Current,Current,542584.41,0,0,5/30/2024,24923.89,FALSE,Same,FALSE,FALSE,Standard,0,Static
7/30/2024,ZAAUTO2024-1-00380,ZAAUTO2024-1,0,Current,Current,535714.98,0,0,7/8/2024,27040.49,FALSE,Same,FALSE,FALSE,Standard,0,Static
8/30/2024,ZAAUTO2024-1-00380,ZAAUTO2024-1,0,Current,Current,537597.68,0,0,7/26/2024,25320.98,FALSE,Same,FALSE,FALSE,Standard,0,Static
9/30/2024,ZAAUTO2024-1-00380,ZAAUTO2024-1,0,Current,Current,518544.46,0,0,8/26/2024,26988.87,FALSE,Same,FALSE,FALSE,Standard,0,Static
10/30/2024,ZAAUTO2024-1-00380,ZAAUTO2024-1,0,Current,Current,472318.86,0,0,10/25/2024,28338.03,FALSE,Same,FALSE,FALSE,Standard,0,Static
12/30/2023,ZAAUTO2024-1-00381,ZAAUTO2024-1,0,Current,Current,1170013.06,0,0,12/17/2023,34679.59,FALSE,Same,FALSE,FALSE,Standard,0,Static
1/30/2024,ZAAUTO2024-1-00381,ZAAUTO2024-1,0,Current,Current,1219528.35,0,0,1/21/2024,34531.24,FALSE,Same,FALSE,FALSE,Standard,0,Static
2/28/2024,ZAAUTO2024-1-00381,ZAAUTO2024-1,0,Current,Current,1192450.54,0,0,1/27/2024,29885.23,FALSE,Same,FALSE,FALSE,Standard,0,Static
3/30/2024,ZAAUTO2024-1-00381,ZAAUTO2024-1,0,Current,Current,1104919.18,0,0,3/12/2024,31061.73,FALSE,Same,FALSE,FALSE,Standard,0,Static
4/30/2024,ZAAUTO2024-1-00381,ZAAUTO2024-1,0,Current,Current,1088123.14,0,0,3/26/2024,34720.51,FALSE,Same,FALSE,FALSE,Standard,0,Static
5/30/2024,ZAAUTO2024-1-00381,ZAAUTO2024-1,0,Current,Current,1122222.07,0,0,5/21/2024,33364.37,FALSE,Same,FALSE,FALSE,Standard,0,Static
5/30/2024,ZAAUTO2024-1-00381,ZAAUTO2024-1,0,Current,Current,1085777.41,0,0,5/19/2024,30688.63,FALSE,Same,FALSE,FALSE,Standard,0,Static
6/30/2024,ZAAUTO2024-1-00381,ZAAUTO2024-1,0,Current,Current,1086279.12,0,0,6/5/2024,30085.26,FALSE,Same,FALSE,FALSE,Standard,0,Static
7/30/2024,ZAAUTO2024-1-00381,ZAAUTO2024-1,0,Current,Current,1007610.59,0,0,7/9/2024,30849.68,FALSE,Same,FALSE,FALSE,Standard,0,Static
8/30/2024,ZAAUTO2024-1-00381,ZAAUTO2024-1,0,Current,Current,1020848.34,0,0,8/6/2024,31004.54,FALSE,Same,FALSE,FALSE,Standard,0,Static
9/30/2024,ZAAUTO2024-1-00381,ZAAUTO2024-1,0,Current,Current,1016361.26,0,0,8/31/2024,34095.19,FALSE,Same,FALSE,FALSE,Standard,0,Static
10/30/2024,ZAAUTO2024-1-00381,ZAAUTO2024-1,0,Current,Current,949732.17,0,0,10/23/2024,32441.61,FALSE,Same,FALSE,FALSE,Standard,0,Static
12/30/2023,ZAAUTO2024-1-00382,ZAAUTO2024-1,0,Current,Current,1446500,0,0,12/30/2023,33254.72,FALSE,Same,FALSE,FALSE,Standard,0,Static
1/30/2024,ZAAUTO2024-1-00382,ZAAUTO2024-1,0,Current,Current,1446500,0,0,1/6/2024,29807.99,FALSE,Same,FALSE,FALSE,Standard,0,Static
2/28/2024,ZAAUTO2024-1-00382,ZAAUTO2024-1,0,Current,Current,1446500,0,0,1/27/2024,32752.97,FALSE,Same,FALSE,FALSE,Standard,0,Static
3/30/2024,ZAAUTO2024-1-00382,ZAAUTO2024-1,0,Current,Current,1446500,0,0,3/16/2024,31721.63,FALSE,Same,FALSE,FALSE,Standard,0,Static
4/30/2024,ZAAUTO2024-1-00382,ZAAUTO2024-1,0,Current,Current,1446500,0,0,4/7/2024,30829.52,FALSE,Same,FALSE,FALSE,Standard,0,Static
5/30/2024,ZAAUTO2024-1-00382,ZAAUTO2024-1,0,Current,Current,1446500,0,0,5/13/2024,32782.94,FALSE,Same,FALSE,FALSE,Standard,0,Static
5/30/2024,ZAAUTO2024-1-00382,ZAAUTO2024-1,0,Current,Current,1446500,0,0,5/10/2024,30179.3,FALSE,Same,FALSE,FALSE,Standard,0,Static
6/30/2024,ZAAUTO2024-1-00382,ZAAUTO2024-1,0,Current,Current,1443707.64,0,0,6/19/2024,33487.91,FALSE,Same,FALSE,FALSE,Standard,0,Static
7/30/2024,ZAAUTO2024-1-00382,ZAAUTO2024-1,0,Current,Current,1446500,0,0,7/7/2024,29382.99,FALSE,Same,FALSE,FALSE,Standard,0,Static
8/30/2024,ZAAUTO2024-1-00382,ZAAUTO2024-1,0,Current,Current,1446500,0,0,8/13/2024,29313.2,FALSE,Same,FALSE,FALSE,Standard,0,Static
9/30/2024,ZAAUTO2024-1-00382,ZAAUTO2024-1,0,Current,Current,1431508.26,0,0,9/9/2024,30558.36,FALSE,Same,FALSE,FALSE,Standard,0,Static
10/30/2024,ZAAUTO2024-1-00382,ZAAUTO2024-1,0,Current,Current,1380652.63,0,0,10/25/2024,31747.32,FALSE,Same,FALSE,FALSE,Standard,0,Static
12/30/2023,ZAAUTO2024-1-00383,ZAAUTO2024-1,0,Current,Current,1255900,0,0,12/30/2023,21021.27,FALSE,Same,FALSE,FALSE,Standard,0,Static
1/30/2024,ZAAUTO2024-1-00383,ZAAUTO2024-1,0,Current,Current,1255900,0,0,12/30/2023,21107.74,FALSE,Same,FALSE,FALSE,Standard,0,Static
2/28/2024,ZAAUTO2024-1-00383,ZAAUTO2024-1,0,Current,Current,1255900,0,0,2/23/2024,21293.25,FALSE,Same,FALSE,FALSE,Standard,0,Static
3/30/2024,ZAAUTO2024-1-00383,ZAAUTO2024-1,0,Current,Current,1217541.51,0,0,3/18/2024,22754.09,FALSE,Same,FALSE,FALSE,Standard,0,Static
4/30/2024,ZAAUTO2024-1-00383,ZAAUTO2024-1,0,Current,Current,1255900,0,0,4/3/2024,23911.82,FALSE,Same,FALSE,FALSE,Standard,0,Static
5/30/2024,ZAAUTO2024-1-00383,ZAAUTO2024-1,0,Current,Current,1228923.24,0,0,5/1/2024,22617,FALSE,Same,FALSE,FALSE,Standard,0,Static
5/30/2024,ZAAUTO2024-1-00383,ZAAUTO2024-1,0,Current,Current,1212507.88,0,0,5/5/2024,20900.83,FALSE,Same,FALSE,FALSE,Standard,0,Static
6/30/2024,ZAAUTO2024-1-00383,ZAAUTO2024-1,0,Current,Current,1219584.98,0,0,5/31/2024,21521.6,FALSE,Same,FALSE,FALSE,Standard,0,Static
7/30/2024,ZAAUTO2024-1-00383,ZAAUTO2024-1,0,Current,Current,1135151.83,0,0,6/29/2024,23867.71,FALSE,Same,FALSE,FALSE,Standard,0,Static
8/30/2024,ZAAUTO2024-1-00383,ZAAUTO2024-1,8,1-29 DPD,Current,1110119.79,23083.35,1,8/19/2024,1826.15,FALSE,Worse,FALSE,FALSE,SMA-0,1,Roll
9/30/2024,ZAAUTO2024-1-00383,ZAAUTO2024-1,0,Current,1-29 DPD,1137888.84,0,0,9/29/2024,22369.09,TRUE,Better,FALSE,FALSE,Standard,0,Cure
10/30/2024,ZAAUTO2024-1-00383,ZAAUTO2024-1,0,Current,Current,1094511.57,0,0,9/27/2024,22626.64,FALSE,Same,FALSE,FALSE,Standard,0,Static
12/30/2023,ZAAUTO2024-1-00384,ZAAUTO2024-1,0,Current,Current,295001.61,0,0,12/6/2023,8477.93,FALSE,Same,FALSE,FALSE,Standard,0,Static
1/30/2024,ZAAUTO2024-1-00384,ZAAUTO2024-1,0,Current,Current,289405.71,0,0,12/29/2023,8937.81,FALSE,Same,FALSE,FALSE,Standard,0,Static
2/28/2024,ZAAUTO2024-1-00384,ZAAUTO2024-1,0,Current,Current,293950.88,0,0,2/7/2024,8280.85,FALSE,Same,FALSE,FALSE,Standard,0,Static
3/30/2024,ZAAUTO2024-1-00384,ZAAUTO2024-1,0,Current,Current,272770.65,0,0,3/28/2024,8249.83,FALSE,Same,FALSE,FALSE,Standard,0,Static
4/30/2024,ZAAUTO2024-1-00384,ZAAUTO2024-1,0,Current,Current,274054.52,0,0,4/8/2024,9165.6,FALSE,Same,FALSE,FALSE,Standard,0,Static
5/30/2024,ZAAUTO2024-1-00384,ZAAUTO2024-1,0,Current,Current,269692.78,0,0,4/29/2024,9119.24,FALSE,Same,FALSE,FALSE,Standard,0,Static
5/30/2024,ZAAUTO2024-1-00384,ZAAUTO2024-1,0,Current,Current,252519.62,0,0,5/12/2024,8791.69,FALSE,Same,FALSE,FALSE,Standard,0,Static
6/30/2024,ZAAUTO2024-1-00384,ZAAUTO2024-1,0,Current,Current,248039.58,0,0,6/12/2024,8680.37,FALSE,Same,FALSE,FALSE,Standard,0,Static
7/30/2024,ZAAUTO2024-1-00384,ZAAUTO2024-1,0,Current,Current,244571.16,0,0,7/30/2024,8225.38,FALSE,Same,FALSE,FALSE,Standard,0,Static
8/30/2024,ZAAUTO2024-1-00384,ZAAUTO2024-1,0,Current,Current,240856.73,0,0,8/1/2024,8567.45,FALSE,Same,FALSE,FALSE,Standard,0,Static
9/30/2024,ZAAUTO2024-1-00384,ZAAUTO2024-1,0,Current,Current,222189.51,0,0,9/3/2024,8702.44,FALSE,Same,FALSE,FALSE,Standard,0,Static
10/30/2024,ZAAUTO2024-1-00384,ZAAUTO2024-1,0,Current,Current,214261.93,0,0,10/2/2024,8831.94,FALSE,Same,FALSE,FALSE,Standard,0,Static
12/30/2023,ZAAUTO2024-1-00385,ZAAUTO2024-1,0,Current,Current,418485.5,0,0,12/16/2023,18101.93,FALSE,Same,FALSE,FALSE,Standard,0,Static
1/30/2024,ZAAUTO2024-1-00385,ZAAUTO2024-1,0,Current,Current,398148.81,0,0,1/6/2024,19514.19,FALSE,Same,FALSE,FALSE,Standard,0,Static
2/28/2024,ZAAUTO2024-1-00385,ZAAUTO2024-1,0,Current,Current,402299.41,0,0,2/17/2024,19480.16,FALSE,Same,FALSE,FALSE,Standard,0,Static
3/30/2024,ZAAUTO2024-1-00385,ZAAUTO2024-1,0,Current,Current,387599.31,0,0,3/23/2024,19255.91,FALSE,Same,FALSE,FALSE,Standard,0,Static
4/30/2024,ZAAUTO2024-1-00385,ZAAUTO2024-1,0,Current,Current,379750.94,0,0,4/8/2024,17170.55,FALSE,Same,FALSE,FALSE,Standard,0,Static
5/30/2024,ZAAUTO2024-1-00385,ZAAUTO2024-1,0,Current,Current,371872.97,0,0,5/16/2024,17684.61,FALSE,Same,FALSE,FALSE,Standard,0,Static
5/30/2024,ZAAUTO2024-1-00385,ZAAUTO2024-1,0,Current,Current,344156.72,0,0,5/7/2024,18446.9,FALSE,Same,FALSE,FALSE,Standard,0,Static
6/30/2024,ZAAUTO2024-1-00385,ZAAUTO2024-1,0,Current,Current,349669.74,0,0,6/19/2024,17815.86,FALSE,Same,FALSE,FALSE,Standard,0,Static
7/30/2024,ZAAUTO2024-1-00385,ZAAUTO2024-1,0,Current,Current,323854.41,0,0,6/27/2024,17237,FALSE,Same,FALSE,FALSE,Standard,0,Static
8/30/2024,ZAAUTO2024-1-00385,ZAAUTO2024-1,0,Current,Current,319877.71,0,0,8/17/2024,17979.69,FALSE,Same,FALSE,FALSE,Standard,0,Static
9/30/2024,ZAAUTO2024-1-00385,ZAAUTO2024-1,0,Current,Current,304773.16,0,0,9/25/2024,19173.64,FALSE,Same,FALSE,FALSE,Standard,0,Static
10/30/2024,ZAAUTO2024-1-00385,ZAAUTO2024-1,0,Current,Current,301827.94,0,0,9/27/2024,18523,FALSE,Same,FALSE,FALSE,Standard,0,Static
12/30/2023,ZAAUTO2024-1-00386,ZAAUTO2024-1,0,Current,Current,299600,0,0,12/16/2023,6044.91,FALSE,Same,FALSE,FALSE,Standard,0,Static
1/30/2024,ZAAUTO2024-1-00386,ZAAUTO2024-1,0,Current,Current,299600,0,0,1/26/2024,6509.07,FALSE,Same,FALSE,FALSE,Standard,0,Static
2/28/2024,ZAAUTO2024-1-00386,ZAAUTO2024-1,0,Current,Current,299600,0,0,2/21/2024,6129.37,FALSE,Same,FALSE,FALSE,Standard,0,Static
3/30/2024,ZAAUTO2024-1-00386,ZAAUTO2024-1,0,Current,Current,299600,0,0,3/15/2024,6471.95,FALSE,Same,FALSE,FALSE,Standard,0,Static
4/30/2024,ZAAUTO2024-1-00386,ZAAUTO2024-1,0,Current,Current,299600,0,0,4/14/2024,6014.62,FALSE,Same,FALSE,FALSE,Standard,0,Static
5/30/2024,ZAAUTO2024-1-00386,ZAAUTO2024-1,0,Current,Current,299600,0,0,5/16/2024,6301.3,FALSE,Same,FALSE,FALSE,Standard,0,Static
5/30/2024,ZAAUTO2024-1-00386,ZAAUTO2024-1,0,Current,Current,299600,0,0,5/4/2024,6003.12,FALSE,Same,FALSE,FALSE,Standard,0,Static
6/30/2024,ZAAUTO2024-1-00386,ZAAUTO2024-1,0,Current,Current,299600,0,0,5/26/2024,5914.51,FALSE,Same,FALSE,FALSE,Standard,0,Static
7/30/2024,ZAAUTO2024-1-00386,ZAAUTO2024-1,0,Current,Current,298008.68,0,0,7/9/2024,6229.98,FALSE,Same,FALSE,FALSE,Standard,0,Static
8/30/2024,ZAAUTO2024-1-00386,ZAAUTO2024-1,0,Current,Current,291620.45,0,0,7/31/2024,6443.74,FALSE,Same,FALSE,FALSE,Standard,0,Static
9/30/2024,ZAAUTO2024-1-00386,ZAAUTO2024-1,0,Current,Current,289202.93,0,0,8/27/2024,6366.11,FALSE,Same,FALSE,FALSE,Standard,0,Static
10/30/2024,ZAAUTO2024-1-00386,ZAAUTO2024-1,29,1-29 DPD,Current,291141.83,6389.23,1,10/13/2024,382.43,FALSE,Worse,FALSE,FALSE,SMA-0,1,Roll
12/30/2023,ZAAUTO2024-1-00387,ZAAUTO2024-1,0,Current,Current,191287.49,0,0,12/8/2023,9660.3,FALSE,Same,FALSE,FALSE,Standard,0,Static
1/30/2024,ZAAUTO2024-1-00387,ZAAUTO2024-1,0,Current,Current,183720.48,0,0,1/4/2024,9937.7,FALSE,Same,FALSE,FALSE,Standard,0,Static
2/28/2024,ZAAUTO2024-1-00387,ZAAUTO2024-1,0,Current,Current,177100.48,0,0,2/20/2024,10699.89,FALSE,Same,FALSE,FALSE,Standard,0,Static
3/30/2024,ZAAUTO2024-1-00387,ZAAUTO2024-1,0,Current,Current,168258.2,0,0,3/15/2024,9375.53,FALSE,Same,FALSE,FALSE,Standard,0,Static
4/30/2024,ZAAUTO2024-1-00387,ZAAUTO2024-1,0,Current,Current,165897.11,0,0,4/3/2024,10682.91,FALSE,Same,FALSE,FALSE,Standard,0,Static
5/30/2024,ZAAUTO2024-1-00387,ZAAUTO2024-1,0,Current,Current,162300.06,0,0,5/26/2024,9591.14,FALSE,Same,FALSE,FALSE,Standard,0,Static
5/30/2024,ZAAUTO2024-1-00387,ZAAUTO2024-1,0,Current,Current,160343.57,0,0,5/27/2024,10643.45,FALSE,Same,FALSE,FALSE,Standard,0,Static
6/30/2024,ZAAUTO2024-1-00387,ZAAUTO2024-1,5,1-29 DPD,Current,158861.77,10399.64,1,6/8/2024,665.39,FALSE,Worse,FALSE,FALSE,SMA-0,1,Roll
7/30/2024,ZAAUTO2024-1-00387,ZAAUTO2024-1,25,1-29 DPD,1-29 DPD,145807.32,10399.64,1,7/1/2024,2079.84,FALSE,Same,FALSE,FALSE,SMA-0,2,Static
8/30/2024,ZAAUTO2024-1-00387,ZAAUTO2024-1,13,1-29 DPD,1-29 DPD,149084.46,10399.64,1,7/28/2024,4411.39,FALSE,Same,FALSE,FALSE,SMA-0,3,Static
9/30/2024,ZAAUTO2024-1-00387,ZAAUTO2024-1,0,Current,1-29 DPD,139648.78,0,0,9/9/2024,10268.11,TRUE,Better,FALSE,FALSE,Standard,0,Cure
10/30/2024,ZAAUTO2024-1-00387,ZAAUTO2024-1,0,Current,Current,137382.21,0,0,9/30/2024,10863.22,FALSE,Same,FALSE,FALSE,Standard,0,Static
12/30/2023,ZAAUTO2024-1-00388,ZAAUTO2024-1,0,Current,Current,988097.12,0,0,12/25/2023,24190.89,FALSE,Same,FALSE,FALSE,Standard,0,Static
1/30/2024,ZAAUTO2024-1-00388,ZAAUTO2024-1,0,Current,Current,1011155.69,0,0,12/26/2023,25380.05,FALSE,Same,FALSE,FALSE,Standard,0,Static
2/28/2024,ZAAUTO2024-1-00388,ZAAUTO2024-1,0,Current,Current,992120.05,0,0,2/10/2024,27448.63,FALSE,Same,FALSE,FALSE,Standard,0,Static
3/30/2024,ZAAUTO2024-1-00388,ZAAUTO2024-1,0,Current,Current,929621.7,0,0,3/4/2024,24529.87,FALSE,Same,FALSE,FALSE,Standard,0,Static
4/30/2024,ZAAUTO2024-1-00388,ZAAUTO2024-1,0,Current,Current,946710.98,0,0,4/22/2024,24035.55,FALSE,Same,FALSE,FALSE,Standard,0,Static
5/30/2024,ZAAUTO2024-1-00388,ZAAUTO2024-1,0,Current,Current,903756.74,0,0,5/11/2024,25724.77,FALSE,Same,FALSE,FALSE,Standard,0,Static
5/30/2024,ZAAUTO2024-1-00388,ZAAUTO2024-1,0,Current,Current,884643.75,0,0,5/4/2024,24730.41,FALSE,Same,FALSE,FALSE,Standard,0,Static
6/30/2024,ZAAUTO2024-1-00388,ZAAUTO2024-1,0,Current,Current,865053.54,0,0,6/11/2024,24826.33,FALSE,Same,FALSE,FALSE,Standard,0,Static
7/30/2024,ZAAUTO2024-1-00388,ZAAUTO2024-1,0,Current,Current,871628.22,0,0,7/4/2024,25911.67,FALSE,Same,FALSE,FALSE,Standard,0,Static
8/30/2024,ZAAUTO2024-1-00388,ZAAUTO2024-1,0,Current,Current,871318.76,0,0,8/5/2024,27015.14,FALSE,Same,FALSE,FALSE,Standard,0,Static
9/30/2024,ZAAUTO2024-1-00388,ZAAUTO2024-1,0,Current,Current,846769.36,0,0,9/29/2024,24032.3,FALSE,Same,FALSE,FALSE,Standard,0,Static
10/30/2024,ZAAUTO2024-1-00388,ZAAUTO2024-1,0,Current,Current,846360.21,0,0,10/10/2024,26733.59,FALSE,Same,FALSE,FALSE,Standard,0,Static
12/30/2023,ZAAUTO2024-1-00389,ZAAUTO2024-1,0,Current,Current,250890.73,0,0,12/14/2023,13092.64,FALSE,Same,FALSE,FALSE,Standard,0,Static
1/30/2024,ZAAUTO2024-1-00389,ZAAUTO2024-1,0,Current,Current,244527.65,0,0,1/17/2024,14474.51,FALSE,Same,FALSE,FALSE,Standard,0,Static
2/28/2024,ZAAUTO2024-1-00389,ZAAUTO2024-1,0,Current,Current,239025.6,0,0,2/14/2024,13829.41,FALSE,Same,FALSE,FALSE,Standard,0,Static
3/30/2024,ZAAUTO2024-1-00389,ZAAUTO2024-1,0,Current,Current,245685.16,0,0,3/7/2024,14698.3,FALSE,Same,FALSE,FALSE,Standard,0,Static
4/30/2024,ZAAUTO2024-1-00389,ZAAUTO2024-1,0,Current,Current,229019.79,0,0,3/26/2024,13983.73,FALSE,Same,FALSE,FALSE,Standard,0,Static
5/30/2024,ZAAUTO2024-1-00389,ZAAUTO2024-1,0,Current,Current,224996.69,0,0,5/5/2024,13410.03,FALSE,Same,FALSE,FALSE,Standard,0,Static
5/30/2024,ZAAUTO2024-1-00389,ZAAUTO2024-1,15,1-29 DPD,Current,226475.11,14104.67,1,5/20/2024,1683.85,FALSE,Worse,FALSE,FALSE,SMA-0,1,Roll
6/30/2024,ZAAUTO2024-1-00389,ZAAUTO2024-1,0,Current,1-29 DPD,210791.24,0,0,6/21/2024,14013.57,TRUE,Better,FALSE,FALSE,Standard,0,Cure
7/30/2024,ZAAUTO2024-1-00389,ZAAUTO2024-1,0,Current,Current,206380.59,0,0,7/22/2024,12728.57,FALSE,Same,FALSE,FALSE,Standard,0,Static
8/30/2024,ZAAUTO2024-1-00389,ZAAUTO2024-1,0,Current,Current,201827.09,0,0,8/24/2024,13150.19,FALSE,Same,FALSE,FALSE,Standard,0,Static
9/30/2024,ZAAUTO2024-1-00389,ZAAUTO2024-1,29,1-29 DPD,Current,191321.17,14104.67,1,9/29/2024,1857.24,FALSE,Worse,FALSE,FALSE,SMA-0,1,Roll
10/30/2024,ZAAUTO2024-1-00389,ZAAUTO2024-1,9,1-29 DPD,1-29 DPD,190903.91,14104.67,1,10/2/2024,573.11,FALSE,Same,FALSE,FALSE,SMA-0,2,Static
12/30/2023,ZAAUTO2024-1-00390,ZAAUTO2024-1,0,Current,Current,2083986.39,0,0,12/27/2023,53025.12,FALSE,Same,FALSE,FALSE,Standard,0,Static
1/30/2024,ZAAUTO2024-1-00390,ZAAUTO2024-1,0,Current,Current,2099492.16,0,0,1/17/2024,52015.81,FALSE,Same,FALSE,FALSE,Standard,0,Static
2/28/2024,ZAAUTO2024-1-00390,ZAAUTO2024-1,0,Current,Current,2109568.78,0,0,2/17/2024,59352.47,FALSE,Same,FALSE,FALSE,Standard,0,Static
3/30/2024,ZAAUTO2024-1-00390,ZAAUTO2024-1,0,Current,Current,2045780.55,0,0,2/24/2024,58144.39,FALSE,Same,FALSE,FALSE,Standard,0,Static
4/30/2024,ZAAUTO2024-1-00390,ZAAUTO2024-1,0,Current,Current,2023500.01,0,0,4/20/2024,53552.72,FALSE,Same,FALSE,FALSE,Standard,0,Static
5/30/2024,ZAAUTO2024-1-00390,ZAAUTO2024-1,0,Current,Current,1906714.67,0,0,5/22/2024,51935.22,FALSE,Same,FALSE,FALSE,Standard,0,Static
5/30/2024,ZAAUTO2024-1-00390,ZAAUTO2024-1,0,Current,Current,1918173.05,0,0,5/1/2024,52119.32,FALSE,Same,FALSE,FALSE,Standard,0,Static
6/30/2024,ZAAUTO2024-1-00390,ZAAUTO2024-1,0,Current,Current,1942615.74,0,0,6/29/2024,52314.86,FALSE,Same,FALSE,FALSE,Standard,0,Static
7/30/2024,ZAAUTO2024-1-00390,ZAAUTO2024-1,0,Current,Current,1874939.42,0,0,7/20/2024,57219.65,FALSE,Same,FALSE,FALSE,Standard,0,Static
8/30/2024,ZAAUTO2024-1-00390,ZAAUTO2024-1,0,Current,Current,1765838.16,0,0,8/27/2024,59102.05,FALSE,Same,FALSE,FALSE,Standard,0,Static
9/30/2024,ZAAUTO2024-1-00390,ZAAUTO2024-1,0,Current,Current,1724186.23,0,0,9/4/2024,59404.49,FALSE,Same,FALSE,FALSE,Standard,0,Static
10/30/2024,ZAAUTO2024-1-00390,ZAAUTO2024-1,0,Current,Current,1716943.47,0,0,9/26/2024,55507.44,FALSE,Same,FALSE,FALSE,Standard,0,Static
12/30/2023,ZAAUTO2024-1-00391,ZAAUTO2024-1,0,Current,Current,419402.06,0,0,12/27/2023,13402.82,FALSE,Same,FALSE,FALSE,Standard,0,Static
1/30/2024,ZAAUTO2024-1-00391,ZAAUTO2024-1,0,Current,Current,400767.98,0,0,1/16/2024,13718.68,FALSE,Same,FALSE,FALSE,Standard,0,Static
2/28/2024,ZAAUTO2024-1-00391,ZAAUTO2024-1,0,Current,Current,398113.95,0,0,2/19/2024,14247.12,FALSE,Same,FALSE,FALSE,Standard,0,Static
3/30/2024,ZAAUTO2024-1-00391,ZAAUTO2024-1,0,Current,Current,375474.85,0,0,3/21/2024,13304.52,FALSE,Same,FALSE,FALSE,Standard,0,Static
4/30/2024,ZAAUTO2024-1-00391,ZAAUTO2024-1,0,Current,Current,375719.04,0,0,4/26/2024,12969.57,FALSE,Same,FALSE,FALSE,Standard,0,Static
5/30/2024,ZAAUTO2024-1-00391,ZAAUTO2024-1,0,Current,Current,351138.6,0,0,5/28/2024,14276.6,FALSE,Same,FALSE,FALSE,Standard,0,Static
5/30/2024,ZAAUTO2024-1-00391,ZAAUTO2024-1,0,Current,Current,347596.87,0,0,5/9/2024,13400.63,FALSE,Same,FALSE,FALSE,Standard,0,Static
6/30/2024,ZAAUTO2024-1-00391,ZAAUTO2024-1,0,Current,Current,341401.43,0,0,6/12/2024,14087.6,FALSE,Same,FALSE,FALSE,Standard,0,Static
7/30/2024,ZAAUTO2024-1-00391,ZAAUTO2024-1,0,Current,Current,334567.31,0,0,7/21/2024,14579.83,FALSE,Same,FALSE,FALSE,Standard,0,Static
8/30/2024,ZAAUTO2024-1-00391,ZAAUTO2024-1,0,Current,Current,314398.23,0,0,8/18/2024,13539.34,FALSE,Same,FALSE,FALSE,Standard,0,Static
9/30/2024,ZAAUTO2024-1-00391,ZAAUTO2024-1,0,Current,Current,310289.95,0,0,9/26/2024,14259.31,FALSE,Same,FALSE,FALSE,Standard,0,Static
10/30/2024,ZAAUTO2024-1-00391,ZAAUTO2024-1,0,Current,Current,285829.19,0,0,10/25/2024,12772.45,FALSE,Same,FALSE,FALSE,Standard,0,Static
12/30/2023,ZAAUTO2024-1-00392,ZAAUTO2024-1,0,Current,Current,1705200,0,0,12/26/2023,31212.32,FALSE,Same,FALSE,FALSE,Standard,0,Static
1/30/2024,ZAAUTO2024-1-00392,ZAAUTO2024-1,0,Current,Current,1674621.98,0,0,12/30/2023,30423.76,FALSE,Same,FALSE,FALSE,Standard,0,Static
2/28/2024,ZAAUTO2024-1-00392,ZAAUTO2024-1,0,Current,Current,1648607.16,0,0,2/14/2024,31907.95,FALSE,Same,FALSE,FALSE,Standard,0,Static
3/30/2024,ZAAUTO2024-1-00392,ZAAUTO2024-1,0,Current,Current,1662018.41,0,0,3/14/2024,32373.06,FALSE,Same,FALSE,FALSE,Standard,0,Static
4/30/2024,ZAAUTO2024-1-00392,ZAAUTO2024-1,0,Current,Current,1616592.83,0,0,4/10/2024,32570.23,FALSE,Same,FALSE,FALSE,Standard,0,Static
5/30/2024,ZAAUTO2024-1-00392,ZAAUTO2024-1,29,1-29 DPD,Current,1659836.9,32238.73,1,4/29/2024,1973.47,FALSE,Worse,FALSE,FALSE,SMA-0,1,Roll
5/30/2024,ZAAUTO2024-1-00392,ZAAUTO2024-1,0,Current,1-29 DPD,1567048.73,0,0,4/29/2024,33586.37,TRUE,Better,FALSE,FALSE,Standard,0,Cure
6/30/2024,ZAAUTO2024-1-00392,ZAAUTO2024-1,0,Current,Current,1606719.99,0,0,6/15/2024,30080.24,FALSE,Same,FALSE,FALSE,Standard,0,Static
7/30/2024,ZAAUTO2024-1-00392,ZAAUTO2024-1,15,1-29 DPD,Current,1518516.01,32238.73,1,7/29/2024,6977.43,FALSE,Worse,FALSE,FALSE,SMA-0,1,Roll
8/30/2024,ZAAUTO2024-1-00392,ZAAUTO2024-1,0,Current,1-29 DPD,1505565.33,0,0,8/21/2024,29561.24,TRUE,Better,FALSE,FALSE,Standard,0,Cure
9/30/2024,ZAAUTO2024-1-00392,ZAAUTO2024-1,6,1-29 DPD,Current,1490109.13,32238.73,1,9/10/2024,13252.04,FALSE,Worse,FALSE,FALSE,SMA-0,1,Roll
10/30/2024,ZAAUTO2024-1-00392,ZAAUTO2024-1,38,30-59 DPD,1-29 DPD,1487636.81,32238.73,1,10/6/2024,16441.7,FALSE,Worse,FALSE,FALSE,SMA-1,2,Roll
12/30/2023,ZAAUTO2024-1-00393,ZAAUTO2024-1,0,Current,Current,578212.45,0,0,11/29/2023,18290.77,FALSE,Same,FALSE,FALSE,Standard,0,Static
1/30/2024,ZAAUTO2024-1-00393,ZAAUTO2024-1,0,Current,Current,555849.82,0,0,1/9/2024,16894.55,FALSE,Same,FALSE,FALSE,Standard,0,Static
2/28/2024,ZAAUTO2024-1-00393,ZAAUTO2024-1,0,Current,Current,539499.86,0,0,2/18/2024,16890.56,FALSE,Same,FALSE,FALSE,Standard,0,Static
3/30/2024,ZAAUTO2024-1-00393,ZAAUTO2024-1,0,Current,Current,524286.13,0,0,3/6/2024,19014.08,FALSE,Same,FALSE,FALSE,Standard,0,Static
4/30/2024,ZAAUTO2024-1-00393,ZAAUTO2024-1,0,Current,Current,523947.94,0,0,4/26/2024,18581.64,FALSE,Same,FALSE,FALSE,Standard,0,Static
5/30/2024,ZAAUTO2024-1-00393,ZAAUTO2024-1,0,Current,Current,518793.94,0,0,5/18/2024,19076.09,FALSE,Same,FALSE,FALSE,Standard,0,Static
5/30/2024,ZAAUTO2024-1-00393,ZAAUTO2024-1,0,Current,Current,491668.2,0,0,5/14/2024,18614.9,FALSE,Same,FALSE,FALSE,Standard,0,Static
6/30/2024,ZAAUTO2024-1-00393,ZAAUTO2024-1,0,Current,Current,495461.86,0,0,6/5/2024,18061.91,FALSE,Same,FALSE,FALSE,Standard,0,Static
7/30/2024,ZAAUTO2024-1-00393,ZAAUTO2024-1,0,Current,Current,475070.56,0,0,7/20/2024,19524.63,FALSE,Same,FALSE,FALSE,Standard,0,Static
8/30/2024,ZAAUTO2024-1-00393,ZAAUTO2024-1,0,Current,Current,461134.79,0,0,8/10/2024,18025.31,FALSE,Same,FALSE,FALSE,Standard,0,Static
9/30/2024,ZAAUTO2024-1-00393,ZAAUTO2024-1,0,Current,Current,438755.52,0,0,9/2/2024,19450.58,FALSE,Same,FALSE,FALSE,Standard,0,Static
10/30/2024,ZAAUTO2024-1-00393,ZAAUTO2024-1,0,Current,Current,433469.5,0,0,10/20/2024,17311.24,FALSE,Same,FALSE,FALSE,Standard,0,Static
12/30/2023,ZAAUTO2024-1-00394,ZAAUTO2024-1,0,Current,Current,604984.6,0,0,12/12/2023,12342.32,FALSE,Same,FALSE,FALSE,Standard,0,Static
1/30/2024,ZAAUTO2024-1-00394,ZAAUTO2024-1,0,Current,Current,602931.91,0,0,1/4/2024,12546.79,FALSE,Same,FALSE,FALSE,Standard,0,Static
2/28/2024,ZAAUTO2024-1-00394,ZAAUTO2024-1,0,Current,Current,586010.83,0,0,2/8/2024,12743.4,FALSE,Same,FALSE,FALSE,Standard,0,Static
3/30/2024,ZAAUTO2024-1-00394,ZAAUTO2024-1,0,Current,Current,598067.8,0,0,3/5/2024,12575.5,FALSE,Same,FALSE,FALSE,Standard,0,Static
4/30/2024,ZAAUTO2024-1-00394,ZAAUTO2024-1,0,Current,Current,570836.42,0,0,4/21/2024,13409.13,FALSE,Same,FALSE,FALSE,Standard,0,Static
5/30/2024,ZAAUTO2024-1-00394,ZAAUTO2024-1,0,Current,Current,558344.18,0,0,5/12/2024,13446.11,FALSE,Same,FALSE,FALSE,Standard,0,Static
5/30/2024,ZAAUTO2024-1-00394,ZAAUTO2024-1,0,Current,Current,580038.16,0,0,5/28/2024,12976.76,FALSE,Same,FALSE,FALSE,Standard,0,Static
6/30/2024,ZAAUTO2024-1-00394,ZAAUTO2024-1,0,Current,Current,535528.42,0,0,6/14/2024,13364.24,FALSE,Same,FALSE,FALSE,Standard,0,Static
7/30/2024,ZAAUTO2024-1-00394,ZAAUTO2024-1,0,Current,Current,524191.78,0,0,6/25/2024,12791.49,FALSE,Same,FALSE,FALSE,Standard,0,Static
8/30/2024,ZAAUTO2024-1-00394,ZAAUTO2024-1,0,Current,Current,521114.56,0,0,8/24/2024,12556.22,FALSE,Same,FALSE,FALSE,Standard,0,Static
9/30/2024,ZAAUTO2024-1-00394,ZAAUTO2024-1,0,Current,Current,524357.74,0,0,9/28/2024,12194.19,FALSE,Same,FALSE,FALSE,Standard,0,Static
10/30/2024,ZAAUTO2024-1-00394,ZAAUTO2024-1,0,Current,Current,515884.96,0,0,10/16/2024,13527.41,FALSE,Same,FALSE,FALSE,Standard,0,Static
12/30/2023,ZAAUTO2024-1-00395,ZAAUTO2024-1,0,Current,Current,1197100,0,0,11/26/2023,27267.22,FALSE,Same,FALSE,FALSE,Standard,0,Static
1/30/2024,ZAAUTO2024-1-00395,ZAAUTO2024-1,0,Current,Current,1197100,0,0,1/4/2024,28960.47,FALSE,Same,FALSE,FALSE,Standard,0,Static
2/28/2024,ZAAUTO2024-1-00395,ZAAUTO2024-1,0,Current,Current,1197100,0,0,2/9/2024,30546.1,FALSE,Same,FALSE,FALSE,Standard,0,Static
3/30/2024,ZAAUTO2024-1-00395,ZAAUTO2024-1,0,Current,Current,1163147.69,0,0,3/23/2024,28938.55,FALSE,Same,FALSE,FALSE,Standard,0,Static
4/30/2024,ZAAUTO2024-1-00395,ZAAUTO2024-1,0,Current,Current,1159211.87,0,0,3/27/2024,26845.53,FALSE,Same,FALSE,FALSE,Standard,0,Static
5/30/2024,ZAAUTO2024-1-00395,ZAAUTO2024-1,0,Current,Current,1145716.28,0,0,5/11/2024,29910,FALSE,Same,FALSE,FALSE,Standard,0,Static
5/30/2024,ZAAUTO2024-1-00395,ZAAUTO2024-1,0,Current,Current,1171175.55,0,0,5/30/2024,26775.04,FALSE,Same,FALSE,FALSE,Standard,0,Static
6/30/2024,ZAAUTO2024-1-00395,ZAAUTO2024-1,0,Current,Current,1117140.49,0,0,5/29/2024,30643.3,FALSE,Same,FALSE,FALSE,Standard,0,Static
7/30/2024,ZAAUTO2024-1-00395,ZAAUTO2024-1,0,Current,Current,1108223.8,0,0,6/27/2024,28715.24,FALSE,Same,FALSE,FALSE,Standard,0,Static
8/30/2024,ZAAUTO2024-1-00395,ZAAUTO2024-1,0,Current,Current,1116434.69,0,0,7/28/2024,28036.62,FALSE,Same,FALSE,FALSE,Standard,0,Static
9/30/2024,ZAAUTO2024-1-00395,ZAAUTO2024-1,0,Current,Current,1091073.94,0,0,9/6/2024,29412.53,FALSE,Same,FALSE,FALSE,Standard,0,Static
10/30/2024,ZAAUTO2024-1-00395,ZAAUTO2024-1,0,Current,Current,1038966.47,0,0,10/5/2024,29904.94,FALSE,Same,FALSE,FALSE,Standard,0,Static
12/30/2023,ZAAUTO2024-1-00396,ZAAUTO2024-1,0,Current,Current,352300,0,0,12/11/2023,9137.49,FALSE,Same,FALSE,FALSE,Standard,0,Static
1/30/2024,ZAAUTO2024-1-00396,ZAAUTO2024-1,0,Current,Current,352300,0,0,1/20/2024,9030.35,FALSE,Same,FALSE,FALSE,Standard,0,Static
2/28/2024,ZAAUTO2024-1-00396,ZAAUTO2024-1,0,Current,Current,352300,0,0,2/21/2024,8579.19,FALSE,Same,FALSE,FALSE,Standard,0,Static
3/30/2024,ZAAUTO2024-1-00396,ZAAUTO2024-1,0,Current,Current,352300,0,0,2/27/2024,9447.34,FALSE,Same,FALSE,FALSE,Standard,0,Static
4/30/2024,ZAAUTO2024-1-00396,ZAAUTO2024-1,0,Current,Current,352300,0,0,4/23/2024,8317.83,FALSE,Same,FALSE,FALSE,Standard,0,Static
5/30/2024,ZAAUTO2024-1-00396,ZAAUTO2024-1,0,Current,Current,352300,0,0,5/2/2024,8404.39,FALSE,Same,FALSE,FALSE,Standard,0,Static
5/30/2024,ZAAUTO2024-1-00396,ZAAUTO2024-1,0,Current,Current,352300,0,0,5/13/2024,8980.68,FALSE,Same,FALSE,FALSE,Standard,0,Static
6/30/2024,ZAAUTO2024-1-00396,ZAAUTO2024-1,0,Current,Current,352300,0,0,6/20/2024,8896.44,FALSE,Same,FALSE,FALSE,Standard,0,Static
7/30/2024,ZAAUTO2024-1-00396,ZAAUTO2024-1,0,Current,Current,344690.49,0,0,6/25/2024,8222.02,FALSE,Same,FALSE,FALSE,Standard,0,Static
8/30/2024,ZAAUTO2024-1-00396,ZAAUTO2024-1,0,Current,Current,340094.15,0,0,8/3/2024,8771.55,FALSE,Same,FALSE,FALSE,Standard,0,Static
9/30/2024,ZAAUTO2024-1-00396,ZAAUTO2024-1,0,Current,Current,330173.3,0,0,9/20/2024,9159.42,FALSE,Same,FALSE,FALSE,Standard,0,Static
10/30/2024,ZAAUTO2024-1-00396,ZAAUTO2024-1,0,Current,Current,326136.84,0,0,10/8/2024,9473.57,FALSE,Same,FALSE,FALSE,Standard,0,Static
12/30/2023,ZAAUTO2024-1-00397,ZAAUTO2024-1,0,Current,Current,954767.98,0,0,12/30/2023,30014.21,FALSE,Same,FALSE,FALSE,Standard,0,Static
1/30/2024,ZAAUTO2024-1-00397,ZAAUTO2024-1,0,Current,Current,959835.08,0,0,1/20/2024,29969.15,FALSE,Same,FALSE,FALSE,Standard,0,Static
2/28/2024,ZAAUTO2024-1-00397,ZAAUTO2024-1,0,Current,Current,962209.29,0,0,2/18/2024,28822.64,FALSE,Same,FALSE,FALSE,Standard,0,Static
3/30/2024,ZAAUTO2024-1-00397,ZAAUTO2024-1,0,Current,Current,926706.19,0,0,3/27/2024,26224.52,FALSE,Same,FALSE,FALSE,Standard,0,Static
4/30/2024,ZAAUTO2024-1-00397,ZAAUTO2024-1,0,Current,Current,899042.12,0,0,4/3/2024,26676.21,FALSE,Same,FALSE,FALSE,Standard,0,Static
5/30/2024,ZAAUTO2024-1-00397,ZAAUTO2024-1,0,Current,Current,886033.86,0,0,5/3/2024,30006.61,FALSE,Same,FALSE,FALSE,Standard,0,Static
5/30/2024,ZAAUTO2024-1-00397,ZAAUTO2024-1,0,Current,Current,894019.15,0,0,5/19/2024,29618.3,FALSE,Same,FALSE,FALSE,Standard,0,Static
6/30/2024,ZAAUTO2024-1-00397,ZAAUTO2024-1,0,Current,Current,884927.17,0,0,6/17/2024,29783.53,FALSE,Same,FALSE,FALSE,Standard,0,Static
7/30/2024,ZAAUTO2024-1-00397,ZAAUTO2024-1,0,Current,Current,838196.93,0,0,7/6/2024,28879.73,FALSE,Same,FALSE,FALSE,Standard,0,Static
8/30/2024,ZAAUTO2024-1-00397,ZAAUTO2024-1,0,Current,Current,843565.61,0,0,8/17/2024,26894.66,FALSE,Same,FALSE,FALSE,Standard,0,Static
9/30/2024,ZAAUTO2024-1-00397,ZAAUTO2024-1,0,Current,Current,803418,0,0,9/25/2024,28154.76,FALSE,Same,FALSE,FALSE,Standard,0,Static
10/30/2024,ZAAUTO2024-1-00397,ZAAUTO2024-1,0,Current,Current,795032.93,0,0,9/26/2024,29917.85,FALSE,Same,FALSE,FALSE,Standard,0,Static
12/30/2023,ZAAUTO2024-1-00398,ZAAUTO2024-1,0,Current,Current,672157.95,0,0,12/18/2023,20060.68,FALSE,Same,FALSE,FALSE,Standard,0,Static
1/30/2024,ZAAUTO2024-1-00398,ZAAUTO2024-1,0,Current,Current,655221.71,0,0,1/21/2024,17732.16,FALSE,Same,FALSE,FALSE,Standard,0,Static
2/28/2024,ZAAUTO2024-1-00398,ZAAUTO2024-1,18,1-29 DPD,Current,647698.35,19382.11,1,2/14/2024,4062.42,FALSE,Worse,FALSE,FALSE,SMA-0,1,Roll
3/30/2024,ZAAUTO2024-1-00398,ZAAUTO2024-1,0,Current,1-29 DPD,604986.62,0,0,3/26/2024,18979.99,TRUE,Better,FALSE,FALSE,Standard,0,Cure
4/30/2024,ZAAUTO2024-1-00398,ZAAUTO2024-1,11,1-29 DPD,Current,614459.16,19382.11,1,4/29/2024,4722.19,FALSE,Worse,FALSE,FALSE,SMA-0,1,Roll
5/30/2024,ZAAUTO2024-1-00398,ZAAUTO2024-1,0,Current,1-29 DPD,608891.4,0,0,4/29/2024,18565.08,TRUE,Better,FALSE,FALSE,Standard,0,Cure
5/30/2024,ZAAUTO2024-1-00398,ZAAUTO2024-1,0,Current,Current,585178.35,0,0,5/3/2024,19640.43,FALSE,Same,FALSE,FALSE,Standard,0,Static
6/30/2024,ZAAUTO2024-1-00398,ZAAUTO2024-1,0,Current,Current,574700.48,0,0,6/20/2024,17462.14,FALSE,Same,FALSE,FALSE,Standard,0,Static
7/30/2024,ZAAUTO2024-1-00398,ZAAUTO2024-1,0,Current,Current,568121.38,0,0,6/26/2024,18963.4,FALSE,Same,FALSE,FALSE,Standard,0,Static
8/30/2024,ZAAUTO2024-1-00398,ZAAUTO2024-1,0,Current,Current,552855.87,0,0,8/13/2024,18163.06,FALSE,Same,FALSE,FALSE,Standard,0,Static
9/30/2024,ZAAUTO2024-1-00398,ZAAUTO2024-1,0,Current,Current,510060.86,0,0,9/22/2024,18801.87,FALSE,Same,FALSE,FALSE,Standard,0,Static
10/30/2024,ZAAUTO2024-1-00398,ZAAUTO2024-1,0,Current,Current,510665.96,0,0,10/4/2024,17783.41,FALSE,Same,FALSE,FALSE,Standard,0,Static
12/30/2023,ZAAUTO2024-1-00399,ZAAUTO2024-1,0,Current,Current,303762.01,0,0,12/21/2023,11907.44,FALSE,Same,FALSE,FALSE,Standard,0,Static
1/30/2024,ZAAUTO2024-1-00399,ZAAUTO2024-1,0,Current,Current,306407.86,0,0,1/5/2024,11609.6,FALSE,Same,FALSE,FALSE,Standard,0,Static
2/28/2024,ZAAUTO2024-1-00399,ZAAUTO2024-1,0,Current,Current,309348.77,0,0,2/6/2024,11682.23,FALSE,Same,FALSE,FALSE,Standard,0,Static
3/30/2024,ZAAUTO2024-1-00399,ZAAUTO2024-1,0,Current,Current,289603.11,0,0,3/10/2024,11457.41,FALSE,Same,FALSE,FALSE,Standard,0,Static
4/30/2024,ZAAUTO2024-1-00399,ZAAUTO2024-1,0,Current,Current,288754.46,0,0,3/29/2024,11714.98,FALSE,Same,FALSE,FALSE,Standard,0,Static
5/30/2024,ZAAUTO2024-1-00399,ZAAUTO2024-1,0,Current,Current,295278.16,0,0,5/20/2024,11271.22,FALSE,Same,FALSE,FALSE,Standard,0,Static
5/30/2024,ZAAUTO2024-1-00399,ZAAUTO2024-1,0,Current,Current,276300.32,0,0,5/13/2024,11853.55,FALSE,Same,FALSE,FALSE,Standard,0,Static
6/30/2024,ZAAUTO2024-1-00399,ZAAUTO2024-1,0,Current,Current,278902.62,0,0,6/30/2024,12018.5,FALSE,Same,FALSE,FALSE,Standard,0,Static
7/30/2024,ZAAUTO2024-1-00399,ZAAUTO2024-1,0,Current,Current,275513.94,0,0,7/22/2024,11690.38,FALSE,Same,FALSE,FALSE,Standard,0,Static
8/30/2024,ZAAUTO2024-1-00399,ZAAUTO2024-1,0,Current,Current,267507.59,0,0,8/2/2024,11137.4,FALSE,Same,FALSE,FALSE,Standard,0,Static
9/30/2024,ZAAUTO2024-1-00399,ZAAUTO2024-1,0,Current,Current,259559.69,0,0,9/4/2024,11412.7,FALSE,Same,FALSE,FALSE,Standard,0,Static
10/30/2024,ZAAUTO2024-1-00399,ZAAUTO2024-1,0,Current,Current,263400.08,0,0,10/11/2024,10772.82,FALSE,Same,FALSE,FALSE,Standard,0,Static
12/30/2023,ZAAUTO2024-1-00400,ZAAUTO2024-1,48,30-59 DPD,Current,1296658.15,31473.51,1,12/13/2023,1421.37,FALSE,Worse,FALSE,FALSE,SMA-1,1,Roll
1/30/2024,ZAAUTO2024-1-00400,ZAAUTO2024-1,46,30-59 DPD,30-59 DPD,1267938.45,31473.51,1,12/29/2023,15994.46,FALSE,Same,FALSE,FALSE,SMA-1,2,Static
2/28/2024,ZAAUTO2024-1-00400,ZAAUTO2024-1,63,60-89 DPD,30-59 DPD,1267412.4,62947.02,2,2/13/2024,5457.04,FALSE,Worse,FALSE,FALSE,SMA-2,3,Roll
3/30/2024,ZAAUTO2024-1-00400,ZAAUTO2024-1,104,90-119 DPD,60-89 DPD,1256493.55,94420.53,3,3/9/2024,3895,FALSE,Worse,FALSE,FALSE,NPA,4,Roll
4/30/2024,ZAAUTO2024-1-00400,ZAAUTO2024-1,113,90-119 DPD,90-119 DPD,1241266.89,94420.53,3,3/27/2024,2017.16,FALSE,Same,FALSE,FALSE,NPA,5,Static
5/30/2024,ZAAUTO2024-1-00400,ZAAUTO2024-1,102,90-119 DPD,90-119 DPD,1195580.09,94420.53,3,4/26/2024,527.89,FALSE,Same,FALSE,FALSE,NPA,6,Static
5/30/2024,ZAAUTO2024-1-00400,ZAAUTO2024-1,99,90-119 DPD,90-119 DPD,1177156.38,94420.53,3,5/20/2024,12517.92,FALSE,Same,FALSE,FALSE,NPA,7,Static
6/30/2024,ZAAUTO2024-1-00400,ZAAUTO2024-1,106,90-119 DPD,90-119 DPD,1197571.21,94420.53,3,6/30/2024,6168.81,FALSE,Same,FALSE,FALSE,NPA,8,Static
7/30/2024,ZAAUTO2024-1-00400,ZAAUTO2024-1,95,90-119 DPD,90-119 DPD,1120147.82,94420.53,3,7/28/2024,3097.49,FALSE,Same,FALSE,FALSE,NPA,9,Static
8/30/2024,ZAAUTO2024-1-00400,ZAAUTO2024-1,155,120+ DPD,90-119 DPD,1167756.97,157367.55,5,8/28/2024,7491.47,FALSE,Worse,FALSE,FALSE,NPA,10,Roll
9/30/2024,ZAAUTO2024-1-00400,ZAAUTO2024-1,194,120+ DPD,120+ DPD,1114186.87,188841.06,6,9/27/2024,341.39,FALSE,Same,FALSE,FALSE,NPA,11,Static
10/30/2024,ZAAUTO2024-1-00400,ZAAUTO2024-1,398,Repossessed,120+ DPD,1064493.09,409155.63,13,9/26/2024,15741.11,FALSE,Worse,TRUE,FALSE,NPA,12,Roll
12/30/2023,ZAAUTO2024-1-00401,ZAAUTO2024-1,0,Current,Current,1871600,0,0,11/30/2023,34579.26,FALSE,Same,FALSE,FALSE,Standard,0,Static
1/30/2024,ZAAUTO2024-1-00401,ZAAUTO2024-1,0,Current,Current,1871600,0,0,1/24/2024,36188.53,FALSE,Same,FALSE,FALSE,Standard,0,Static
2/28/2024,ZAAUTO2024-1-00401,ZAAUTO2024-1,0,Current,Current,1871600,0,0,2/13/2024,33213.39,FALSE,Same,FALSE,FALSE,Standard,0,Static
3/30/2024,ZAAUTO2024-1-00401,ZAAUTO2024-1,0,Current,Current,1871600,0,0,3/2/2024,37486.07,FALSE,Same,FALSE,FALSE,Standard,0,Static
4/30/2024,ZAAUTO2024-1-00401,ZAAUTO2024-1,0,Current,Current,1871600,0,0,4/27/2024,33136.43,FALSE,Same,FALSE,FALSE,Standard,0,Static
5/30/2024,ZAAUTO2024-1-00401,ZAAUTO2024-1,0,Current,Current,1784036.63,0,0,5/8/2024,37110.02,FALSE,Same,FALSE,FALSE,Standard,0,Static
5/30/2024,ZAAUTO2024-1-00401,ZAAUTO2024-1,0,Current,Current,1849395.9,0,0,5/5/2024,33695.22,FALSE,Same,FALSE,FALSE,Standard,0,Static
6/30/2024,ZAAUTO2024-1-00401,ZAAUTO2024-1,0,Current,Current,1837604.72,0,0,6/8/2024,36695.01,FALSE,Same,FALSE,FALSE,Standard,0,Static
7/30/2024,ZAAUTO2024-1-00401,ZAAUTO2024-1,0,Current,Current,1700172.04,0,0,7/8/2024,35272.24,FALSE,Same,FALSE,FALSE,Standard,0,Static
8/30/2024,ZAAUTO2024-1-00401,ZAAUTO2024-1,4,1-29 DPD,Current,1740052.06,36814.38,1,8/18/2024,18233.46,FALSE,Worse,FALSE,FALSE,SMA-0,1,Roll
9/30/2024,ZAAUTO2024-1-00401,ZAAUTO2024-1,47,30-59 DPD,1-29 DPD,1725253.19,36814.38,1,9/12/2024,9542.14,FALSE,Worse,FALSE,FALSE,SMA-1,2,Roll
10/30/2024,ZAAUTO2024-1-00401,ZAAUTO2024-1,48,30-59 DPD,30-59 DPD,1624172.21,36814.38,1,9/30/2024,20188.58,FALSE,Same,FALSE,FALSE,SMA-1,3,Static
12/30/2023,ZAAUTO2024-1-00402,ZAAUTO2024-1,0,Current,Current,1514200,0,0,12/13/2023,34435.23,FALSE,Same,FALSE,FALSE,Standard,0,Static
1/30/2024,ZAAUTO2024-1-00402,ZAAUTO2024-1,0,Current,Current,1514200,0,0,1/14/2024,30516.34,FALSE,Same,FALSE,FALSE,Standard,0,Static
2/28/2024,ZAAUTO2024-1-00402,ZAAUTO2024-1,0,Current,Current,1514200,0,0,2/26/2024,31819.65,FALSE,Same,FALSE,FALSE,Standard,0,Static
3/30/2024,ZAAUTO2024-1-00402,ZAAUTO2024-1,0,Current,Current,1514200,0,0,3/9/2024,34613.2,FALSE,Same,FALSE,FALSE,Standard,0,Static
4/30/2024,ZAAUTO2024-1-00402,ZAAUTO2024-1,0,Current,Current,1514200,0,0,4/5/2024,33935.38,FALSE,Same,FALSE,FALSE,Standard,0,Static
5/30/2024,ZAAUTO2024-1-00402,ZAAUTO2024-1,0,Current,Current,1514200,0,0,5/11/2024,34540.07,FALSE,Same,FALSE,FALSE,Standard,0,Static
5/30/2024,ZAAUTO2024-1-00402,ZAAUTO2024-1,0,Current,Current,1514200,0,0,5/22/2024,30443.19,FALSE,Same,FALSE,FALSE,Standard,0,Static
6/30/2024,ZAAUTO2024-1-00402,ZAAUTO2024-1,0,Current,Current,1514200,0,0,6/3/2024,34202.85,FALSE,Same,FALSE,FALSE,Standard,0,Static
7/30/2024,ZAAUTO2024-1-00402,ZAAUTO2024-1,0,Current,Current,1496593.55,0,0,7/3/2024,33684.63,FALSE,Same,FALSE,FALSE,Standard,0,Static
8/30/2024,ZAAUTO2024-1-00402,ZAAUTO2024-1,0,Current,Current,1479888.27,0,0,8/19/2024,30483.28,FALSE,Same,FALSE,FALSE,Standard,0,Static
9/30/2024,ZAAUTO2024-1-00402,ZAAUTO2024-1,0,Current,Current,1439328.88,0,0,9/15/2024,30934.05,FALSE,Same,FALSE,FALSE,Standard,0,Static
10/30/2024,ZAAUTO2024-1-00402,ZAAUTO2024-1,0,Current,Current,1483230.37,0,0,10/12/2024,32049.49,FALSE,Same,FALSE,FALSE,Standard,0,Static
12/30/2023,ZAAUTO2024-1-00403,ZAAUTO2024-1,0,Current,Current,265806.47,0,0,12/16/2023,7984.6,FALSE,Same,FALSE,FALSE,Standard,0,Static
1/30/2024,ZAAUTO2024-1-00403,ZAAUTO2024-1,0,Current,Current,250621.53,0,0,12/30/2023,8346.37,FALSE,Same,FALSE,FALSE,Standard,0,Static
2/28/2024,ZAAUTO2024-1-00403,ZAAUTO2024-1,0,Current,Current,256468.51,0,0,2/10/2024,7738.55,FALSE,Same,FALSE,FALSE,Standard,0,Static
3/30/2024,ZAAUTO2024-1-00403,ZAAUTO2024-1,0,Current,Current,239748.26,0,0,3/24/2024,7534.74,FALSE,Same,FALSE,FALSE,Standard,0,Static
4/30/2024,ZAAUTO2024-1-00403,ZAAUTO2024-1,0,Current,Current,242083.77,0,0,4/27/2024,7335.69,FALSE,Same,FALSE,FALSE,Standard,0,Static
5/30/2024,ZAAUTO2024-1-00403,ZAAUTO2024-1,0,Current,Current,226624.17,0,0,5/22/2024,8136.16,FALSE,Same,FALSE,FALSE,Standard,0,Static
5/30/2024,ZAAUTO2024-1-00403,ZAAUTO2024-1,0,Current,Current,232057.84,0,0,5/26/2024,8467.17,FALSE,Same,FALSE,FALSE,Standard,0,Static
6/30/2024,ZAAUTO2024-1-00403,ZAAUTO2024-1,0,Current,Current,223450.22,0,0,6/15/2024,8459.64,FALSE,Same,FALSE,FALSE,Standard,0,Static
7/30/2024,ZAAUTO2024-1-00403,ZAAUTO2024-1,0,Current,Current,215410.42,0,0,7/1/2024,7936.06,FALSE,Same,FALSE,FALSE,Standard,0,Static
8/30/2024,ZAAUTO2024-1-00403,ZAAUTO2024-1,0,Current,Current,206373.08,0,0,8/13/2024,7986.67,FALSE,Same,FALSE,FALSE,Standard,0,Static
9/30/2024,ZAAUTO2024-1-00403,ZAAUTO2024-1,0,Current,Current,202306.3,0,0,9/15/2024,8086.15,FALSE,Same,FALSE,FALSE,Standard,0,Static
10/30/2024,ZAAUTO2024-1-00403,ZAAUTO2024-1,0,Current,Current,196611.21,0,0,10/10/2024,8008.75,FALSE,Same,FALSE,FALSE,Standard,0,Static
12/30/2023,ZAAUTO2024-1-00404,ZAAUTO2024-1,0,Current,Current,696600,0,0,12/26/2023,20658.58,FALSE,Same,FALSE,FALSE,Standard,0,Static
1/30/2024,ZAAUTO2024-1-00404,ZAAUTO2024-1,0,Current,Current,696600,0,0,12/28/2023,23377.72,FALSE,Same,FALSE,FALSE,Standard,0,Static
2/28/2024,ZAAUTO2024-1-00404,ZAAUTO2024-1,2,1-29 DPD,Current,696600,22746.46,1,2/23/2024,3525.61,FALSE,Worse,FALSE,FALSE,SMA-0,1,Roll
3/30/2024,ZAAUTO2024-1-00404,ZAAUTO2024-1,0,Current,1-29 DPD,696600,0,0,3/13/2024,22080.95,TRUE,Better,FALSE,FALSE,Standard,0,Cure
4/30/2024,ZAAUTO2024-1-00404,ZAAUTO2024-1,0,Current,Current,696600,0,0,4/17/2024,21688.6,FALSE,Same,FALSE,FALSE,Standard,0,Static
5/30/2024,ZAAUTO2024-1-00404,ZAAUTO2024-1,0,Current,Current,688712.14,0,0,5/2/2024,23453.35,FALSE,Same,FALSE,FALSE,Standard,0,Static
5/30/2024,ZAAUTO2024-1-00404,ZAAUTO2024-1,0,Current,Current,696600,0,0,5/12/2024,20854.42,FALSE,Same,FALSE,FALSE,Standard,0,Static
6/30/2024,ZAAUTO2024-1-00404,ZAAUTO2024-1,0,Current,Current,696600,0,0,6/1/2024,20878.12,FALSE,Same,FALSE,FALSE,Standard,0,Static
7/30/2024,ZAAUTO2024-1-00404,ZAAUTO2024-1,0,Current,Current,679729.08,0,0,7/1/2024,21152.29,FALSE,Same,FALSE,FALSE,Standard,0,Static
8/30/2024,ZAAUTO2024-1-00404,ZAAUTO2024-1,0,Current,Current,655604.56,0,0,8/17/2024,20596.85,FALSE,Same,FALSE,FALSE,Standard,0,Static
9/30/2024,ZAAUTO2024-1-00404,ZAAUTO2024-1,0,Current,Current,642764.63,0,0,8/29/2024,22294.88,FALSE,Same,FALSE,FALSE,Standard,0,Static
10/30/2024,ZAAUTO2024-1-00404,ZAAUTO2024-1,0,Current,Current,632250.71,0,0,10/23/2024,22279.65,FALSE,Same,FALSE,FALSE,Standard,0,Static
12/30/2023,ZAAUTO2024-1-00405,ZAAUTO2024-1,0,Current,Current,1135600,0,0,11/25/2023,23768.78,FALSE,Same,FALSE,FALSE,Standard,0,Static
1/30/2024,ZAAUTO2024-1-00405,ZAAUTO2024-1,0,Current,Current,1135600,0,0,12/31/2023,25629.24,FALSE,Same,FALSE,FALSE,Standard,0,Static
2/28/2024,ZAAUTO2024-1-00405,ZAAUTO2024-1,0,Current,Current,1094424.22,0,0,2/10/2024,26741.26,FALSE,Same,FALSE,FALSE,Standard,0,Static
3/30/2024,ZAAUTO2024-1-00405,ZAAUTO2024-1,0,Current,Current,1096681.98,0,0,3/10/2024,26181.38,FALSE,Same,FALSE,FALSE,Standard,0,Static
4/30/2024,ZAAUTO2024-1-00405,ZAAUTO2024-1,0,Current,Current,1070625.51,0,0,4/23/2024,25244.86,FALSE,Same,FALSE,FALSE,Standard,0,Static
5/30/2024,ZAAUTO2024-1-00405,ZAAUTO2024-1,0,Current,Current,1053482.52,0,0,5/10/2024,26758.97,FALSE,Same,FALSE,FALSE,Standard,0,Static
5/30/2024,ZAAUTO2024-1-00405,ZAAUTO2024-1,0,Current,Current,1029984.79,0,0,5/10/2024,26356.34,FALSE,Same,FALSE,FALSE,Standard,0,Static
6/30/2024,ZAAUTO2024-1-00405,ZAAUTO2024-1,0,Current,Current,1033396.4,0,0,5/29/2024,23697.04,FALSE,Same,FALSE,FALSE,Standard,0,Static
7/30/2024,ZAAUTO2024-1-00405,ZAAUTO2024-1,0,Current,Current,1018754.73,0,0,7/24/2024,24896.53,FALSE,Same,FALSE,FALSE,Standard,0,Static
8/30/2024,ZAAUTO2024-1-00405,ZAAUTO2024-1,0,Current,Current,1014318.23,0,0,8/18/2024,24647.02,FALSE,Same,FALSE,FALSE,Standard,0,Static
9/30/2024,ZAAUTO2024-1-00405,ZAAUTO2024-1,0,Current,Current,1010175.66,0,0,8/30/2024,23844.39,FALSE,Same,FALSE,FALSE,Standard,0,Static
10/30/2024,ZAAUTO2024-1-00405,ZAAUTO2024-1,0,Current,Current,966128.74,0,0,10/6/2024,27157.64,FALSE,Same,FALSE,FALSE,Standard,0,Static
12/30/2023,ZAAUTO2024-1-00406,ZAAUTO2024-1,0,Current,Current,601338.84,0,0,12/9/2023,20552.99,FALSE,Same,FALSE,FALSE,Standard,0,Static
1/30/2024,ZAAUTO2024-1-00406,ZAAUTO2024-1,0,Current,Current,600718.68,0,0,1/29/2024,22715.49,FALSE,Same,FALSE,FALSE,Standard,0,Static
2/28/2024,ZAAUTO2024-1-00406,ZAAUTO2024-1,0,Current,Current,566274.2,0,0,1/25/2024,22396.58,FALSE,Same,FALSE,FALSE,Standard,0,Static
3/30/2024,ZAAUTO2024-1-00406,ZAAUTO2024-1,0,Current,Current,561200.72,0,0,3/16/2024,22334.99,FALSE,Same,FALSE,FALSE,Standard,0,Static
4/30/2024,ZAAUTO2024-1-00406,ZAAUTO2024-1,0,Current,Current,554192.91,0,0,4/16/2024,23201.64,FALSE,Same,FALSE,FALSE,Standard,0,Static
5/30/2024,ZAAUTO2024-1-00406,ZAAUTO2024-1,0,Current,Current,545312.21,0,0,5/9/2024,20930.15,FALSE,Same,FALSE,FALSE,Standard,0,Static
5/30/2024,ZAAUTO2024-1-00406,ZAAUTO2024-1,0,Current,Current,531203.38,0,0,4/26/2024,22392.76,FALSE,Same,FALSE,FALSE,Standard,0,Static
6/30/2024,ZAAUTO2024-1-00406,ZAAUTO2024-1,22,1-29 DPD,Current,509720.03,22637.98,1,6/12/2024,2311.81,FALSE,Worse,FALSE,FALSE,SMA-0,1,Roll
7/30/2024,ZAAUTO2024-1-00406,ZAAUTO2024-1,0,Current,1-29 DPD,487034.4,0,0,7/13/2024,22873.83,TRUE,Better,FALSE,FALSE,Standard,0,Cure
8/30/2024,ZAAUTO2024-1-00406,ZAAUTO2024-1,0,Current,Current,480058.61,0,0,7/28/2024,21384.54,FALSE,Same,FALSE,FALSE,Standard,0,Static
9/30/2024,ZAAUTO2024-1-00406,ZAAUTO2024-1,0,Current,Current,473175.67,0,0,9/1/2024,22353.33,FALSE,Same,FALSE,FALSE,Standard,0,Static
10/30/2024,ZAAUTO2024-1-00406,ZAAUTO2024-1,0,Current,Current,448217.83,0,0,9/25/2024,23467.11,FALSE,Same,FALSE,FALSE,Standard,0,Static
12/30/2023,ZAAUTO2024-1-00407,ZAAUTO2024-1,0,Current,Current,499100,0,0,12/1/2023,10321.82,FALSE,Same,FALSE,FALSE,Standard,0,Static
1/30/2024,ZAAUTO2024-1-00407,ZAAUTO2024-1,0,Current,Current,499100,0,0,1/26/2024,10458.1,FALSE,Same,FALSE,FALSE,Standard,0,Static
2/28/2024,ZAAUTO2024-1-00407,ZAAUTO2024-1,0,Current,Current,499100,0,0,1/25/2024,9488.24,FALSE,Same,FALSE,FALSE,Standard,0,Static
3/30/2024,ZAAUTO2024-1-00407,ZAAUTO2024-1,0,Current,Current,499100,0,0,3/2/2024,10578.8,FALSE,Same,FALSE,FALSE,Standard,0,Static
4/30/2024,ZAAUTO2024-1-00407,ZAAUTO2024-1,0,Current,Current,499100,0,0,4/9/2024,10351.7,FALSE,Same,FALSE,FALSE,Standard,0,Static
5/30/2024,ZAAUTO2024-1-00407,ZAAUTO2024-1,0,Current,Current,499100,0,0,5/14/2024,10619.79,FALSE,Same,FALSE,FALSE,Standard,0,Static
5/30/2024,ZAAUTO2024-1-00407,ZAAUTO2024-1,0,Current,Current,499100,0,0,5/13/2024,10419.46,FALSE,Same,FALSE,FALSE,Standard,0,Static
6/30/2024,ZAAUTO2024-1-00407,ZAAUTO2024-1,0,Current,Current,499100,0,0,5/30/2024,10366.93,FALSE,Same,FALSE,FALSE,Standard,0,Static
7/30/2024,ZAAUTO2024-1-00407,ZAAUTO2024-1,0,Current,Current,494122.5,0,0,7/5/2024,10706.58,FALSE,Same,FALSE,FALSE,Standard,0,Static
8/30/2024,ZAAUTO2024-1-00407,ZAAUTO2024-1,0,Current,Current,484973.89,0,0,8/19/2024,10314.14,FALSE,Same,FALSE,FALSE,Standard,0,Static
9/30/2024,ZAAUTO2024-1-00407,ZAAUTO2024-1,0,Current,Current,496441.63,0,0,9/17/2024,10010.58,FALSE,Same,FALSE,FALSE,Standard,0,Static
10/30/2024,ZAAUTO2024-1-00407,ZAAUTO2024-1,0,Current,Current,478792.38,0,0,10/3/2024,10502.45,FALSE,Same,FALSE,FALSE,Standard,0,Static
12/30/2023,ZAAUTO2024-1-00408,ZAAUTO2024-1,0,Current,Current,358575.25,0,0,12/20/2023,11856.29,FALSE,Same,FALSE,FALSE,Standard,0,Static
1/30/2024,ZAAUTO2024-1-00408,ZAAUTO2024-1,0,Current,Current,341452.29,0,0,1/27/2024,11052.98,FALSE,Same,FALSE,FALSE,Standard,0,Static
2/28/2024,ZAAUTO2024-1-00408,ZAAUTO2024-1,0,Current,Current,325987.21,0,0,2/1/2024,12014.56,FALSE,Same,FALSE,FALSE,Standard,0,Static
3/30/2024,ZAAUTO2024-1-00408,ZAAUTO2024-1,0,Current,Current,327900.1,0,0,3/16/2024,11838.45,FALSE,Same,FALSE,FALSE,Standard,0,Static
4/30/2024,ZAAUTO2024-1-00408,ZAAUTO2024-1,0,Current,Current,314647.07,0,0,4/10/2024,11702.08,FALSE,Same,FALSE,FALSE,Standard,0,Static
5/30/2024,ZAAUTO2024-1-00408,ZAAUTO2024-1,0,Current,Current,309913.14,0,0,5/29/2024,11719.48,FALSE,Same,FALSE,FALSE,Standard,0,Static
5/30/2024,ZAAUTO2024-1-00408,ZAAUTO2024-1,0,Current,Current,299884.61,0,0,5/30/2024,11744.22,FALSE,Same,FALSE,FALSE,Standard,0,Static
6/30/2024,ZAAUTO2024-1-00408,ZAAUTO2024-1,22,1-29 DPD,Current,288439.31,11567.01,1,6/22/2024,4673.08,FALSE,Worse,FALSE,FALSE,SMA-0,1,Roll
7/30/2024,ZAAUTO2024-1-00408,ZAAUTO2024-1,0,Current,1-29 DPD,274100.22,0,0,7/23/2024,10621.74,TRUE,Better,FALSE,FALSE,Standard,0,Cure
8/30/2024,ZAAUTO2024-1-00408,ZAAUTO2024-1,0,Current,Current,270286.24,0,0,8/25/2024,10428.41,FALSE,Same,FALSE,FALSE,Standard,0,Static
9/30/2024,ZAAUTO2024-1-00408,ZAAUTO2024-1,0,Current,Current,275620.52,0,0,8/27/2024,10628.32,FALSE,Same,FALSE,FALSE,Standard,0,Static
10/30/2024,ZAAUTO2024-1-00408,ZAAUTO2024-1,0,Current,Current,259843.85,0,0,9/30/2024,10943.62,FALSE,Same,FALSE,FALSE,Standard,0,Static
12/30/2023,ZAAUTO2024-1-00409,ZAAUTO2024-1,0,Current,Current,414779.43,0,0,12/10/2023,13674.74,FALSE,Same,FALSE,FALSE,Standard,0,Static
1/30/2024,ZAAUTO2024-1-00409,ZAAUTO2024-1,0,Current,Current,409527.4,0,0,1/17/2024,15149.47,FALSE,Same,FALSE,FALSE,Standard,0,Static
2/28/2024,ZAAUTO2024-1-00409,ZAAUTO2024-1,0,Current,Current,403522.72,0,0,2/24/2024,15580.73,FALSE,Same,FALSE,FALSE,Standard,0,Static
3/30/2024,ZAAUTO2024-1-00409,ZAAUTO2024-1,0,Current,Current,416235.03,0,0,2/26/2024,14656.62,FALSE,Same,FALSE,FALSE,Standard,0,Static
4/30/2024,ZAAUTO2024-1-00409,ZAAUTO2024-1,0,Current,Current,392122.98,0,0,4/5/2024,13852.68,FALSE,Same,FALSE,FALSE,Standard,0,Static
5/30/2024,ZAAUTO2024-1-00409,ZAAUTO2024-1,0,Current,Current,385568.54,0,0,5/17/2024,15094.36,FALSE,Same,FALSE,FALSE,Standard,0,Static
5/30/2024,ZAAUTO2024-1-00409,ZAAUTO2024-1,0,Current,Current,379185.61,0,0,5/5/2024,14819.43,FALSE,Same,FALSE,FALSE,Standard,0,Static
6/30/2024,ZAAUTO2024-1-00409,ZAAUTO2024-1,7,1-29 DPD,Current,366762.14,15041.25,1,6/27/2024,6356.26,FALSE,Worse,FALSE,FALSE,SMA-0,1,Roll
7/30/2024,ZAAUTO2024-1-00409,ZAAUTO2024-1,21,1-29 DPD,1-29 DPD,358052.37,15041.25,1,7/10/2024,8802.99,FALSE,Same,FALSE,FALSE,SMA-0,2,Static
8/30/2024,ZAAUTO2024-1-00409,ZAAUTO2024-1,54,30-59 DPD,1-29 DPD,362626.03,15041.25,1,8/3/2024,815.36,FALSE,Worse,FALSE,FALSE,SMA-1,3,Roll
9/30/2024,ZAAUTO2024-1-00409,ZAAUTO2024-1,80,60-89 DPD,30-59 DPD,356929.74,30082.5,2,9/2/2024,6007.41,FALSE,Worse,FALSE,FALSE,SMA-2,4,Roll
10/30/2024,ZAAUTO2024-1-00409,ZAAUTO2024-1,62,60-89 DPD,60-89 DPD,341050.27,30082.5,2,10/6/2024,7404.01,FALSE,Same,FALSE,FALSE,SMA-2,5,Static
12/30/2023,ZAAUTO2024-1-00410,ZAAUTO2024-1,0,Current,Current,749981.24,0,0,12/15/2023,16746.49,FALSE,Same,FALSE,FALSE,Standard,0,Static
1/30/2024,ZAAUTO2024-1-00410,ZAAUTO2024-1,0,Current,Current,718946.6,0,0,1/29/2024,17739.46,FALSE,Same,FALSE,FALSE,Standard,0,Static
2/28/2024,ZAAUTO2024-1-00410,ZAAUTO2024-1,0,Current,Current,723910.83,0,0,2/2/2024,18105.64,FALSE,Same,FALSE,FALSE,Standard,0,Static
3/30/2024,ZAAUTO2024-1-00410,ZAAUTO2024-1,0,Current,Current,715202.97,0,0,3/4/2024,15538.41,FALSE,Same,FALSE,FALSE,Standard,0,Static
4/30/2024,ZAAUTO2024-1-00410,ZAAUTO2024-1,0,Current,Current,714099.44,0,0,4/12/2024,15984.54,FALSE,Same,FALSE,FALSE,Standard,0,Static
5/30/2024,ZAAUTO2024-1-00410,ZAAUTO2024-1,0,Current,Current,659536.54,0,0,5/14/2024,16189.84,FALSE,Same,FALSE,FALSE,Standard,0,Static
5/30/2024,ZAAUTO2024-1-00410,ZAAUTO2024-1,0,Current,Current,680749.16,0,0,5/4/2024,15724.36,FALSE,Same,FALSE,FALSE,Standard,0,Static
6/30/2024,ZAAUTO2024-1-00410,ZAAUTO2024-1,0,Current,Current,670001.95,0,0,6/1/2024,18007.65,FALSE,Same,FALSE,FALSE,Standard,0,Static
7/30/2024,ZAAUTO2024-1-00410,ZAAUTO2024-1,0,Current,Current,629809.59,0,0,7/17/2024,16392.56,FALSE,Same,FALSE,FALSE,Standard,0,Static
8/30/2024,ZAAUTO2024-1-00410,ZAAUTO2024-1,0,Current,Current,640351.72,0,0,8/11/2024,16586.2,FALSE,Same,FALSE,FALSE,Standard,0,Static
9/30/2024,ZAAUTO2024-1-00410,ZAAUTO2024-1,0,Current,Current,599724.6,0,0,9/7/2024,18019.12,FALSE,Same,FALSE,FALSE,Standard,0,Static
10/30/2024,ZAAUTO2024-1-00410,ZAAUTO2024-1,0,Current,Current,576329.38,0,0,9/25/2024,16941.41,FALSE,Same,FALSE,FALSE,Standard,0,Static
12/30/2023,ZAAUTO2024-1-00411,ZAAUTO2024-1,0,Current,Current,924186.02,0,0,11/27/2023,20113.49,FALSE,Same,FALSE,FALSE,Standard,0,Static
1/30/2024,ZAAUTO2024-1-00411,ZAAUTO2024-1,0,Current,Current,895402.65,0,0,1/10/2024,20230.42,FALSE,Same,FALSE,FALSE,Standard,0,Static
2/28/2024,ZAAUTO2024-1-00411,ZAAUTO2024-1,0,Current,Current,925825.92,0,0,2/2/2024,19577.99,FALSE,Same,FALSE,FALSE,Standard,0,Static
3/30/2024,ZAAUTO2024-1-00411,ZAAUTO2024-1,0,Current,Current,855648.61,0,0,2/28/2024,19062.87,FALSE,Same,FALSE,FALSE,Standard,0,Static
4/30/2024,ZAAUTO2024-1-00411,ZAAUTO2024-1,0,Current,Current,881973.41,0,0,4/30/2024,19561.72,FALSE,Same,FALSE,FALSE,Standard,0,Static
5/30/2024,ZAAUTO2024-1-00411,ZAAUTO2024-1,0,Current,Current,835694.44,0,0,4/26/2024,20138.96,FALSE,Same,FALSE,FALSE,Standard,0,Static
5/30/2024,ZAAUTO2024-1-00411,ZAAUTO2024-1,0,Current,Current,827970.75,0,0,4/28/2024,19218.33,FALSE,Same,FALSE,FALSE,Standard,0,Static
6/30/2024,ZAAUTO2024-1-00411,ZAAUTO2024-1,0,Current,Current,813352.41,0,0,6/10/2024,20111.77,FALSE,Same,FALSE,FALSE,Standard,0,Static
7/30/2024,ZAAUTO2024-1-00411,ZAAUTO2024-1,0,Current,Current,803924.35,0,0,7/15/2024,20340.33,FALSE,Same,FALSE,FALSE,Standard,0,Static
8/30/2024,ZAAUTO2024-1-00411,ZAAUTO2024-1,25,1-29 DPD,Current,788492.11,19850.54,1,8/1/2024,1617.24,FALSE,Worse,FALSE,FALSE,SMA-0,1,Roll
9/30/2024,ZAAUTO2024-1-00411,ZAAUTO2024-1,0,Current,1-29 DPD,783369.26,0,0,9/1/2024,18657.17,TRUE,Better,FALSE,FALSE,Standard,0,Cure
10/30/2024,ZAAUTO2024-1-00411,ZAAUTO2024-1,0,Current,Current,752938.52,0,0,10/3/2024,20265.55,FALSE,Same,FALSE,FALSE,Standard,0,Static
12/30/2023,ZAAUTO2024-1-00412,ZAAUTO2024-1,0,Current,Current,828600,0,0,11/27/2023,27620.62,FALSE,Same,FALSE,FALSE,Standard,0,Static
1/30/2024,ZAAUTO2024-1-00412,ZAAUTO2024-1,0,Current,Current,828600,0,0,1/17/2024,26208.73,FALSE,Same,FALSE,FALSE,Standard,0,Static
2/28/2024,ZAAUTO2024-1-00412,ZAAUTO2024-1,0,Current,Current,812875.76,0,0,2/6/2024,27863.38,FALSE,Same,FALSE,FALSE,Standard,0,Static
3/30/2024,ZAAUTO2024-1-00412,ZAAUTO2024-1,8,1-29 DPD,Current,817200.08,26682.16,1,3/17/2024,6479.01,FALSE,Worse,FALSE,FALSE,SMA-0,1,Roll
4/30/2024,ZAAUTO2024-1-00412,ZAAUTO2024-1,25,1-29 DPD,1-29 DPD,790273.49,26682.16,1,4/30/2024,13278.11,FALSE,Same,FALSE,FALSE,SMA-0,2,Static
5/30/2024,ZAAUTO2024-1-00412,ZAAUTO2024-1,4,1-29 DPD,1-29 DPD,764628.64,26682.16,1,5/30/2024,9686.31,FALSE,Same,FALSE,FALSE,SMA-0,3,Static
5/30/2024,ZAAUTO2024-1-00412,ZAAUTO2024-1,20,1-29 DPD,1-29 DPD,789726.14,26682.16,1,5/8/2024,3089.82,FALSE,Same,FALSE,FALSE,SMA-0,4,Static
6/30/2024,ZAAUTO2024-1-00412,ZAAUTO2024-1,27,1-29 DPD,1-29 DPD,762303.95,26682.16,1,6/4/2024,15518.2,FALSE,Same,FALSE,FALSE,SMA-0,5,Static
7/30/2024,ZAAUTO2024-1-00412,ZAAUTO2024-1,6,1-29 DPD,1-29 DPD,745088.21,26682.16,1,7/5/2024,2133.08,FALSE,Same,FALSE,FALSE,SMA-0,6,Static
8/30/2024,ZAAUTO2024-1-00412,ZAAUTO2024-1,9,1-29 DPD,1-29 DPD,745398.95,26682.16,1,8/28/2024,14789.86,FALSE,Same,FALSE,FALSE,SMA-0,7,Static
9/30/2024,ZAAUTO2024-1-00412,ZAAUTO2024-1,0,Current,1-29 DPD,696171.26,0,0,9/20/2024,27465.37,TRUE,Better,FALSE,FALSE,Standard,0,Cure
10/30/2024,ZAAUTO2024-1-00412,ZAAUTO2024-1,67,60-89 DPD,Current,725777.59,53364.32,2,10/28/2024,11593.31,FALSE,Worse,FALSE,FALSE,SMA-2,1,Roll
12/30/2023,ZAAUTO2024-1-00413,ZAAUTO2024-1,0,Current,Current,885025.44,0,0,12/7/2023,44016.55,FALSE,Same,FALSE,FALSE,Standard,0,Static
1/30/2024,ZAAUTO2024-1-00413,ZAAUTO2024-1,0,Current,Current,871146.66,0,0,12/26/2023,41786.21,FALSE,Same,FALSE,FALSE,Standard,0,Static
2/28/2024,ZAAUTO2024-1-00413,ZAAUTO2024-1,0,Current,Current,840922.62,0,0,1/29/2024,42234.94,FALSE,Same,FALSE,FALSE,Standard,0,Static
3/30/2024,ZAAUTO2024-1-00413,ZAAUTO2024-1,0,Current,Current,837177.94,0,0,3/21/2024,38647.18,FALSE,Same,FALSE,FALSE,Standard,0,Static
4/30/2024,ZAAUTO2024-1-00413,ZAAUTO2024-1,0,Current,Current,816089.61,0,0,4/1/2024,37917.3,FALSE,Same,FALSE,FALSE,Standard,0,Static
5/30/2024,ZAAUTO2024-1-00413,ZAAUTO2024-1,0,Current,Current,823040.26,0,0,4/25/2024,40725.85,FALSE,Same,FALSE,FALSE,Standard,0,Static
5/30/2024,ZAAUTO2024-1-00413,ZAAUTO2024-1,0,Current,Current,804085.94,0,0,5/14/2024,43184.5,FALSE,Same,FALSE,FALSE,Standard,0,Static
6/30/2024,ZAAUTO2024-1-00413,ZAAUTO2024-1,0,Current,Current,774995.67,0,0,6/17/2024,38893.33,FALSE,Same,FALSE,FALSE,Standard,0,Static
7/30/2024,ZAAUTO2024-1-00413,ZAAUTO2024-1,0,Current,Current,744715.93,0,0,6/29/2024,43036.26,FALSE,Same,FALSE,FALSE,Standard,0,Static
8/30/2024,ZAAUTO2024-1-00413,ZAAUTO2024-1,0,Current,Current,747319.5,0,0,8/19/2024,39561.84,FALSE,Same,FALSE,FALSE,Standard,0,Static
9/30/2024,ZAAUTO2024-1-00413,ZAAUTO2024-1,0,Current,Current,700717.61,0,0,9/17/2024,38824.51,FALSE,Same,FALSE,FALSE,Standard,0,Static
10/30/2024,ZAAUTO2024-1-00413,ZAAUTO2024-1,0,Current,Current,673462.4,0,0,9/26/2024,42951.06,FALSE,Same,FALSE,FALSE,Standard,0,Static
12/30/2023,ZAAUTO2024-1-00414,ZAAUTO2024-1,0,Current,Current,753200,0,0,12/21/2023,19070.26,FALSE,Same,FALSE,FALSE,Standard,0,Static
1/30/2024,ZAAUTO2024-1-00414,ZAAUTO2024-1,0,Current,Current,753200,0,0,1/9/2024,19071.37,FALSE,Same,FALSE,FALSE,Standard,0,Static
2/28/2024,ZAAUTO2024-1-00414,ZAAUTO2024-1,0,Current,Current,753200,0,0,2/2/2024,18908.24,FALSE,Same,FALSE,FALSE,Standard,0,Static
3/30/2024,ZAAUTO2024-1-00414,ZAAUTO2024-1,0,Current,Current,751600.38,0,0,3/7/2024,17431.78,FALSE,Same,FALSE,FALSE,Standard,0,Static
4/30/2024,ZAAUTO2024-1-00414,ZAAUTO2024-1,0,Current,Current,753200,0,0,4/29/2024,16906.8,FALSE,Same,FALSE,FALSE,Standard,0,Static
5/30/2024,ZAAUTO2024-1-00414,ZAAUTO2024-1,0,Current,Current,751149.29,0,0,5/10/2024,16963.2,FALSE,Same,FALSE,FALSE,Standard,0,Static
5/30/2024,ZAAUTO2024-1-00414,ZAAUTO2024-1,0,Current,Current,720589.89,0,0,5/15/2024,17262.9,FALSE,Same,FALSE,FALSE,Standard,0,Static
6/30/2024,ZAAUTO2024-1-00414,ZAAUTO2024-1,0,Current,Current,753200,0,0,6/30/2024,16951.87,FALSE,Same,FALSE,FALSE,Standard,0,Static
7/30/2024,ZAAUTO2024-1-00414,ZAAUTO2024-1,0,Current,Current,717670.59,0,0,7/1/2024,17130.44,FALSE,Same,FALSE,FALSE,Standard,0,Static
8/30/2024,ZAAUTO2024-1-00414,ZAAUTO2024-1,0,Current,Current,721236.95,0,0,8/28/2024,18719.5,FALSE,Same,FALSE,FALSE,Standard,0,Static
9/30/2024,ZAAUTO2024-1-00414,ZAAUTO2024-1,0,Current,Current,681115.42,0,0,9/25/2024,17185.81,FALSE,Same,FALSE,FALSE,Standard,0,Static
10/30/2024,ZAAUTO2024-1-00414,ZAAUTO2024-1,0,Current,Current,688236.27,0,0,10/6/2024,18472.01,FALSE,Same,FALSE,FALSE,Standard,0,Static
12/30/2023,ZAAUTO2024-1-00415,ZAAUTO2024-1,0,Current,Current,550178.14,0,0,12/23/2023,30953.09,FALSE,Same,FALSE,FALSE,Standard,0,Static
1/30/2024,ZAAUTO2024-1-00415,ZAAUTO2024-1,0,Current,Current,526174.29,0,0,1/20/2024,28955.67,FALSE,Same,FALSE,FALSE,Standard,0,Static
2/28/2024,ZAAUTO2024-1-00415,ZAAUTO2024-1,0,Current,Current,546959.98,0,0,2/24/2024,28631.94,FALSE,Same,FALSE,FALSE,Standard,0,Static
3/30/2024,ZAAUTO2024-1-00415,ZAAUTO2024-1,0,Current,Current,497673.3,0,0,3/14/2024,27890.85,FALSE,Same,FALSE,FALSE,Standard,0,Static
4/30/2024,ZAAUTO2024-1-00415,ZAAUTO2024-1,0,Current,Current,499764.04,0,0,4/21/2024,30184.69,FALSE,Same,FALSE,FALSE,Standard,0,Static
5/30/2024,ZAAUTO2024-1-00415,ZAAUTO2024-1,0,Current,Current,499450.42,0,0,5/12/2024,30325.23,FALSE,Same,FALSE,FALSE,Standard,0,Static
5/30/2024,ZAAUTO2024-1-00415,ZAAUTO2024-1,0,Current,Current,492342.31,0,0,5/22/2024,27348.08,FALSE,Same,FALSE,FALSE,Standard,0,Static
6/30/2024,ZAAUTO2024-1-00415,ZAAUTO2024-1,0,Current,Current,453280.4,0,0,6/5/2024,26603.88,FALSE,Same,FALSE,FALSE,Standard,0,Static
7/30/2024,ZAAUTO2024-1-00415,ZAAUTO2024-1,0,Current,Current,447286.43,0,0,7/17/2024,30566.44,FALSE,Same,FALSE,FALSE,Standard,0,Static
8/30/2024,ZAAUTO2024-1-00415,ZAAUTO2024-1,0,Current,Current,432482.15,0,0,8/25/2024,27163.43,FALSE,Same,FALSE,FALSE,Standard,0,Static
9/30/2024,ZAAUTO2024-1-00415,ZAAUTO2024-1,0,Current,Current,434046.78,0,0,9/29/2024,29115.69,FALSE,Same,FALSE,FALSE,Standard,0,Static
10/30/2024,ZAAUTO2024-1-00415,ZAAUTO2024-1,0,Current,Current,408568.03,0,0,10/2/2024,30064.32,FALSE,Same,FALSE,FALSE,Standard,0,Static
12/30/2023,ZAAUTO2024-1-00416,ZAAUTO2024-1,0,Current,Current,849512.34,0,0,12/11/2023,29181.13,FALSE,Same,FALSE,FALSE,Standard,0,Static
1/30/2024,ZAAUTO2024-1-00416,ZAAUTO2024-1,0,Current,Current,809868.89,0,0,1/22/2024,27227.74,FALSE,Same,FALSE,FALSE,Standard,0,Static
2/28/2024,ZAAUTO2024-1-00416,ZAAUTO2024-1,0,Current,Current,815752.5,0,0,2/6/2024,28591.21,FALSE,Same,FALSE,FALSE,Standard,0,Static
3/30/2024,ZAAUTO2024-1-00416,ZAAUTO2024-1,0,Current,Current,802859.09,0,0,3/6/2024,26214.71,FALSE,Same,FALSE,FALSE,Standard,0,Static
4/30/2024,ZAAUTO2024-1-00416,ZAAUTO2024-1,0,Current,Current,775730.21,0,0,4/23/2024,27441.9,FALSE,Same,FALSE,FALSE,Standard,0,Static
5/30/2024,ZAAUTO2024-1-00416,ZAAUTO2024-1,0,Current,Current,808701.48,0,0,5/25/2024,26795.16,FALSE,Same,FALSE,FALSE,Standard,0,Static
5/30/2024,ZAAUTO2024-1-00416,ZAAUTO2024-1,0,Current,Current,767493.83,0,0,5/5/2024,30367.3,FALSE,Same,FALSE,FALSE,Standard,0,Static
6/30/2024,ZAAUTO2024-1-00416,ZAAUTO2024-1,23,1-29 DPD,Current,746410.23,28948.67,1,5/27/2024,15369.94,FALSE,Worse,FALSE,FALSE,SMA-0,1,Roll
7/30/2024,ZAAUTO2024-1-00416,ZAAUTO2024-1,38,30-59 DPD,1-29 DPD,743473.79,28948.67,1,7/3/2024,13741.88,FALSE,Worse,FALSE,FALSE,SMA-1,2,Roll
8/30/2024,ZAAUTO2024-1-00416,ZAAUTO2024-1,59,30-59 DPD,30-59 DPD,756188.18,28948.67,1,8/4/2024,2204.18,FALSE,Same,FALSE,FALSE,SMA-1,3,Static
9/30/2024,ZAAUTO2024-1-00416,ZAAUTO2024-1,74,60-89 DPD,30-59 DPD,711681.18,57897.34,2,9/27/2024,15768.71,FALSE,Worse,FALSE,FALSE,SMA-2,4,Roll
10/30/2024,ZAAUTO2024-1-00416,ZAAUTO2024-1,76,60-89 DPD,60-89 DPD,705736.75,57897.34,2,10/11/2024,7923.6,FALSE,Same,FALSE,FALSE,SMA-2,5,Static
12/30/2023,ZAAUTO2024-1-00417,ZAAUTO2024-1,0,Current,Current,624681.26,0,0,12/28/2023,14871.2,FALSE,Same,FALSE,FALSE,Standard,0,Static
1/30/2024,ZAAUTO2024-1-00417,ZAAUTO2024-1,0,Current,Current,620597.28,0,0,12/28/2023,17041.38,FALSE,Same,FALSE,FALSE,Standard,0,Static
2/28/2024,ZAAUTO2024-1-00417,ZAAUTO2024-1,0,Current,Current,619048.91,0,0,2/16/2024,15713.49,FALSE,Same,FALSE,FALSE,Standard,0,Static
3/30/2024,ZAAUTO2024-1-00417,ZAAUTO2024-1,0,Current,Current,617056.71,0,0,3/22/2024,16796.36,FALSE,Same,FALSE,FALSE,Standard,0,Static
4/30/2024,ZAAUTO2024-1-00417,ZAAUTO2024-1,0,Current,Current,599345.72,0,0,4/16/2024,15432.21,FALSE,Same,FALSE,FALSE,Standard,0,Static
5/30/2024,ZAAUTO2024-1-00417,ZAAUTO2024-1,9,1-29 DPD,Current,577822.01,16386.04,1,5/13/2024,4414.86,FALSE,Worse,FALSE,FALSE,SMA-0,1,Roll
5/30/2024,ZAAUTO2024-1-00417,ZAAUTO2024-1,0,Current,1-29 DPD,585573.29,0,0,4/28/2024,15135.1,TRUE,Better,FALSE,FALSE,Standard,0,Cure
6/30/2024,ZAAUTO2024-1-00417,ZAAUTO2024-1,67,60-89 DPD,Current,560325.9,32772.08,2,5/28/2024,4033.11,FALSE,Worse,FALSE,FALSE,SMA-2,1,Roll
7/30/2024,ZAAUTO2024-1-00417,ZAAUTO2024-1,68,60-89 DPD,60-89 DPD,544721.17,32772.08,2,7/21/2024,7023.87,FALSE,Same,FALSE,FALSE,SMA-2,2,Static
8/30/2024,ZAAUTO2024-1-00417,ZAAUTO2024-1,60,60-89 DPD,60-89 DPD,524693.31,32772.08,2,8/20/2024,1959.46,FALSE,Same,FALSE,FALSE,SMA-1,3,Static
9/30/2024,ZAAUTO2024-1-00417,ZAAUTO2024-1,83,60-89 DPD,60-89 DPD,527040,32772.08,2,9/21/2024,8516.35,FALSE,Same,FALSE,FALSE,SMA-2,4,Static
10/30/2024,ZAAUTO2024-1-00417,ZAAUTO2024-1,211,120+ DPD,60-89 DPD,532143.21,114702.28,7,10/30/2024,8638.55,FALSE,Worse,FALSE,FALSE,NPA,5,Roll
12/30/2023,ZAAUTO2024-1-00418,ZAAUTO2024-1,0,Current,Current,762185.48,0,0,11/27/2023,25219.16,FALSE,Same,FALSE,FALSE,Standard,0,Static
1/30/2024,ZAAUTO2024-1-00418,ZAAUTO2024-1,0,Current,Current,790674.7,0,0,1/25/2024,23490.67,FALSE,Same,FALSE,FALSE,Standard,0,Static
2/28/2024,ZAAUTO2024-1-00418,ZAAUTO2024-1,0,Current,Current,740038.01,0,0,2/28/2024,23113.92,FALSE,Same,FALSE,FALSE,Standard,0,Static
3/30/2024,ZAAUTO2024-1-00418,ZAAUTO2024-1,28,1-29 DPD,Current,764478.93,25583.45,1,3/6/2024,8714.5,FALSE,Worse,FALSE,FALSE,SMA-0,1,Roll
4/30/2024,ZAAUTO2024-1-00418,ZAAUTO2024-1,0,Current,1-29 DPD,743726.01,0,0,4/21/2024,26173.4,TRUE,Better,FALSE,FALSE,Standard,0,Cure
5/30/2024,ZAAUTO2024-1-00418,ZAAUTO2024-1,0,Current,Current,698073.79,0,0,4/29/2024,23798.52,FALSE,Same,FALSE,FALSE,Standard,0,Static
5/30/2024,ZAAUTO2024-1-00418,ZAAUTO2024-1,0,Current,Current,699582.56,0,0,4/26/2024,26651.83,FALSE,Same,FALSE,FALSE,Standard,0,Static
6/30/2024,ZAAUTO2024-1-00418,ZAAUTO2024-1,0,Current,Current,690785.5,0,0,6/1/2024,25864.92,FALSE,Same,FALSE,FALSE,Standard,0,Static
7/30/2024,ZAAUTO2024-1-00418,ZAAUTO2024-1,0,Current,Current,677923.01,0,0,7/6/2024,23059.28,FALSE,Same,FALSE,FALSE,Standard,0,Static
8/30/2024,ZAAUTO2024-1-00418,ZAAUTO2024-1,0,Current,Current,671367.2,0,0,8/9/2024,24177.13,FALSE,Same,FALSE,FALSE,Standard,0,Static
9/30/2024,ZAAUTO2024-1-00418,ZAAUTO2024-1,0,Current,Current,665191.94,0,0,9/25/2024,26643.13,FALSE,Same,FALSE,FALSE,Standard,0,Static
10/30/2024,ZAAUTO2024-1-00418,ZAAUTO2024-1,0,Current,Current,644495.15,0,0,9/25/2024,24657.04,FALSE,Same,FALSE,FALSE,Standard,0,Static
12/30/2023,ZAAUTO2024-1-00419,ZAAUTO2024-1,0,Current,Current,259706.05,0,0,12/15/2023,12012.64,FALSE,Same,FALSE,FALSE,Standard,0,Static
1/30/2024,ZAAUTO2024-1-00419,ZAAUTO2024-1,0,Current,Current,243267.35,0,0,1/24/2024,11270.26,FALSE,Same,FALSE,FALSE,Standard,0,Static
2/28/2024,ZAAUTO2024-1-00419,ZAAUTO2024-1,0,Current,Current,238512.85,0,0,2/23/2024,11509.99,FALSE,Same,FALSE,FALSE,Standard,0,Static
3/30/2024,ZAAUTO2024-1-00419,ZAAUTO2024-1,0,Current,Current,241756.15,0,0,3/7/2024,11565.54,FALSE,Same,FALSE,FALSE,Standard,0,Static
4/30/2024,ZAAUTO2024-1-00419,ZAAUTO2024-1,0,Current,Current,233007.61,0,0,4/21/2024,11677.71,FALSE,Same,FALSE,FALSE,Standard,0,Static
5/30/2024,ZAAUTO2024-1-00419,ZAAUTO2024-1,0,Current,Current,238509.01,0,0,5/11/2024,10625.3,FALSE,Same,FALSE,FALSE,Standard,0,Static
5/30/2024,ZAAUTO2024-1-00419,ZAAUTO2024-1,0,Current,Current,218227.97,0,0,5/14/2024,11756.65,FALSE,Same,FALSE,FALSE,Standard,0,Static
6/30/2024,ZAAUTO2024-1-00419,ZAAUTO2024-1,0,Current,Current,223604.65,0,0,6/26/2024,10993.19,FALSE,Same,FALSE,FALSE,Standard,0,Static
7/30/2024,ZAAUTO2024-1-00419,ZAAUTO2024-1,0,Current,Current,213365.71,0,0,7/15/2024,10845.84,FALSE,Same,FALSE,FALSE,Standard,0,Static
8/30/2024,ZAAUTO2024-1-00419,ZAAUTO2024-1,0,Current,Current,209787.38,0,0,8/2/2024,10921.72,FALSE,Same,FALSE,FALSE,Standard,0,Static
9/30/2024,ZAAUTO2024-1-00419,ZAAUTO2024-1,19,1-29 DPD,Current,207743.63,11517.79,1,9/14/2024,1958.37,FALSE,Worse,FALSE,FALSE,SMA-0,1,Roll
10/30/2024,ZAAUTO2024-1-00419,ZAAUTO2024-1,0,Current,1-29 DPD,206809.92,0,0,10/13/2024,11857.39,TRUE,Better,FALSE,FALSE,Standard,0,Cure
12/30/2023,ZAAUTO2024-1-00420,ZAAUTO2024-1,0,Current,Current,1439224.92,0,0,12/22/2023,56126.44,FALSE,Same,FALSE,FALSE,Standard,0,Static
1/30/2024,ZAAUTO2024-1-00420,ZAAUTO2024-1,0,Current,Current,1406126.35,0,0,1/12/2024,58788.46,FALSE,Same,FALSE,FALSE,Standard,0,Static
2/28/2024,ZAAUTO2024-1-00420,ZAAUTO2024-1,0,Current,Current,1336907.62,0,0,2/3/2024,51807.84,FALSE,Same,FALSE,FALSE,Standard,0,Static
3/30/2024,ZAAUTO2024-1-00420,ZAAUTO2024-1,0,Current,Current,1340299.27,0,0,2/27/2024,58105.9,FALSE,Same,FALSE,FALSE,Standard,0,Static
4/30/2024,ZAAUTO2024-1-00420,ZAAUTO2024-1,0,Current,Current,1303360.48,0,0,4/10/2024,58254.32,FALSE,Same,FALSE,FALSE,Standard,0,Static
5/30/2024,ZAAUTO2024-1-00420,ZAAUTO2024-1,0,Current,Current,1267007.53,0,0,5/8/2024,55996.13,FALSE,Same,FALSE,FALSE,Standard,0,Static
5/30/2024,ZAAUTO2024-1-00420,ZAAUTO2024-1,0,Current,Current,1209217.96,0,0,5/11/2024,51968.4,FALSE,Same,FALSE,FALSE,Standard,0,Static
6/30/2024,ZAAUTO2024-1-00420,ZAAUTO2024-1,0,Current,Current,1239298.01,0,0,6/8/2024,59021.32,FALSE,Same,FALSE,FALSE,Standard,0,Static
7/30/2024,ZAAUTO2024-1-00420,ZAAUTO2024-1,0,Current,Current,1128703.6,0,0,7/12/2024,51356.06,FALSE,Same,FALSE,FALSE,Standard,0,Static
8/30/2024,ZAAUTO2024-1-00420,ZAAUTO2024-1,0,Current,Current,1144734.16,0,0,7/26/2024,58638.9,FALSE,Same,FALSE,FALSE,Standard,0,Static
9/30/2024,ZAAUTO2024-1-00420,ZAAUTO2024-1,0,Current,Current,1105402.46,0,0,9/9/2024,51524.74,FALSE,Same,FALSE,FALSE,Standard,0,Static
10/30/2024,ZAAUTO2024-1-00420,ZAAUTO2024-1,0,Current,Current,1038523.49,0,0,10/4/2024,58536.39,FALSE,Same,FALSE,FALSE,Standard,0,Static
12/30/2023,ZAAUTO2024-1-00421,ZAAUTO2024-1,0,Current,Current,2183557.3,0,0,12/3/2023,46260.15,FALSE,Same,FALSE,FALSE,Standard,0,Static
1/30/2024,ZAAUTO2024-1-00421,ZAAUTO2024-1,0,Current,Current,2150052.79,0,0,1/22/2024,47365.75,FALSE,Same,FALSE,FALSE,Standard,0,Static
2/28/2024,ZAAUTO2024-1-00421,ZAAUTO2024-1,0,Current,Current,2189604.34,0,0,1/30/2024,43937.66,FALSE,Same,FALSE,FALSE,Standard,0,Static
3/30/2024,ZAAUTO2024-1-00421,ZAAUTO2024-1,0,Current,Current,2089053.6,0,0,3/19/2024,44759.42,FALSE,Same,FALSE,FALSE,Standard,0,Static
4/30/2024,ZAAUTO2024-1-00421,ZAAUTO2024-1,0,Current,Current,2178259.98,0,0,4/3/2024,43807.57,FALSE,Same,FALSE,FALSE,Standard,0,Static
5/30/2024,ZAAUTO2024-1-00421,ZAAUTO2024-1,0,Current,Current,2022358.03,0,0,5/29/2024,48039.3,FALSE,Same,FALSE,FALSE,Standard,0,Static
5/30/2024,ZAAUTO2024-1-00421,ZAAUTO2024-1,0,Current,Current,2014490.66,0,0,4/26/2024,48475.79,FALSE,Same,FALSE,FALSE,Standard,0,Static
6/30/2024,ZAAUTO2024-1-00421,ZAAUTO2024-1,0,Current,Current,1944514.38,0,0,6/3/2024,46453.81,FALSE,Same,FALSE,FALSE,Standard,0,Static
7/30/2024,ZAAUTO2024-1-00421,ZAAUTO2024-1,11,1-29 DPD,Current,1941322.53,48124.5,1,7/14/2024,9010.54,FALSE,Worse,FALSE,FALSE,SMA-0,1,Roll
8/30/2024,ZAAUTO2024-1-00421,ZAAUTO2024-1,24,1-29 DPD,1-29 DPD,1882991.27,48124.5,1,8/11/2024,18915.57,FALSE,Same,FALSE,FALSE,SMA-0,2,Static
9/30/2024,ZAAUTO2024-1-00421,ZAAUTO2024-1,29,1-29 DPD,1-29 DPD,1863118,48124.5,1,9/2/2024,12097.4,FALSE,Same,FALSE,FALSE,SMA-0,3,Static
10/30/2024,ZAAUTO2024-1-00421,ZAAUTO2024-1,8,1-29 DPD,1-29 DPD,1924068.13,48124.5,1,10/11/2024,11053.79,FALSE,Same,FALSE,FALSE,SMA-0,4,Static
12/30/2023,ZAAUTO2024-1-00422,ZAAUTO2024-1,0,Current,Current,496628.95,0,0,12/8/2023,14357.37,FALSE,Same,FALSE,FALSE,Standard,0,Static
1/30/2024,ZAAUTO2024-1-00422,ZAAUTO2024-1,0,Current,Current,491692.67,0,0,12/30/2023,15322.45,FALSE,Same,FALSE,FALSE,Standard,0,Static
2/28/2024,ZAAUTO2024-1-00422,ZAAUTO2024-1,18,1-29 DPD,Current,472238.09,14594.53,1,2/8/2024,6627.63,FALSE,Worse,FALSE,FALSE,SMA-0,1,Roll
3/30/2024,ZAAUTO2024-1-00422,ZAAUTO2024-1,24,1-29 DPD,1-29 DPD,478811.51,14594.53,1,3/1/2024,5851.05,FALSE,Same,FALSE,FALSE,SMA-0,2,Static
4/30/2024,ZAAUTO2024-1-00422,ZAAUTO2024-1,0,Current,1-29 DPD,451559.15,0,0,4/2/2024,15295.5,TRUE,Better,FALSE,FALSE,Standard,0,Cure
5/30/2024,ZAAUTO2024-1-00422,ZAAUTO2024-1,0,Current,Current,451430.98,0,0,5/4/2024,14675.37,FALSE,Same,FALSE,FALSE,Standard,0,Static
5/30/2024,ZAAUTO2024-1-00422,ZAAUTO2024-1,0,Current,Current,436780.4,0,0,5/8/2024,15175.13,FALSE,Same,FALSE,FALSE,Standard,0,Static
6/30/2024,ZAAUTO2024-1-00422,ZAAUTO2024-1,0,Current,Current,438118.48,0,0,6/21/2024,15008.85,FALSE,Same,FALSE,FALSE,Standard,0,Static
7/30/2024,ZAAUTO2024-1-00422,ZAAUTO2024-1,0,Current,Current,411986.11,0,0,7/26/2024,15228.79,FALSE,Same,FALSE,FALSE,Standard,0,Static
8/30/2024,ZAAUTO2024-1-00422,ZAAUTO2024-1,0,Current,Current,411340,0,0,8/2/2024,15070.04,FALSE,Same,FALSE,FALSE,Standard,0,Static
9/30/2024,ZAAUTO2024-1-00422,ZAAUTO2024-1,14,1-29 DPD,Current,406933.8,14594.53,1,9/2/2024,4471.5,FALSE,Worse,FALSE,FALSE,SMA-0,1,Roll
10/30/2024,ZAAUTO2024-1-00422,ZAAUTO2024-1,0,Current,1-29 DPD,395616.28,0,0,10/12/2024,14171.23,TRUE,Better,FALSE,FALSE,Standard,0,Cure
12/30/2023,ZAAUTO2024-1-00423,ZAAUTO2024-1,0,Current,Current,2158500,0,0,12/21/2023,62213.52,FALSE,Same,FALSE,FALSE,Standard,0,Static
1/30/2024,ZAAUTO2024-1-00423,ZAAUTO2024-1,0,Current,Current,2158500,0,0,1/13/2024,69182.23,FALSE,Same,FALSE,FALSE,Standard,0,Static
2/28/2024,ZAAUTO2024-1-00423,ZAAUTO2024-1,0,Current,Current,2158500,0,0,2/9/2024,68312.47,FALSE,Same,FALSE,FALSE,Standard,0,Static
3/30/2024,ZAAUTO2024-1-00423,ZAAUTO2024-1,0,Current,Current,2158500,0,0,3/6/2024,66500.83,FALSE,Same,FALSE,FALSE,Standard,0,Static
4/30/2024,ZAAUTO2024-1-00423,ZAAUTO2024-1,4,1-29 DPD,Current,2158500,67709.27,1,4/9/2024,32119.78,FALSE,Worse,FALSE,FALSE,SMA-0,1,Roll
5/30/2024,ZAAUTO2024-1-00423,ZAAUTO2024-1,0,Current,1-29 DPD,2158500,0,0,5/14/2024,67078.91,TRUE,Better,FALSE,FALSE,Standard,0,Cure
5/30/2024,ZAAUTO2024-1-00423,ZAAUTO2024-1,0,Current,Current,2158500,0,0,5/20/2024,64563.33,FALSE,Same,FALSE,FALSE,Standard,0,Static
6/30/2024,ZAAUTO2024-1-00423,ZAAUTO2024-1,0,Current,Current,2137429.25,0,0,6/19/2024,61112.95,FALSE,Same,FALSE,FALSE,Standard,0,Static
7/30/2024,ZAAUTO2024-1-00423,ZAAUTO2024-1,0,Current,Current,2079298.61,0,0,7/13/2024,69073.91,FALSE,Same,FALSE,FALSE,Standard,0,Static
8/30/2024,ZAAUTO2024-1-00423,ZAAUTO2024-1,0,Current,Current,2083270.55,0,0,8/25/2024,68722.35,FALSE,Same,FALSE,FALSE,Standard,0,Static
9/30/2024,ZAAUTO2024-1-00423,ZAAUTO2024-1,0,Current,Current,1972883.87,0,0,8/30/2024,68800.51,FALSE,Same,FALSE,FALSE,Standard,0,Static
10/30/2024,ZAAUTO2024-1-00423,ZAAUTO2024-1,0,Current,Current,2005188.2,0,0,10/25/2024,66333.38,FALSE,Same,FALSE,FALSE,Standard,0,Static
12/30/2023,ZAAUTO2024-1-00424,ZAAUTO2024-1,0,Current,Current,1676715.08,0,0,12/13/2023,31163.76,FALSE,Same,FALSE,FALSE,Standard,0,Static
1/30/2024,ZAAUTO2024-1-00424,ZAAUTO2024-1,0,Current,Current,1635456.67,0,0,1/29/2024,33086.5,FALSE,Same,FALSE,FALSE,Standard,0,Static
2/28/2024,ZAAUTO2024-1-00424,ZAAUTO2024-1,0,Current,Current,1605416.39,0,0,2/27/2024,30031.22,FALSE,Same,FALSE,FALSE,Standard,0,Static
3/30/2024,ZAAUTO2024-1-00424,ZAAUTO2024-1,0,Current,Current,1542465.54,0,0,3/24/2024,33085.99,FALSE,Same,FALSE,FALSE,Standard,0,Static
4/30/2024,ZAAUTO2024-1-00424,ZAAUTO2024-1,0,Current,Current,1523998.77,0,0,4/20/2024,32244.82,FALSE,Same,FALSE,FALSE,Standard,0,Static
5/30/2024,ZAAUTO2024-1-00424,ZAAUTO2024-1,0,Current,Current,1516716.23,0,0,5/18/2024,31494.12,FALSE,Same,FALSE,FALSE,Standard,0,Static
5/30/2024,ZAAUTO2024-1-00424,ZAAUTO2024-1,0,Current,Current,1478621.71,0,0,5/19/2024,29557.23,FALSE,Same,FALSE,FALSE,Standard,0,Static
6/30/2024,ZAAUTO2024-1-00424,ZAAUTO2024-1,0,Current,Current,1424400,0,0,6/5/2024,28629.05,FALSE,Same,FALSE,FALSE,Standard,0,Static
7/30/2024,ZAAUTO2024-1-00424,ZAAUTO2024-1,0,Current,Current,1456603.18,0,0,6/27/2024,30393.49,FALSE,Same,FALSE,FALSE,Standard,0,Static
8/30/2024,ZAAUTO2024-1-00424,ZAAUTO2024-1,0,Current,Current,1449247.47,0,0,8/15/2024,30737.87,FALSE,Same,FALSE,FALSE,Standard,0,Static
9/30/2024,ZAAUTO2024-1-00424,ZAAUTO2024-1,0,Current,Current,1348713.97,0,0,8/29/2024,30209.75,FALSE,Same,FALSE,FALSE,Standard,0,Static
10/30/2024,ZAAUTO2024-1-00424,ZAAUTO2024-1,0,Current,Current,1406701.46,0,0,10/18/2024,29159.9,FALSE,Same,FALSE,FALSE,Standard,0,Static
12/30/2023,ZAAUTO2024-1-00425,ZAAUTO2024-1,0,Current,Current,123346.11,0,0,11/30/2023,3286.8,FALSE,Same,FALSE,FALSE,Standard,0,Static
1/30/2024,ZAAUTO2024-1-00425,ZAAUTO2024-1,0,Current,Current,120205.94,0,0,12/30/2023,3255.08,FALSE,Same,FALSE,FALSE,Standard,0,Static
2/28/2024,ZAAUTO2024-1-00425,ZAAUTO2024-1,0,Current,Current,120544.43,0,0,1/30/2024,3262.02,FALSE,Same,FALSE,FALSE,Standard,0,Static
3/30/2024,ZAAUTO2024-1-00425,ZAAUTO2024-1,0,Current,Current,117555.1,0,0,3/28/2024,3271.07,FALSE,Same,FALSE,FALSE,Standard,0,Static
4/30/2024,ZAAUTO2024-1-00425,ZAAUTO2024-1,4,1-29 DPD,Current,117545.07,3216.07,1,4/6/2024,1706.01,FALSE,Worse,FALSE,FALSE,SMA-0,1,Roll
5/30/2024,ZAAUTO2024-1-00425,ZAAUTO2024-1,0,Current,1-29 DPD,109001.09,0,0,5/8/2024,3224.31,TRUE,Better,FALSE,FALSE,Standard,0,Cure
5/30/2024,ZAAUTO2024-1-00425,ZAAUTO2024-1,0,Current,Current,109959.78,0,0,5/27/2024,3242.65,FALSE,Same,FALSE,FALSE,Standard,0,Static
6/30/2024,ZAAUTO2024-1-00425,ZAAUTO2024-1,0,Current,Current,104546.02,0,0,6/12/2024,3302.29,FALSE,Same,FALSE,FALSE,Standard,0,Static
7/30/2024,ZAAUTO2024-1-00425,ZAAUTO2024-1,0,Current,Current,104694.1,0,0,6/27/2024,3053.01,FALSE,Same,FALSE,FALSE,Standard,0,Static
8/30/2024,ZAAUTO2024-1-00425,ZAAUTO2024-1,0,Current,Current,100037.76,0,0,8/30/2024,3197.75,FALSE,Same,FALSE,FALSE,Standard,0,Static
9/30/2024,ZAAUTO2024-1-00425,ZAAUTO2024-1,3,1-29 DPD,Current,96273.46,3216.07,1,9/2/2024,657.48,FALSE,Worse,FALSE,FALSE,SMA-0,1,Roll
10/30/2024,ZAAUTO2024-1-00425,ZAAUTO2024-1,0,Current,1-29 DPD,94542.76,0,0,10/20/2024,3235.13,TRUE,Better,FALSE,FALSE,Standard,0,Cure
12/30/2023,ZAAUTO2024-1-00426,ZAAUTO2024-1,0,Current,Current,1515174.47,0,0,12/4/2023,54514.67,FALSE,Same,FALSE,FALSE,Standard,0,Static
1/30/2024,ZAAUTO2024-1-00426,ZAAUTO2024-1,0,Current,Current,1442622.28,0,0,12/29/2023,54561.85,FALSE,Same,FALSE,FALSE,Standard,0,Static
2/28/2024,ZAAUTO2024-1-00426,ZAAUTO2024-1,0,Current,Current,1478909.42,0,0,2/19/2024,54728.91,FALSE,Same,FALSE,FALSE,Standard,0,Static
3/30/2024,ZAAUTO2024-1-00426,ZAAUTO2024-1,0,Current,Current,1410541.88,0,0,3/6/2024,55814.02,FALSE,Same,FALSE,FALSE,Standard,0,Static
4/30/2024,ZAAUTO2024-1-00426,ZAAUTO2024-1,0,Current,Current,1414125.98,0,0,4/23/2024,58351.1,FALSE,Same,FALSE,FALSE,Standard,0,Static
5/30/2024,ZAAUTO2024-1-00426,ZAAUTO2024-1,0,Current,Current,1387739.98,0,0,5/16/2024,53930.17,FALSE,Same,FALSE,FALSE,Standard,0,Static
5/30/2024,ZAAUTO2024-1-00426,ZAAUTO2024-1,0,Current,Current,1399971.27,0,0,4/25/2024,61277.98,FALSE,Same,FALSE,FALSE,Standard,0,Static
6/30/2024,ZAAUTO2024-1-00426,ZAAUTO2024-1,0,Current,Current,1375420.06,0,0,6/30/2024,55195.7,FALSE,Same,FALSE,FALSE,Standard,0,Static
7/30/2024,ZAAUTO2024-1-00426,ZAAUTO2024-1,0,Current,Current,1291675.22,0,0,7/30/2024,59585.56,FALSE,Same,FALSE,FALSE,Standard,0,Static
8/30/2024,ZAAUTO2024-1-00426,ZAAUTO2024-1,0,Current,Current,1305425.69,0,0,8/7/2024,60573.41,FALSE,Same,FALSE,FALSE,Standard,0,Static
9/30/2024,ZAAUTO2024-1-00426,ZAAUTO2024-1,0,Current,Current,1256688.89,0,0,8/29/2024,53851.24,FALSE,Same,FALSE,FALSE,Standard,0,Static
10/30/2024,ZAAUTO2024-1-00426,ZAAUTO2024-1,0,Current,Current,1204928.03,0,0,10/14/2024,59544.43,FALSE,Same,FALSE,FALSE,Standard,0,Static
12/30/2023,ZAAUTO2024-1-00427,ZAAUTO2024-1,25,1-29 DPD,Current,1460200,23404.44,1,12/8/2023,11892.96,FALSE,Worse,FALSE,FALSE,SMA-0,1,Roll
1/30/2024,ZAAUTO2024-1-00427,ZAAUTO2024-1,9,1-29 DPD,1-29 DPD,1460200,23404.44,1,12/31/2023,279.77,FALSE,Same,FALSE,FALSE,SMA-0,2,Static
2/28/2024,ZAAUTO2024-1-00427,ZAAUTO2024-1,0,Current,1-29 DPD,1460200,0,0,2/6/2024,21296.73,TRUE,Better,FALSE,FALSE,Standard,0,Cure
3/30/2024,ZAAUTO2024-1-00427,ZAAUTO2024-1,0,Current,Current,1460200,0,0,3/23/2024,21927.3,FALSE,Same,FALSE,FALSE,Standard,0,Static
4/30/2024,ZAAUTO2024-1-00427,ZAAUTO2024-1,0,Current,Current,1460200,0,0,4/7/2024,23510.87,FALSE,Same,FALSE,FALSE,Standard,0,Static
5/30/2024,ZAAUTO2024-1-00427,ZAAUTO2024-1,0,Current,Current,1460200,0,0,5/21/2024,21378,FALSE,Same,FALSE,FALSE,Standard,0,Static
5/30/2024,ZAAUTO2024-1-00427,ZAAUTO2024-1,2,1-29 DPD,Current,1460200,23404.44,1,5/4/2024,12563.26,FALSE,Worse,FALSE,FALSE,SMA-0,1,Roll
6/30/2024,ZAAUTO2024-1-00427,ZAAUTO2024-1,0,Current,1-29 DPD,1460200,0,0,6/6/2024,21319.22,TRUE,Better,FALSE,FALSE,Standard,0,Cure
7/30/2024,ZAAUTO2024-1-00427,ZAAUTO2024-1,75,60-89 DPD,Current,1460200,46808.88,2,7/17/2024,2775.18,FALSE,Worse,FALSE,FALSE,SMA-2,1,Roll
8/30/2024,ZAAUTO2024-1-00427,ZAAUTO2024-1,91,90-119 DPD,60-89 DPD,1460200,70213.32,3,7/28/2024,10768.53,FALSE,Worse,FALSE,FALSE,NPA,2,Roll
9/30/2024,ZAAUTO2024-1-00427,ZAAUTO2024-1,118,90-119 DPD,90-119 DPD,1460200,70213.32,3,9/12/2024,11915.69,FALSE,Same,FALSE,FALSE,NPA,3,Static
10/30/2024,ZAAUTO2024-1-00427,ZAAUTO2024-1,479,Repossessed,90-119 DPD,1441697.18,351066.6,15,10/23/2024,8706.49,FALSE,Worse,TRUE,FALSE,NPA,4,Roll
12/30/2023,ZAAUTO2024-1-00428,ZAAUTO2024-1,0,Current,Current,625025.99,0,0,12/10/2023,30612.96,FALSE,Same,FALSE,FALSE,Standard,0,Static
1/30/2024,ZAAUTO2024-1-00428,ZAAUTO2024-1,0,Current,Current,579279.38,0,0,1/24/2024,28426.4,FALSE,Same,FALSE,FALSE,Standard,0,Static
2/28/2024,ZAAUTO2024-1-00428,ZAAUTO2024-1,0,Current,Current,567882.64,0,0,1/29/2024,29994.93,FALSE,Same,FALSE,FALSE,Standard,0,Static
3/30/2024,ZAAUTO2024-1-00428,ZAAUTO2024-1,0,Current,Current,583636.84,0,0,2/24/2024,31197.75,FALSE,Same,FALSE,FALSE,Standard,0,Static
4/30/2024,ZAAUTO2024-1-00428,ZAAUTO2024-1,0,Current,Current,567968.67,0,0,4/5/2024,29964.66,FALSE,Same,FALSE,FALSE,Standard,0,Static
5/30/2024,ZAAUTO2024-1-00428,ZAAUTO2024-1,0,Current,Current,537335.71,0,0,5/9/2024,27820.99,FALSE,Same,FALSE,FALSE,Standard,0,Static
5/30/2024,ZAAUTO2024-1-00428,ZAAUTO2024-1,0,Current,Current,536321.16,0,0,5/25/2024,26796.42,FALSE,Same,FALSE,FALSE,Standard,0,Static
6/30/2024,ZAAUTO2024-1-00428,ZAAUTO2024-1,0,Current,Current,503696.92,0,0,6/23/2024,30712.56,FALSE,Same,FALSE,FALSE,Standard,0,Static
7/30/2024,ZAAUTO2024-1-00428,ZAAUTO2024-1,0,Current,Current,500677.65,0,0,6/29/2024,28659.89,FALSE,Same,FALSE,FALSE,Standard,0,Static
8/30/2024,ZAAUTO2024-1-00428,ZAAUTO2024-1,0,Current,Current,505416.09,0,0,8/21/2024,28972.23,FALSE,Same,FALSE,FALSE,Standard,0,Static
9/30/2024,ZAAUTO2024-1-00428,ZAAUTO2024-1,0,Current,Current,494115.05,0,0,9/3/2024,30601.22,FALSE,Same,FALSE,FALSE,Standard,0,Static
10/30/2024,ZAAUTO2024-1-00428,ZAAUTO2024-1,0,Current,Current,457669.06,0,0,9/30/2024,27883.97,FALSE,Same,FALSE,FALSE,Standard,0,Static
12/30/2023,ZAAUTO2024-1-00429,ZAAUTO2024-1,0,Current,Current,447044.28,0,0,11/29/2023,18466.44,FALSE,Same,FALSE,FALSE,Standard,0,Static
1/30/2024,ZAAUTO2024-1-00429,ZAAUTO2024-1,0,Current,Current,420945.93,0,0,1/14/2024,17467.66,FALSE,Same,FALSE,FALSE,Standard,0,Static
2/28/2024,ZAAUTO2024-1-00429,ZAAUTO2024-1,0,Current,Current,423097.7,0,0,2/26/2024,19192.25,FALSE,Same,FALSE,FALSE,Standard,0,Static
3/30/2024,ZAAUTO2024-1-00429,ZAAUTO2024-1,0,Current,Current,408544.23,0,0,3/1/2024,17484.72,FALSE,Same,FALSE,FALSE,Standard,0,Static
4/30/2024,ZAAUTO2024-1-00429,ZAAUTO2024-1,0,Current,Current,393085.87,0,0,4/29/2024,17464.09,FALSE,Same,FALSE,FALSE,Standard,0,Static
5/30/2024,ZAAUTO2024-1-00429,ZAAUTO2024-1,0,Current,Current,381227.49,0,0,5/3/2024,19180.75,FALSE,Same,FALSE,FALSE,Standard,0,Static
5/30/2024,ZAAUTO2024-1-00429,ZAAUTO2024-1,0,Current,Current,369358.93,0,0,5/7/2024,19218.57,FALSE,Same,FALSE,FALSE,Standard,0,Static
6/30/2024,ZAAUTO2024-1-00429,ZAAUTO2024-1,0,Current,Current,345641.92,0,0,6/1/2024,18358.24,FALSE,Same,FALSE,FALSE,Standard,0,Static
7/30/2024,ZAAUTO2024-1-00429,ZAAUTO2024-1,0,Current,Current,323500.02,0,0,7/26/2024,18281.55,FALSE,Same,FALSE,FALSE,Standard,0,Static
8/30/2024,ZAAUTO2024-1-00429,ZAAUTO2024-1,0,Current,Current,310682.23,0,0,8/17/2024,17201.96,FALSE,Same,FALSE,FALSE,Standard,0,Static
9/30/2024,ZAAUTO2024-1-00429,ZAAUTO2024-1,0,Current,Current,308449.2,0,0,9/23/2024,18054.82,FALSE,Same,FALSE,FALSE,Standard,0,Static
10/30/2024,ZAAUTO2024-1-00429,ZAAUTO2024-1,0,Current,Current,301829.14,0,0,9/30/2024,18537.02,FALSE,Same,FALSE,FALSE,Standard,0,Static
12/30/2023,ZAAUTO2024-1-00430,ZAAUTO2024-1,0,Current,Current,478200,0,0,12/11/2023,12129,FALSE,Same,FALSE,FALSE,Standard,0,Static
1/30/2024,ZAAUTO2024-1-00430,ZAAUTO2024-1,0,Current,Current,478200,0,0,1/1/2024,12443.19,FALSE,Same,FALSE,FALSE,Standard,0,Static
2/28/2024,ZAAUTO2024-1-00430,ZAAUTO2024-1,0,Current,Current,478200,0,0,2/18/2024,12239.72,FALSE,Same,FALSE,FALSE,Standard,0,Static
3/30/2024,ZAAUTO2024-1-00430,ZAAUTO2024-1,0,Current,Current,478200,0,0,3/5/2024,12468.43,FALSE,Same,FALSE,FALSE,Standard,0,Static
4/30/2024,ZAAUTO2024-1-00430,ZAAUTO2024-1,0,Current,Current,478200,0,0,4/21/2024,12856.83,FALSE,Same,FALSE,FALSE,Standard,0,Static
5/30/2024,ZAAUTO2024-1-00430,ZAAUTO2024-1,35,30-59 DPD,Current,478200,12433.77,1,5/11/2024,7438.12,FALSE,Worse,FALSE,FALSE,SMA-1,1,Roll
5/30/2024,ZAAUTO2024-1-00430,ZAAUTO2024-1,44,30-59 DPD,30-59 DPD,475259.46,12433.77,1,5/14/2024,1015.39,FALSE,Same,FALSE,FALSE,SMA-1,2,Static
6/30/2024,ZAAUTO2024-1-00430,ZAAUTO2024-1,74,60-89 DPD,30-59 DPD,476138.57,24867.54,2,6/6/2024,5096.8,FALSE,Worse,FALSE,FALSE,SMA-2,3,Roll
7/30/2024,ZAAUTO2024-1-00430,ZAAUTO2024-1,94,90-119 DPD,60-89 DPD,463243.96,37301.31,3,7/26/2024,6413.34,FALSE,Worse,FALSE,FALSE,NPA,4,Roll
8/30/2024,ZAAUTO2024-1-00430,ZAAUTO2024-1,112,90-119 DPD,90-119 DPD,447367.19,37301.31,3,8/9/2024,1553.57,FALSE,Same,FALSE,FALSE,NPA,5,Static
9/30/2024,ZAAUTO2024-1-00430,ZAAUTO2024-1,651,Default,90-119 DPD,464756.33,261109.17,21,9/5/2024,3550.25,FALSE,Worse,FALSE,TRUE,NPA,6,Roll
10/30/2024,ZAAUTO2024-1-00430,ZAAUTO2024-1,231,Default,Default,438301.5,87036.39,7,10/22/2024,1625.5,FALSE,Same,FALSE,FALSE,NPA,7,Static
12/30/2023,ZAAUTO2024-1-00431,ZAAUTO2024-1,0,Current,Current,1068703.6,0,0,12/19/2023,25053.34,FALSE,Same,FALSE,FALSE,Standard,0,Static
1/30/2024,ZAAUTO2024-1-00431,ZAAUTO2024-1,0,Current,Current,1026204.03,0,0,1/7/2024,28030.72,FALSE,Same,FALSE,FALSE,Standard,0,Static
2/28/2024,ZAAUTO2024-1-00431,ZAAUTO2024-1,0,Current,Current,1004125.18,0,0,2/6/2024,28075.33,FALSE,Same,FALSE,FALSE,Standard,0,Static
3/30/2024,ZAAUTO2024-1-00431,ZAAUTO2024-1,0,Current,Current,1018104.96,0,0,3/21/2024,26776.9,FALSE,Same,FALSE,FALSE,Standard,0,Static
4/30/2024,ZAAUTO2024-1-00431,ZAAUTO2024-1,0,Current,Current,993347.67,0,0,4/25/2024,28773.41,FALSE,Same,FALSE,FALSE,Standard,0,Static
5/30/2024,ZAAUTO2024-1-00431,ZAAUTO2024-1,0,Current,Current,959140.03,0,0,5/2/2024,26589.95,FALSE,Same,FALSE,FALSE,Standard,0,Static
5/30/2024,ZAAUTO2024-1-00431,ZAAUTO2024-1,0,Current,Current,937760.72,0,0,5/30/2024,26115.18,FALSE,Same,FALSE,FALSE,Standard,0,Static
6/30/2024,ZAAUTO2024-1-00431,ZAAUTO2024-1,0,Current,Current,949486.21,0,0,6/10/2024,26517.28,FALSE,Same,FALSE,FALSE,Standard,0,Static
7/30/2024,ZAAUTO2024-1-00431,ZAAUTO2024-1,0,Current,Current,891605.74,0,0,6/30/2024,26884.13,FALSE,Same,FALSE,FALSE,Standard,0,Static
8/30/2024,ZAAUTO2024-1-00431,ZAAUTO2024-1,0,Current,Current,928218.92,0,0,7/30/2024,27754.68,FALSE,Same,FALSE,FALSE,Standard,0,Static
9/30/2024,ZAAUTO2024-1-00431,ZAAUTO2024-1,0,Current,Current,877042.1,0,0,9/20/2024,26620.02,FALSE,Same,FALSE,FALSE,Standard,0,Static
10/30/2024,ZAAUTO2024-1-00431,ZAAUTO2024-1,3,1-29 DPD,Current,875378.82,27572.65,1,10/29/2024,3990.98,FALSE,Worse,FALSE,FALSE,SMA-0,1,Roll
12/30/2023,ZAAUTO2024-1-00432,ZAAUTO2024-1,0,Current,Current,825199.73,0,0,11/30/2023,32033.11,FALSE,Same,FALSE,FALSE,Standard,0,Static
1/30/2024,ZAAUTO2024-1-00432,ZAAUTO2024-1,0,Current,Current,811080.12,0,0,1/1/2024,35847.96,FALSE,Same,FALSE,FALSE,Standard,0,Static
2/28/2024,ZAAUTO2024-1-00432,ZAAUTO2024-1,50,30-59 DPD,Current,797018.24,34990.01,1,2/1/2024,12738.06,FALSE,Worse,FALSE,FALSE,SMA-1,1,Roll
3/30/2024,ZAAUTO2024-1-00432,ZAAUTO2024-1,75,60-89 DPD,30-59 DPD,733981.22,69980.02,2,3/20/2024,1200.99,FALSE,Worse,FALSE,FALSE,SMA-2,2,Roll
4/30/2024,ZAAUTO2024-1-00432,ZAAUTO2024-1,69,60-89 DPD,60-89 DPD,716625.99,69980.02,2,3/27/2024,7808.7,FALSE,Same,FALSE,FALSE,SMA-2,3,Static
5/30/2024,ZAAUTO2024-1-00432,ZAAUTO2024-1,99,90-119 DPD,60-89 DPD,702144.39,104970.03,3,4/25/2024,8484.69,FALSE,Worse,FALSE,FALSE,NPA,4,Roll
5/30/2024,ZAAUTO2024-1-00432,ZAAUTO2024-1,107,90-119 DPD,90-119 DPD,680140.33,104970.03,3,5/7/2024,3689.1,FALSE,Same,FALSE,FALSE,NPA,5,Static
6/30/2024,ZAAUTO2024-1-00432,ZAAUTO2024-1,93,90-119 DPD,90-119 DPD,688759.12,104970.03,3,6/30/2024,4352.69,FALSE,Same,FALSE,FALSE,NPA,6,Static
7/30/2024,ZAAUTO2024-1-00432,ZAAUTO2024-1,117,90-119 DPD,90-119 DPD,666327.25,104970.03,3,7/19/2024,621.17,FALSE,Same,FALSE,FALSE,NPA,7,Static
8/30/2024,ZAAUTO2024-1-00432,ZAAUTO2024-1,95,90-119 DPD,90-119 DPD,642610.72,104970.03,3,7/26/2024,292.11,FALSE,Same,FALSE,FALSE,NPA,8,Static
9/30/2024,ZAAUTO2024-1-00432,ZAAUTO2024-1,362,Default,90-119 DPD,597234.36,419880.12,12,9/5/2024,5639.78,FALSE,Worse,FALSE,TRUE,NPA,9,Roll
10/30/2024,ZAAUTO2024-1-00432,ZAAUTO2024-1,169,Default,Default,571907.58,174950.05,5,9/26/2024,530.59,FALSE,Same,FALSE,FALSE,NPA,10,Static
12/30/2023,ZAAUTO2024-1-00433,ZAAUTO2024-1,0,Current,Current,426464.31,0,0,12/28/2023,24061.79,FALSE,Same,FALSE,FALSE,Standard,0,Static
1/30/2024,ZAAUTO2024-1-00433,ZAAUTO2024-1,0,Current,Current,420873.35,0,0,1/19/2024,24528.65,FALSE,Same,FALSE,FALSE,Standard,0,Static
2/28/2024,ZAAUTO2024-1-00433,ZAAUTO2024-1,0,Current,Current,417141.64,0,0,2/12/2024,26454.57,FALSE,Same,FALSE,FALSE,Standard,0,Static
3/30/2024,ZAAUTO2024-1-00433,ZAAUTO2024-1,0,Current,Current,403073.48,0,0,3/16/2024,26209.75,FALSE,Same,FALSE,FALSE,Standard,0,Static
4/30/2024,ZAAUTO2024-1-00433,ZAAUTO2024-1,0,Current,Current,405093.79,0,0,4/2/2024,23559.63,FALSE,Same,FALSE,FALSE,Standard,0,Static
5/30/2024,ZAAUTO2024-1-00433,ZAAUTO2024-1,9,1-29 DPD,Current,390869.07,25497.81,1,5/3/2024,14975.7,FALSE,Worse,FALSE,FALSE,SMA-0,1,Roll
5/30/2024,ZAAUTO2024-1-00433,ZAAUTO2024-1,0,Current,1-29 DPD,382424.01,0,0,5/30/2024,25013.09,TRUE,Better,FALSE,FALSE,Standard,0,Cure
6/30/2024,ZAAUTO2024-1-00433,ZAAUTO2024-1,0,Current,Current,371421.72,0,0,6/28/2024,25783.77,FALSE,Same,FALSE,FALSE,Standard,0,Static
7/30/2024,ZAAUTO2024-1-00433,ZAAUTO2024-1,0,Current,Current,354322.83,0,0,7/10/2024,23942.86,FALSE,Same,FALSE,FALSE,Standard,0,Static
8/30/2024,ZAAUTO2024-1-00433,ZAAUTO2024-1,0,Current,Current,328042.53,0,0,8/8/2024,25303.19,FALSE,Same,FALSE,FALSE,Standard,0,Static
9/30/2024,ZAAUTO2024-1-00433,ZAAUTO2024-1,20,1-29 DPD,Current,331851.76,25497.81,1,8/26/2024,4972.84,FALSE,Worse,FALSE,FALSE,SMA-0,1,Roll
10/30/2024,ZAAUTO2024-1-00433,ZAAUTO2024-1,52,30-59 DPD,1-29 DPD,315100.06,25497.81,1,10/16/2024,1946.31,FALSE,Worse,FALSE,FALSE,SMA-1,2,Roll
12/30/2023,ZAAUTO2024-1-00434,ZAAUTO2024-1,19,1-29 DPD,Current,1516400,24528.51,1,12/27/2023,1846.09,FALSE,Worse,FALSE,FALSE,SMA-0,1,Roll
1/30/2024,ZAAUTO2024-1-00434,ZAAUTO2024-1,0,Current,1-29 DPD,1463977.03,0,0,1/4/2024,23740.76,TRUE,Better,FALSE,FALSE,Standard,0,Cure
2/28/2024,ZAAUTO2024-1-00434,ZAAUTO2024-1,0,Current,Current,1463864.87,0,0,2/18/2024,23744.64,FALSE,Same,FALSE,FALSE,Standard,0,Static
3/30/2024,ZAAUTO2024-1-00434,ZAAUTO2024-1,0,Current,Current,1392602.27,0,0,3/11/2024,23385.11,FALSE,Same,FALSE,FALSE,Standard,0,Static
4/30/2024,ZAAUTO2024-1-00434,ZAAUTO2024-1,0,Current,Current,1374640.73,0,0,3/30/2024,23049.84,FALSE,Same,FALSE,FALSE,Standard,0,Static
5/30/2024,ZAAUTO2024-1-00434,ZAAUTO2024-1,0,Current,Current,1406070.49,0,0,5/7/2024,22161.74,FALSE,Same,FALSE,FALSE,Standard,0,Static
5/30/2024,ZAAUTO2024-1-00434,ZAAUTO2024-1,83,60-89 DPD,Current,1310982.91,49057.02,2,4/26/2024,6399.72,FALSE,Worse,FALSE,FALSE,SMA-2,1,Roll
6/30/2024,ZAAUTO2024-1-00434,ZAAUTO2024-1,116,90-119 DPD,60-89 DPD,1289584.08,73585.53,3,5/30/2024,14624.64,FALSE,Worse,FALSE,FALSE,NPA,2,Roll
7/30/2024,ZAAUTO2024-1-00434,ZAAUTO2024-1,114,90-119 DPD,90-119 DPD,1306268.59,73585.53,3,7/29/2024,2496.7,FALSE,Same,FALSE,FALSE,NPA,3,Static
8/30/2024,ZAAUTO2024-1-00434,ZAAUTO2024-1,259,120+ DPD,90-119 DPD,1247040.96,196228.08,8,8/24/2024,8315.82,FALSE,Worse,FALSE,FALSE,NPA,4,Roll
9/30/2024,ZAAUTO2024-1-00434,ZAAUTO2024-1,335,120+ DPD,120+ DPD,1300683.49,269813.61,11,9/28/2024,2441.63,FALSE,Same,FALSE,FALSE,NPA,5,Static
10/30/2024,ZAAUTO2024-1-00434,ZAAUTO2024-1,317,120+ DPD,120+ DPD,1209775.94,245285.1,10,10/7/2024,11429.74,FALSE,Same,FALSE,FALSE,NPA,6,Static
12/30/2023,ZAAUTO2024-1-00435,ZAAUTO2024-1,0,Current,Current,301858.24,0,0,12/30/2023,15763.09,FALSE,Same,FALSE,FALSE,Standard,0,Static
1/30/2024,ZAAUTO2024-1-00435,ZAAUTO2024-1,0,Current,Current,293967.59,0,0,1/26/2024,13686.24,FALSE,Same,FALSE,FALSE,Standard,0,Static
2/28/2024,ZAAUTO2024-1-00435,ZAAUTO2024-1,0,Current,Current,296898.52,0,0,2/7/2024,14373.45,FALSE,Same,FALSE,FALSE,Standard,0,Static
3/30/2024,ZAAUTO2024-1-00435,ZAAUTO2024-1,0,Current,Current,291088.71,0,0,3/23/2024,14994.55,FALSE,Same,FALSE,FALSE,Standard,0,Static
4/30/2024,ZAAUTO2024-1-00435,ZAAUTO2024-1,0,Current,Current,277166.65,0,0,4/9/2024,14236.66,FALSE,Same,FALSE,FALSE,Standard,0,Static
5/30/2024,ZAAUTO2024-1-00435,ZAAUTO2024-1,0,Current,Current,269381.6,0,0,5/28/2024,14106.06,FALSE,Same,FALSE,FALSE,Standard,0,Static
5/30/2024,ZAAUTO2024-1-00435,ZAAUTO2024-1,0,Current,Current,253210.35,0,0,4/28/2024,15436.28,FALSE,Same,FALSE,FALSE,Standard,0,Static
6/30/2024,ZAAUTO2024-1-00435,ZAAUTO2024-1,0,Current,Current,251436.49,0,0,6/12/2024,15168.9,FALSE,Same,FALSE,FALSE,Standard,0,Static
7/30/2024,ZAAUTO2024-1-00435,ZAAUTO2024-1,0,Current,Current,232230.01,0,0,7/18/2024,15304.63,FALSE,Same,FALSE,FALSE,Standard,0,Static
8/30/2024,ZAAUTO2024-1-00435,ZAAUTO2024-1,0,Current,Current,224128.91,0,0,8/20/2024,14261.28,FALSE,Same,FALSE,FALSE,Standard,0,Static
9/30/2024,ZAAUTO2024-1-00435,ZAAUTO2024-1,0,Current,Current,215407.31,0,0,9/20/2024,14935.43,FALSE,Same,FALSE,FALSE,Standard,0,Static
10/30/2024,ZAAUTO2024-1-00435,ZAAUTO2024-1,0,Current,Current,204969.06,0,0,9/26/2024,13654.33,FALSE,Same,FALSE,FALSE,Standard,0,Static
12/30/2023,ZAAUTO2024-1-00436,ZAAUTO2024-1,0,Current,Current,943382.36,0,0,12/5/2023,40539.64,FALSE,Same,FALSE,FALSE,Standard,0,Static
1/30/2024,ZAAUTO2024-1-00436,ZAAUTO2024-1,0,Current,Current,960758.23,0,0,1/22/2024,44638.65,FALSE,Same,FALSE,FALSE,Standard,0,Static
2/28/2024,ZAAUTO2024-1-00436,ZAAUTO2024-1,0,Current,Current,892104.12,0,0,2/13/2024,44738.84,FALSE,Same,FALSE,FALSE,Standard,0,Static
3/30/2024,ZAAUTO2024-1-00436,ZAAUTO2024-1,0,Current,Current,891874.04,0,0,3/26/2024,41618.88,FALSE,Same,FALSE,FALSE,Standard,0,Static
4/30/2024,ZAAUTO2024-1-00436,ZAAUTO2024-1,0,Current,Current,867383.19,0,0,4/7/2024,40313.59,FALSE,Same,FALSE,FALSE,Standard,0,Static
5/30/2024,ZAAUTO2024-1-00436,ZAAUTO2024-1,3,1-29 DPD,Current,885329.29,42810.36,1,5/6/2024,4681.37,FALSE,Worse,FALSE,FALSE,SMA-0,1,Roll
5/30/2024,ZAAUTO2024-1-00436,ZAAUTO2024-1,0,Current,1-29 DPD,858074.88,0,0,5/13/2024,42645.01,TRUE,Better,FALSE,FALSE,Standard,0,Cure
6/30/2024,ZAAUTO2024-1-00436,ZAAUTO2024-1,0,Current,Current,826671.75,0,0,6/2/2024,40724.84,FALSE,Same,FALSE,FALSE,Standard,0,Static
7/30/2024,ZAAUTO2024-1-00436,ZAAUTO2024-1,26,1-29 DPD,Current,780969.42,42810.36,1,7/22/2024,4644.36,FALSE,Worse,FALSE,FALSE,SMA-0,1,Roll
8/30/2024,ZAAUTO2024-1-00436,ZAAUTO2024-1,0,Current,1-29 DPD,782112.56,0,0,8/16/2024,39170.67,TRUE,Better,FALSE,FALSE,Standard,0,Cure
9/30/2024,ZAAUTO2024-1-00436,ZAAUTO2024-1,0,Current,Current,759314.26,0,0,9/5/2024,39351.98,FALSE,Same,FALSE,FALSE,Standard,0,Static
10/30/2024,ZAAUTO2024-1-00436,ZAAUTO2024-1,0,Current,Current,743360.83,0,0,10/13/2024,41569.63,FALSE,Same,FALSE,FALSE,Standard,0,Static
12/30/2023,ZAAUTO2024-1-00437,ZAAUTO2024-1,0,Current,Current,807278.31,0,0,12/30/2023,36833.33,FALSE,Same,FALSE,FALSE,Standard,0,Static
1/30/2024,ZAAUTO2024-1-00437,ZAAUTO2024-1,0,Current,Current,786320.28,0,0,12/27/2023,38690.41,FALSE,Same,FALSE,FALSE,Standard,0,Static
2/28/2024,ZAAUTO2024-1-00437,ZAAUTO2024-1,0,Current,Current,778273.15,0,0,2/20/2024,35148.36,FALSE,Same,FALSE,FALSE,Standard,0,Static
3/30/2024,ZAAUTO2024-1-00437,ZAAUTO2024-1,0,Current,Current,754414.04,0,0,3/24/2024,33984.19,FALSE,Same,FALSE,FALSE,Standard,0,Static
4/30/2024,ZAAUTO2024-1-00437,ZAAUTO2024-1,0,Current,Current,764320.59,0,0,4/9/2024,35620.02,FALSE,Same,FALSE,FALSE,Standard,0,Static
5/30/2024,ZAAUTO2024-1-00437,ZAAUTO2024-1,0,Current,Current,727270.86,0,0,5/13/2024,34808.68,FALSE,Same,FALSE,FALSE,Standard,0,Static
5/30/2024,ZAAUTO2024-1-00437,ZAAUTO2024-1,0,Current,Current,733445.75,0,0,5/24/2024,36893.9,FALSE,Same,FALSE,FALSE,Standard,0,Static
6/30/2024,ZAAUTO2024-1-00437,ZAAUTO2024-1,0,Current,Current,682563.28,0,0,6/15/2024,37366.45,FALSE,Same,FALSE,FALSE,Standard,0,Static
7/30/2024,ZAAUTO2024-1-00437,ZAAUTO2024-1,0,Current,Current,663067.53,0,0,7/2/2024,36351.45,FALSE,Same,FALSE,FALSE,Standard,0,Static
8/30/2024,ZAAUTO2024-1-00437,ZAAUTO2024-1,0,Current,Current,672066.96,0,0,8/22/2024,35094.81,FALSE,Same,FALSE,FALSE,Standard,0,Static
9/30/2024,ZAAUTO2024-1-00437,ZAAUTO2024-1,0,Current,Current,655341.63,0,0,9/22/2024,35730.64,FALSE,Same,FALSE,FALSE,Standard,0,Static
10/30/2024,ZAAUTO2024-1-00437,ZAAUTO2024-1,0,Current,Current,644053.32,0,0,10/22/2024,34491.65,FALSE,Same,FALSE,FALSE,Standard,0,Static
12/30/2023,ZAAUTO2024-1-00438,ZAAUTO2024-1,10,1-29 DPD,Current,1011436.94,45317.88,1,11/30/2023,13395.19,FALSE,Worse,FALSE,FALSE,SMA-0,1,Roll
1/30/2024,ZAAUTO2024-1-00438,ZAAUTO2024-1,0,Current,1-29 DPD,957216.32,0,0,1/6/2024,46424.87,TRUE,Better,FALSE,FALSE,Standard,0,Cure
2/28/2024,ZAAUTO2024-1-00438,ZAAUTO2024-1,0,Current,Current,911554.05,0,0,2/15/2024,46772.32,FALSE,Same,FALSE,FALSE,Standard,0,Static
3/30/2024,ZAAUTO2024-1-00438,ZAAUTO2024-1,0,Current,Current,917646.44,0,0,2/24/2024,43709.08,FALSE,Same,FALSE,FALSE,Standard,0,Static
4/30/2024,ZAAUTO2024-1-00438,ZAAUTO2024-1,0,Current,Current,845731.01,0,0,4/27/2024,41914.03,FALSE,Same,FALSE,FALSE,Standard,0,Static
5/30/2024,ZAAUTO2024-1-00438,ZAAUTO2024-1,0,Current,Current,838445.76,0,0,4/26/2024,45310.03,FALSE,Same,FALSE,FALSE,Standard,0,Static
5/30/2024,ZAAUTO2024-1-00438,ZAAUTO2024-1,0,Current,Current,836506.61,0,0,5/13/2024,41175.8,FALSE,Same,FALSE,FALSE,Standard,0,Static
6/30/2024,ZAAUTO2024-1-00438,ZAAUTO2024-1,0,Current,Current,780743.81,0,0,5/29/2024,46126.42,FALSE,Same,FALSE,FALSE,Standard,0,Static
7/30/2024,ZAAUTO2024-1-00438,ZAAUTO2024-1,0,Current,Current,741779.58,0,0,6/27/2024,44391.62,FALSE,Same,FALSE,FALSE,Standard,0,Static
8/30/2024,ZAAUTO2024-1-00438,ZAAUTO2024-1,0,Current,Current,735732.86,0,0,7/27/2024,41953.91,FALSE,Same,FALSE,FALSE,Standard,0,Static
9/30/2024,ZAAUTO2024-1-00438,ZAAUTO2024-1,0,Current,Current,701968.83,0,0,9/3/2024,45616.53,FALSE,Same,FALSE,FALSE,Standard,0,Static
10/30/2024,ZAAUTO2024-1-00438,ZAAUTO2024-1,16,1-29 DPD,Current,641072.17,45317.88,1,10/19/2024,489.15,FALSE,Worse,FALSE,FALSE,SMA-0,1,Roll
12/30/2023,ZAAUTO2024-1-00439,ZAAUTO2024-1,0,Current,Current,418213.55,0,0,12/20/2023,18786.5,FALSE,Same,FALSE,FALSE,Standard,0,Static
1/30/2024,ZAAUTO2024-1-00439,ZAAUTO2024-1,0,Current,Current,394940.34,0,0,1/8/2024,17219.42,FALSE,Same,FALSE,FALSE,Standard,0,Static
2/28/2024,ZAAUTO2024-1-00439,ZAAUTO2024-1,0,Current,Current,382014.84,0,0,2/17/2024,18205.38,FALSE,Same,FALSE,FALSE,Standard,0,Static
3/30/2024,ZAAUTO2024-1-00439,ZAAUTO2024-1,0,Current,Current,389697.89,0,0,3/5/2024,17676.17,FALSE,Same,FALSE,FALSE,Standard,0,Static
4/30/2024,ZAAUTO2024-1-00439,ZAAUTO2024-1,0,Current,Current,380415.26,0,0,4/11/2024,18476.35,FALSE,Same,FALSE,FALSE,Standard,0,Static
5/30/2024,ZAAUTO2024-1-00439,ZAAUTO2024-1,0,Current,Current,360339.16,0,0,5/18/2024,18882.6,FALSE,Same,FALSE,FALSE,Standard,0,Static
5/30/2024,ZAAUTO2024-1-00439,ZAAUTO2024-1,0,Current,Current,341535.09,0,0,5/19/2024,19046.35,FALSE,Same,FALSE,FALSE,Standard,0,Static
6/30/2024,ZAAUTO2024-1-00439,ZAAUTO2024-1,0,Current,Current,326542.49,0,0,6/20/2024,19467.04,FALSE,Same,FALSE,FALSE,Standard,0,Static
7/30/2024,ZAAUTO2024-1-00439,ZAAUTO2024-1,0,Current,Current,319116.3,0,0,7/13/2024,17444.57,FALSE,Same,FALSE,FALSE,Standard,0,Static
8/30/2024,ZAAUTO2024-1-00439,ZAAUTO2024-1,0,Current,Current,315207.38,0,0,8/19/2024,18897.05,FALSE,Same,FALSE,FALSE,Standard,0,Static
9/30/2024,ZAAUTO2024-1-00439,ZAAUTO2024-1,0,Current,Current,308505.02,0,0,9/4/2024,18325.03,FALSE,Same,FALSE,FALSE,Standard,0,Static
10/30/2024,ZAAUTO2024-1-00439,ZAAUTO2024-1,0,Current,Current,297833.83,0,0,10/2/2024,17308.64,FALSE,Same,FALSE,FALSE,Standard,0,Static
12/30/2023,ZAAUTO2024-1-00440,ZAAUTO2024-1,0,Current,Current,256100.19,0,0,12/16/2023,8624.05,FALSE,Same,FALSE,FALSE,Standard,0,Static
1/30/2024,ZAAUTO2024-1-00440,ZAAUTO2024-1,0,Current,Current,250806.84,0,0,1/25/2024,8572.41,FALSE,Same,FALSE,FALSE,Standard,0,Static
2/28/2024,ZAAUTO2024-1-00440,ZAAUTO2024-1,0,Current,Current,248839.34,0,0,2/16/2024,8525.24,FALSE,Same,FALSE,FALSE,Standard,0,Static
3/30/2024,ZAAUTO2024-1-00440,ZAAUTO2024-1,0,Current,Current,242071.54,0,0,3/20/2024,8211.2,FALSE,Same,FALSE,FALSE,Standard,0,Static
4/30/2024,ZAAUTO2024-1-00440,ZAAUTO2024-1,0,Current,Current,241448.79,0,0,4/25/2024,9060.97,FALSE,Same,FALSE,FALSE,Standard,0,Static
5/30/2024,ZAAUTO2024-1-00440,ZAAUTO2024-1,0,Current,Current,231732.84,0,0,5/30/2024,8728.75,FALSE,Same,FALSE,FALSE,Standard,0,Static
5/30/2024,ZAAUTO2024-1-00440,ZAAUTO2024-1,0,Current,Current,229412.56,0,0,5/29/2024,9037.67,FALSE,Same,FALSE,FALSE,Standard,0,Static
6/30/2024,ZAAUTO2024-1-00440,ZAAUTO2024-1,0,Current,Current,219352.14,0,0,5/30/2024,8682.13,FALSE,Same,FALSE,FALSE,Standard,0,Static
7/30/2024,ZAAUTO2024-1-00440,ZAAUTO2024-1,0,Current,Current,216578.71,0,0,7/13/2024,8344.65,FALSE,Same,FALSE,FALSE,Standard,0,Static
8/30/2024,ZAAUTO2024-1-00440,ZAAUTO2024-1,0,Current,Current,220136.91,0,0,8/4/2024,8906.23,FALSE,Same,FALSE,FALSE,Standard,0,Static
9/30/2024,ZAAUTO2024-1-00440,ZAAUTO2024-1,0,Current,Current,201451.54,0,0,9/3/2024,8957.54,FALSE,Same,FALSE,FALSE,Standard,0,Static
10/30/2024,ZAAUTO2024-1-00440,ZAAUTO2024-1,13,1-29 DPD,Current,199214.47,8692.03,1,9/27/2024,3719.64,FALSE,Worse,FALSE,FALSE,SMA-0,1,Roll
12/30/2023,ZAAUTO2024-1-00441,ZAAUTO2024-1,0,Current,Current,579294.36,0,0,12/18/2023,11051.03,FALSE,Same,FALSE,FALSE,Standard,0,Static
1/30/2024,ZAAUTO2024-1-00441,ZAAUTO2024-1,0,Current,Current,535898.06,0,0,1/14/2024,10231.32,FALSE,Same,FALSE,FALSE,Standard,0,Static
2/28/2024,ZAAUTO2024-1-00441,ZAAUTO2024-1,0,Current,Current,526236.1,0,0,2/1/2024,10258.28,FALSE,Same,FALSE,FALSE,Standard,0,Static
3/30/2024,ZAAUTO2024-1-00441,ZAAUTO2024-1,0,Current,Current,549433.23,0,0,3/24/2024,10403.89,FALSE,Same,FALSE,FALSE,Standard,0,Static
4/30/2024,ZAAUTO2024-1-00441,ZAAUTO2024-1,0,Current,Current,515403.28,0,0,4/12/2024,9959.69,FALSE,Same,FALSE,FALSE,Standard,0,Static
5/30/2024,ZAAUTO2024-1-00441,ZAAUTO2024-1,0,Current,Current,523759.75,0,0,5/1/2024,10061.26,FALSE,Same,FALSE,FALSE,Standard,0,Static
5/30/2024,ZAAUTO2024-1-00441,ZAAUTO2024-1,0,Current,Current,504492.78,0,0,5/6/2024,10622.53,FALSE,Same,FALSE,FALSE,Standard,0,Static
6/30/2024,ZAAUTO2024-1-00441,ZAAUTO2024-1,0,Current,Current,495667.86,0,0,6/4/2024,11226.56,FALSE,Same,FALSE,FALSE,Standard,0,Static
7/30/2024,ZAAUTO2024-1-00441,ZAAUTO2024-1,0,Current,Current,496141.66,0,0,7/3/2024,11168.52,FALSE,Same,FALSE,FALSE,Standard,0,Static
8/30/2024,ZAAUTO2024-1-00441,ZAAUTO2024-1,0,Current,Current,468417.43,0,0,8/14/2024,10754.5,FALSE,Same,FALSE,FALSE,Standard,0,Static
9/30/2024,ZAAUTO2024-1-00441,ZAAUTO2024-1,0,Current,Current,458577.45,0,0,9/28/2024,11103.6,FALSE,Same,FALSE,FALSE,Standard,0,Static
10/30/2024,ZAAUTO2024-1-00441,ZAAUTO2024-1,0,Current,Current,472591.18,0,0,10/26/2024,10541.15,FALSE,Same,FALSE,FALSE,Standard,0,Static
12/30/2023,ZAAUTO2024-1-00442,ZAAUTO2024-1,0,Current,Current,260608.4,0,0,11/25/2023,5764.94,FALSE,Same,FALSE,FALSE,Standard,0,Static
1/30/2024,ZAAUTO2024-1-00442,ZAAUTO2024-1,0,Current,Current,257943.69,0,0,1/13/2024,5633.85,FALSE,Same,FALSE,FALSE,Standard,0,Static
2/28/2024,ZAAUTO2024-1-00442,ZAAUTO2024-1,0,Current,Current,256075.83,0,0,2/14/2024,5810.8,FALSE,Same,FALSE,FALSE,Standard,0,Static
3/30/2024,ZAAUTO2024-1-00442,ZAAUTO2024-1,0,Current,Current,249495.16,0,0,3/9/2024,6299.74,FALSE,Same,FALSE,FALSE,Standard,0,Static
4/30/2024,ZAAUTO2024-1-00442,ZAAUTO2024-1,0,Current,Current,245414.63,0,0,4/6/2024,6092.53,FALSE,Same,FALSE,FALSE,Standard,0,Static
5/30/2024,ZAAUTO2024-1-00442,ZAAUTO2024-1,0,Current,Current,239147.66,0,0,5/30/2024,5715.18,FALSE,Same,FALSE,FALSE,Standard,0,Static
5/30/2024,ZAAUTO2024-1-00442,ZAAUTO2024-1,0,Current,Current,240889.28,0,0,4/26/2024,5904.48,FALSE,Same,FALSE,FALSE,Standard,0,Static
6/30/2024,ZAAUTO2024-1-00442,ZAAUTO2024-1,0,Current,Current,224802.12,0,0,6/22/2024,5949.25,FALSE,Same,FALSE,FALSE,Standard,0,Static
7/30/2024,ZAAUTO2024-1-00442,ZAAUTO2024-1,0,Current,Current,224981.96,0,0,7/13/2024,6199.7,FALSE,Same,FALSE,FALSE,Standard,0,Static
8/30/2024,ZAAUTO2024-1-00442,ZAAUTO2024-1,0,Current,Current,213450.16,0,0,7/28/2024,5963.94,FALSE,Same,FALSE,FALSE,Standard,0,Static
9/30/2024,ZAAUTO2024-1-00442,ZAAUTO2024-1,0,Current,Current,216277.47,0,0,9/26/2024,6166.91,FALSE,Same,FALSE,FALSE,Standard,0,Static
10/30/2024,ZAAUTO2024-1-00442,ZAAUTO2024-1,0,Current,Current,214858.56,0,0,10/30/2024,6113.87,FALSE,Same,FALSE,FALSE,Standard,0,Static
12/30/2023,ZAAUTO2024-1-00443,ZAAUTO2024-1,0,Current,Current,2030600,0,0,12/28/2023,65147.37,FALSE,Same,FALSE,FALSE,Standard,0,Static
1/30/2024,ZAAUTO2024-1-00443,ZAAUTO2024-1,0,Current,Current,1960394.47,0,0,12/27/2023,60159.54,FALSE,Same,FALSE,FALSE,Standard,0,Static
2/28/2024,ZAAUTO2024-1-00443,ZAAUTO2024-1,0,Current,Current,1994215.21,0,0,2/25/2024,62407.21,FALSE,Same,FALSE,FALSE,Standard,0,Static
3/30/2024,ZAAUTO2024-1-00443,ZAAUTO2024-1,0,Current,Current,1987901.75,0,0,3/4/2024,66686.47,FALSE,Same,FALSE,FALSE,Standard,0,Static
4/30/2024,ZAAUTO2024-1-00443,ZAAUTO2024-1,0,Current,Current,1882116.76,0,0,4/1/2024,64391.5,FALSE,Same,FALSE,FALSE,Standard,0,Static
5/30/2024,ZAAUTO2024-1-00443,ZAAUTO2024-1,0,Current,Current,1934450.33,0,0,5/14/2024,62120.98,FALSE,Same,FALSE,FALSE,Standard,0,Static
5/30/2024,ZAAUTO2024-1-00443,ZAAUTO2024-1,0,Current,Current,1844481.52,0,0,5/5/2024,66594.44,FALSE,Same,FALSE,FALSE,Standard,0,Static
6/30/2024,ZAAUTO2024-1-00443,ZAAUTO2024-1,0,Current,Current,1766106.18,0,0,6/2/2024,67737.71,FALSE,Same,FALSE,FALSE,Standard,0,Static
7/30/2024,ZAAUTO2024-1-00443,ZAAUTO2024-1,0,Current,Current,1849030.11,0,0,7/8/2024,68086.42,FALSE,Same,FALSE,FALSE,Standard,0,Static
8/30/2024,ZAAUTO2024-1-00443,ZAAUTO2024-1,0,Current,Current,1729654.29,0,0,8/4/2024,67795.5,FALSE,Same,FALSE,FALSE,Standard,0,Static
9/30/2024,ZAAUTO2024-1-00443,ZAAUTO2024-1,0,Current,Current,1684798.31,0,0,9/6/2024,66864.44,FALSE,Same,FALSE,FALSE,Standard,0,Static
10/30/2024,ZAAUTO2024-1-00443,ZAAUTO2024-1,0,Current,Current,1688537.03,0,0,10/26/2024,63031,FALSE,Same,FALSE,FALSE,Standard,0,Static
12/30/2023,ZAAUTO2024-1-00444,ZAAUTO2024-1,0,Current,Current,1561500,0,0,11/27/2023,49790.16,FALSE,Same,FALSE,FALSE,Standard,0,Static
1/30/2024,ZAAUTO2024-1-00444,ZAAUTO2024-1,0,Current,Current,1561500,0,0,1/1/2024,52487.6,FALSE,Same,FALSE,FALSE,Standard,0,Static
2/28/2024,ZAAUTO2024-1-00444,ZAAUTO2024-1,0,Current,Current,1561500,0,0,2/4/2024,47519.85,FALSE,Same,FALSE,FALSE,Standard,0,Static
3/30/2024,ZAAUTO2024-1-00444,ZAAUTO2024-1,0,Current,Current,1561500,0,0,3/7/2024,50609.71,FALSE,Same,FALSE,FALSE,Standard,0,Static
4/30/2024,ZAAUTO2024-1-00444,ZAAUTO2024-1,0,Current,Current,1561500,0,0,4/28/2024,50022.18,FALSE,Same,FALSE,FALSE,Standard,0,Static
5/30/2024,ZAAUTO2024-1-00444,ZAAUTO2024-1,0,Current,Current,1554348.86,0,0,5/15/2024,50864.74,FALSE,Same,FALSE,FALSE,Standard,0,Static
5/30/2024,ZAAUTO2024-1-00444,ZAAUTO2024-1,0,Current,Current,1561500,0,0,4/28/2024,49297.48,FALSE,Same,FALSE,FALSE,Standard,0,Static
6/30/2024,ZAAUTO2024-1-00444,ZAAUTO2024-1,0,Current,Current,1508677.4,0,0,5/31/2024,52446.55,FALSE,Same,FALSE,FALSE,Standard,0,Static
7/30/2024,ZAAUTO2024-1-00444,ZAAUTO2024-1,0,Current,Current,1556208.13,0,0,7/29/2024,53810.57,FALSE,Same,FALSE,FALSE,Standard,0,Static
8/30/2024,ZAAUTO2024-1-00444,ZAAUTO2024-1,0,Current,Current,1511884.38,0,0,8/23/2024,51683.93,FALSE,Same,FALSE,FALSE,Standard,0,Static
9/30/2024,ZAAUTO2024-1-00444,ZAAUTO2024-1,0,Current,Current,1453303.52,0,0,9/19/2024,50678.64,FALSE,Same,FALSE,FALSE,Standard,0,Static
10/30/2024,ZAAUTO2024-1-00444,ZAAUTO2024-1,0,Current,Current,1509350.5,0,0,9/30/2024,54550.95,FALSE,Same,FALSE,FALSE,Standard,0,Static
12/30/2023,ZAAUTO2024-1-00445,ZAAUTO2024-1,0,Current,Current,469933.66,0,0,11/30/2023,12082.64,FALSE,Same,FALSE,FALSE,Standard,0,Static
1/30/2024,ZAAUTO2024-1-00445,ZAAUTO2024-1,0,Current,Current,480416.91,0,0,1/17/2024,11283.11,FALSE,Same,FALSE,FALSE,Standard,0,Static
2/28/2024,ZAAUTO2024-1-00445,ZAAUTO2024-1,0,Current,Current,480791.32,0,0,1/27/2024,11979.14,FALSE,Same,FALSE,FALSE,Standard,0,Static
3/30/2024,ZAAUTO2024-1-00445,ZAAUTO2024-1,0,Current,Current,474811.48,0,0,2/27/2024,12090.71,FALSE,Same,FALSE,FALSE,Standard,0,Static
4/30/2024,ZAAUTO2024-1-00445,ZAAUTO2024-1,0,Current,Current,470831.87,0,0,4/29/2024,12065.56,FALSE,Same,FALSE,FALSE,Standard,0,Static
5/30/2024,ZAAUTO2024-1-00445,ZAAUTO2024-1,0,Current,Current,441556.77,0,0,5/10/2024,12255.75,FALSE,Same,FALSE,FALSE,Standard,0,Static
5/30/2024,ZAAUTO2024-1-00445,ZAAUTO2024-1,0,Current,Current,450562.42,0,0,5/11/2024,11759.73,FALSE,Same,FALSE,FALSE,Standard,0,Static
6/30/2024,ZAAUTO2024-1-00445,ZAAUTO2024-1,0,Current,Current,421100.7,0,0,6/23/2024,11980.7,FALSE,Same,FALSE,FALSE,Standard,0,Static
7/30/2024,ZAAUTO2024-1-00445,ZAAUTO2024-1,0,Current,Current,411246.22,0,0,6/25/2024,11494.13,FALSE,Same,FALSE,FALSE,Standard,0,Static
8/30/2024,ZAAUTO2024-1-00445,ZAAUTO2024-1,0,Current,Current,422865.42,0,0,8/26/2024,11713.32,FALSE,Same,FALSE,FALSE,Standard,0,Static
9/30/2024,ZAAUTO2024-1-00445,ZAAUTO2024-1,0,Current,Current,406441.94,0,0,9/2/2024,10791.07,FALSE,Same,FALSE,FALSE,Standard,0,Static
10/30/2024,ZAAUTO2024-1-00445,ZAAUTO2024-1,0,Current,Current,398562.51,0,0,10/19/2024,12239.24,FALSE,Same,FALSE,FALSE,Standard,0,Static
12/30/2023,ZAAUTO2024-1-00446,ZAAUTO2024-1,0,Current,Current,757461.32,0,0,12/25/2023,36130.79,FALSE,Same,FALSE,FALSE,Standard,0,Static
1/30/2024,ZAAUTO2024-1-00446,ZAAUTO2024-1,0,Current,Current,727205.73,0,0,12/27/2023,37525.5,FALSE,Same,FALSE,FALSE,Standard,0,Static
2/28/2024,ZAAUTO2024-1-00446,ZAAUTO2024-1,0,Current,Current,707452.34,0,0,1/24/2024,33320.72,FALSE,Same,FALSE,FALSE,Standard,0,Static
3/30/2024,ZAAUTO2024-1-00446,ZAAUTO2024-1,0,Current,Current,702035.29,0,0,3/17/2024,36670.68,FALSE,Same,FALSE,FALSE,Standard,0,Static
4/30/2024,ZAAUTO2024-1-00446,ZAAUTO2024-1,0,Current,Current,663417.15,0,0,4/25/2024,34964.7,FALSE,Same,FALSE,FALSE,Standard,0,Static
5/30/2024,ZAAUTO2024-1-00446,ZAAUTO2024-1,0,Current,Current,679829.93,0,0,5/30/2024,35378.11,FALSE,Same,FALSE,FALSE,Standard,0,Static
5/30/2024,ZAAUTO2024-1-00446,ZAAUTO2024-1,0,Current,Current,659297.2,0,0,5/11/2024,35794.23,FALSE,Same,FALSE,FALSE,Standard,0,Static
6/30/2024,ZAAUTO2024-1-00446,ZAAUTO2024-1,0,Current,Current,614011.11,0,0,6/12/2024,33341.38,FALSE,Same,FALSE,FALSE,Standard,0,Static
7/30/2024,ZAAUTO2024-1-00446,ZAAUTO2024-1,0,Current,Current,600040.08,0,0,6/26/2024,36206.92,FALSE,Same,FALSE,FALSE,Standard,0,Static
8/30/2024,ZAAUTO2024-1-00446,ZAAUTO2024-1,0,Current,Current,603978.96,0,0,8/25/2024,36139.82,FALSE,Same,FALSE,FALSE,Standard,0,Static
9/30/2024,ZAAUTO2024-1-00446,ZAAUTO2024-1,0,Current,Current,570290.34,0,0,9/10/2024,34125.15,FALSE,Same,FALSE,FALSE,Standard,0,Static
10/30/2024,ZAAUTO2024-1-00446,ZAAUTO2024-1,50,30-59 DPD,Current,569363.77,36097.02,1,10/29/2024,2446.4,FALSE,Worse,FALSE,FALSE,SMA-1,1,Roll
12/30/2023,ZAAUTO2024-1-00447,ZAAUTO2024-1,0,Current,Current,312104.6,0,0,11/27/2023,7246.01,FALSE,Same,FALSE,FALSE,Standard,0,Static
1/30/2024,ZAAUTO2024-1-00447,ZAAUTO2024-1,0,Current,Current,306850.02,0,0,1/16/2024,7715.18,FALSE,Same,FALSE,FALSE,Standard,0,Static
2/28/2024,ZAAUTO2024-1-00447,ZAAUTO2024-1,0,Current,Current,291456.91,0,0,2/11/2024,7829.56,FALSE,Same,FALSE,FALSE,Standard,0,Static
3/30/2024,ZAAUTO2024-1-00447,ZAAUTO2024-1,0,Current,Current,280880.2,0,0,3/27/2024,7875.05,FALSE,Same,FALSE,FALSE,Standard,0,Static
4/30/2024,ZAAUTO2024-1-00447,ZAAUTO2024-1,0,Current,Current,286564,0,0,4/26/2024,7602.88,FALSE,Same,FALSE,FALSE,Standard,0,Static
5/30/2024,ZAAUTO2024-1-00447,ZAAUTO2024-1,0,Current,Current,276539.29,0,0,5/4/2024,7609.43,FALSE,Same,FALSE,FALSE,Standard,0,Static
5/30/2024,ZAAUTO2024-1-00447,ZAAUTO2024-1,28,1-29 DPD,Current,278861.34,7838.94,1,5/6/2024,2982.02,FALSE,Worse,FALSE,FALSE,SMA-0,1,Roll
6/30/2024,ZAAUTO2024-1-00447,ZAAUTO2024-1,0,Current,1-29 DPD,274065.1,0,0,6/13/2024,7835.01,TRUE,Better,FALSE,FALSE,Standard,0,Cure
7/30/2024,ZAAUTO2024-1-00447,ZAAUTO2024-1,22,1-29 DPD,Current,253219.05,7838.94,1,6/27/2024,2727.47,FALSE,Worse,FALSE,FALSE,SMA-0,1,Roll
8/30/2024,ZAAUTO2024-1-00447,ZAAUTO2024-1,0,Current,1-29 DPD,259860.44,0,0,8/27/2024,7176.11,TRUE,Better,FALSE,FALSE,Standard,0,Cure
9/30/2024,ZAAUTO2024-1-00447,ZAAUTO2024-1,0,Current,Current,252760.21,0,0,9/14/2024,8092.71,FALSE,Same,FALSE,FALSE,Standard,0,Static
10/30/2024,ZAAUTO2024-1-00447,ZAAUTO2024-1,0,Current,Current,246355.43,0,0,10/21/2024,8114.78,FALSE,Same,FALSE,FALSE,Standard,0,Static
12/30/2023,ZAAUTO2024-1-00448,ZAAUTO2024-1,0,Current,Current,758319.1,0,0,12/17/2023,26971.1,FALSE,Same,FALSE,FALSE,Standard,0,Static
1/30/2024,ZAAUTO2024-1-00448,ZAAUTO2024-1,0,Current,Current,723667.09,0,0,1/28/2024,29146.71,FALSE,Same,FALSE,FALSE,Standard,0,Static
2/28/2024,ZAAUTO2024-1-00448,ZAAUTO2024-1,0,Current,Current,715480.67,0,0,2/24/2024,28863.54,FALSE,Same,FALSE,FALSE,Standard,0,Static
3/30/2024,ZAAUTO2024-1-00448,ZAAUTO2024-1,0,Current,Current,669796.47,0,0,2/26/2024,27572.66,FALSE,Same,FALSE,FALSE,Standard,0,Static
4/30/2024,ZAAUTO2024-1-00448,ZAAUTO2024-1,0,Current,Current,673885.99,0,0,3/26/2024,27609.55,FALSE,Same,FALSE,FALSE,Standard,0,Static
5/30/2024,ZAAUTO2024-1-00448,ZAAUTO2024-1,0,Current,Current,648509.81,0,0,5/12/2024,30556.92,FALSE,Same,FALSE,FALSE,Standard,0,Static
5/30/2024,ZAAUTO2024-1-00448,ZAAUTO2024-1,0,Current,Current,625449.21,0,0,5/10/2024,30196.22,FALSE,Same,FALSE,FALSE,Standard,0,Static
6/30/2024,ZAAUTO2024-1-00448,ZAAUTO2024-1,0,Current,Current,569615.14,0,0,6/29/2024,28878.66,FALSE,Same,FALSE,FALSE,Standard,0,Static
7/30/2024,ZAAUTO2024-1-00448,ZAAUTO2024-1,0,Current,Current,568649.97,0,0,7/9/2024,31086.79,FALSE,Same,FALSE,FALSE,Standard,0,Static
8/30/2024,ZAAUTO2024-1-00448,ZAAUTO2024-1,0,Current,Current,534408.01,0,0,8/1/2024,29655.46,FALSE,Same,FALSE,FALSE,Standard,0,Static
9/30/2024,ZAAUTO2024-1-00448,ZAAUTO2024-1,0,Current,Current,510038.61,0,0,9/4/2024,29246.24,FALSE,Same,FALSE,FALSE,Standard,0,Static
10/30/2024,ZAAUTO2024-1-00448,ZAAUTO2024-1,0,Current,Current,501332.42,0,0,10/23/2024,30048.49,FALSE,Same,FALSE,FALSE,Standard,0,Static
12/30/2023,ZAAUTO2024-1-00449,ZAAUTO2024-1,0,Current,Current,1285994.79,0,0,12/19/2023,49228.96,FALSE,Same,FALSE,FALSE,Standard,0,Static
1/30/2024,ZAAUTO2024-1-00449,ZAAUTO2024-1,0,Current,Current,1294830.33,0,0,1/14/2024,44205.92,FALSE,Same,FALSE,FALSE,Standard,0,Static
2/28/2024,ZAAUTO2024-1-00449,ZAAUTO2024-1,0,Current,Current,1250866.09,0,0,2/4/2024,46666.59,FALSE,Same,FALSE,FALSE,Standard,0,Static
3/30/2024,ZAAUTO2024-1-00449,ZAAUTO2024-1,0,Current,Current,1222617.81,0,0,3/14/2024,44581.75,FALSE,Same,FALSE,FALSE,Standard,0,Static
4/30/2024,ZAAUTO2024-1-00449,ZAAUTO2024-1,0,Current,Current,1226924.28,0,0,3/30/2024,48565.4,FALSE,Same,FALSE,FALSE,Standard,0,Static
5/30/2024,ZAAUTO2024-1-00449,ZAAUTO2024-1,0,Current,Current,1163623.68,0,0,5/30/2024,47409.65,FALSE,Same,FALSE,FALSE,Standard,0,Static
5/30/2024,ZAAUTO2024-1-00449,ZAAUTO2024-1,0,Current,Current,1156538.41,0,0,5/21/2024,44330.12,FALSE,Same,FALSE,FALSE,Standard,0,Static
6/30/2024,ZAAUTO2024-1-00449,ZAAUTO2024-1,0,Current,Current,1160776.1,0,0,6/7/2024,43743.76,FALSE,Same,FALSE,FALSE,Standard,0,Static
7/30/2024,ZAAUTO2024-1-00449,ZAAUTO2024-1,0,Current,Current,1129927.03,0,0,7/25/2024,48838.48,FALSE,Same,FALSE,FALSE,Standard,0,Static
8/30/2024,ZAAUTO2024-1-00449,ZAAUTO2024-1,0,Current,Current,1069727.89,0,0,8/16/2024,45458.19,FALSE,Same,FALSE,FALSE,Standard,0,Static
9/30/2024,ZAAUTO2024-1-00449,ZAAUTO2024-1,0,Current,Current,1051690.25,0,0,9/19/2024,46111.29,FALSE,Same,FALSE,FALSE,Standard,0,Static
10/30/2024,ZAAUTO2024-1-00449,ZAAUTO2024-1,0,Current,Current,1027758.07,0,0,10/2/2024,45081.91,FALSE,Same,FALSE,FALSE,Standard,0,Static
12/30/2023,ZAAUTO2024-1-00450,ZAAUTO2024-1,0,Current,Current,617423.83,0,0,12/28/2023,26627.92,FALSE,Same,FALSE,FALSE,Standard,0,Static
1/30/2024,ZAAUTO2024-1-00450,ZAAUTO2024-1,0,Current,Current,579961.57,0,0,1/3/2024,26225.1,FALSE,Same,FALSE,FALSE,Standard,0,Static
2/28/2024,ZAAUTO2024-1-00450,ZAAUTO2024-1,0,Current,Current,584422.09,0,0,1/25/2024,28569.79,FALSE,Same,FALSE,FALSE,Standard,0,Static
3/30/2024,ZAAUTO2024-1-00450,ZAAUTO2024-1,0,Current,Current,567950.33,0,0,3/13/2024,28001.83,FALSE,Same,FALSE,FALSE,Standard,0,Static
4/30/2024,ZAAUTO2024-1-00450,ZAAUTO2024-1,0,Current,Current,556951.88,0,0,4/5/2024,28619.74,FALSE,Same,FALSE,FALSE,Standard,0,Static
5/30/2024,ZAAUTO2024-1-00450,ZAAUTO2024-1,0,Current,Current,512895.56,0,0,4/28/2024,27444.76,FALSE,Same,FALSE,FALSE,Standard,0,Static
5/30/2024,ZAAUTO2024-1-00450,ZAAUTO2024-1,0,Current,Current,490125.07,0,0,5/2/2024,29336.63,FALSE,Same,FALSE,FALSE,Standard,0,Static
6/30/2024,ZAAUTO2024-1-00450,ZAAUTO2024-1,0,Current,Current,477516.46,0,0,6/7/2024,26311.47,FALSE,Same,FALSE,FALSE,Standard,0,Static
7/30/2024,ZAAUTO2024-1-00450,ZAAUTO2024-1,0,Current,Current,475693.88,0,0,7/4/2024,25790.92,FALSE,Same,FALSE,FALSE,Standard,0,Static
8/30/2024,ZAAUTO2024-1-00450,ZAAUTO2024-1,0,Current,Current,441356.52,0,0,8/22/2024,26120.21,FALSE,Same,FALSE,FALSE,Standard,0,Static
9/30/2024,ZAAUTO2024-1-00450,ZAAUTO2024-1,0,Current,Current,419258.27,0,0,9/5/2024,28534.76,FALSE,Same,FALSE,FALSE,Standard,0,Static
10/30/2024,ZAAUTO2024-1-00450,ZAAUTO2024-1,0,Current,Current,418986.76,0,0,9/27/2024,26861.93,FALSE,Same,FALSE,FALSE,Standard,0,Static
12/30/2023,ZAAUTO2024-1-00451,ZAAUTO2024-1,0,Current,Current,720800,0,0,12/6/2023,14783.13,FALSE,Same,FALSE,FALSE,Standard,0,Static
1/30/2024,ZAAUTO2024-1-00451,ZAAUTO2024-1,0,Current,Current,720800,0,0,1/22/2024,14368.55,FALSE,Same,FALSE,FALSE,Standard,0,Static
2/28/2024,ZAAUTO2024-1-00451,ZAAUTO2024-1,0,Current,Current,720800,0,0,2/24/2024,16652.33,FALSE,Same,FALSE,FALSE,Standard,0,Static
3/30/2024,ZAAUTO2024-1-00451,ZAAUTO2024-1,0,Current,Current,720800,0,0,3/4/2024,14764.97,FALSE,Same,FALSE,FALSE,Standard,0,Static
4/30/2024,ZAAUTO2024-1-00451,ZAAUTO2024-1,0,Current,Current,720800,0,0,4/6/2024,15800.83,FALSE,Same,FALSE,FALSE,Standard,0,Static
5/30/2024,ZAAUTO2024-1-00451,ZAAUTO2024-1,0,Current,Current,720800,0,0,5/21/2024,15747.56,FALSE,Same,FALSE,FALSE,Standard,0,Static
5/30/2024,ZAAUTO2024-1-00451,ZAAUTO2024-1,0,Current,Current,720800,0,0,4/25/2024,14934.75,FALSE,Same,FALSE,FALSE,Standard,0,Static
6/30/2024,ZAAUTO2024-1-00451,ZAAUTO2024-1,0,Current,Current,700937.01,0,0,5/26/2024,16098.5,FALSE,Same,FALSE,FALSE,Standard,0,Static
7/30/2024,ZAAUTO2024-1-00451,ZAAUTO2024-1,0,Current,Current,717486.39,0,0,7/5/2024,15671.05,FALSE,Same,FALSE,FALSE,Standard,0,Static
8/30/2024,ZAAUTO2024-1-00451,ZAAUTO2024-1,0,Current,Current,686926.01,0,0,7/30/2024,15419.97,FALSE,Same,FALSE,FALSE,Standard,0,Static
9/30/2024,ZAAUTO2024-1-00451,ZAAUTO2024-1,0,Current,Current,662970.51,0,0,9/3/2024,14371.61,FALSE,Same,FALSE,FALSE,Standard,0,Static
10/30/2024,ZAAUTO2024-1-00451,ZAAUTO2024-1,0,Current,Current,649433.09,0,0,10/14/2024,15597.46,FALSE,Same,FALSE,FALSE,Standard,0,Static
12/30/2023,ZAAUTO2024-1-00452,ZAAUTO2024-1,0,Current,Current,683994.15,0,0,12/5/2023,16262.54,FALSE,Same,FALSE,FALSE,Standard,0,Static
1/30/2024,ZAAUTO2024-1-00452,ZAAUTO2024-1,0,Current,Current,625311.14,0,0,1/26/2024,17019.53,FALSE,Same,FALSE,FALSE,Standard,0,Static
2/28/2024,ZAAUTO2024-1-00452,ZAAUTO2024-1,0,Current,Current,615012.64,0,0,1/30/2024,18752.32,FALSE,Same,FALSE,FALSE,Standard,0,Static
3/30/2024,ZAAUTO2024-1-00452,ZAAUTO2024-1,0,Current,Current,606926.82,0,0,3/26/2024,18824.4,FALSE,Same,FALSE,FALSE,Standard,0,Static
4/30/2024,ZAAUTO2024-1-00452,ZAAUTO2024-1,0,Current,Current,601309.56,0,0,4/16/2024,18543.85,FALSE,Same,FALSE,FALSE,Standard,0,Static
5/30/2024,ZAAUTO2024-1-00452,ZAAUTO2024-1,0,Current,Current,612696.4,0,0,5/26/2024,16825.07,FALSE,Same,FALSE,FALSE,Standard,0,Static
5/30/2024,ZAAUTO2024-1-00452,ZAAUTO2024-1,0,Current,Current,568326.8,0,0,5/17/2024,17633.77,FALSE,Same,FALSE,FALSE,Standard,0,Static
6/30/2024,ZAAUTO2024-1-00452,ZAAUTO2024-1,0,Current,Current,574426.58,0,0,6/10/2024,16648.04,FALSE,Same,FALSE,FALSE,Standard,0,Static
7/30/2024,ZAAUTO2024-1-00452,ZAAUTO2024-1,0,Current,Current,563974.14,0,0,6/26/2024,17507.92,FALSE,Same,FALSE,FALSE,Standard,0,Static
8/30/2024,ZAAUTO2024-1-00452,ZAAUTO2024-1,0,Current,Current,527693.07,0,0,7/27/2024,17412.41,FALSE,Same,FALSE,FALSE,Standard,0,Static
9/30/2024,ZAAUTO2024-1-00452,ZAAUTO2024-1,40,30-59 DPD,Current,545615.05,18039.89,1,9/6/2024,3216.04,FALSE,Worse,FALSE,FALSE,SMA-1,1,Roll
10/30/2024,ZAAUTO2024-1-00452,ZAAUTO2024-1,83,60-89 DPD,30-59 DPD,530785.72,36079.78,2,10/22/2024,3213.1,FALSE,Worse,FALSE,FALSE,SMA-2,2,Roll
12/30/2023,ZAAUTO2024-1-00453,ZAAUTO2024-1,0,Current,Current,655507.55,0,0,12/24/2023,14402.43,FALSE,Same,FALSE,FALSE,Standard,0,Static
1/30/2024,ZAAUTO2024-1-00453,ZAAUTO2024-1,9,1-29 DPD,Current,626713.28,14498.73,1,1/5/2024,1088.3,FALSE,Worse,FALSE,FALSE,SMA-0,1,Roll
2/28/2024,ZAAUTO2024-1-00453,ZAAUTO2024-1,0,Current,1-29 DPD,631751,0,0,1/25/2024,15052.33,TRUE,Better,FALSE,FALSE,Standard,0,Cure
3/30/2024,ZAAUTO2024-1-00453,ZAAUTO2024-1,0,Current,Current,621744.19,0,0,3/28/2024,14460.38,FALSE,Same,FALSE,FALSE,Standard,0,Static
4/30/2024,ZAAUTO2024-1-00453,ZAAUTO2024-1,0,Current,Current,604837.78,0,0,4/5/2024,14210.09,FALSE,Same,FALSE,FALSE,Standard,0,Static
5/30/2024,ZAAUTO2024-1-00453,ZAAUTO2024-1,0,Current,Current,594037.27,0,0,5/25/2024,14079.41,FALSE,Same,FALSE,FALSE,Standard,0,Static
5/30/2024,ZAAUTO2024-1-00453,ZAAUTO2024-1,0,Current,Current,561566.24,0,0,5/30/2024,14024.41,FALSE,Same,FALSE,FALSE,Standard,0,Static
6/30/2024,ZAAUTO2024-1-00453,ZAAUTO2024-1,0,Current,Current,551996.71,0,0,6/24/2024,15085.45,FALSE,Same,FALSE,FALSE,Standard,0,Static
7/30/2024,ZAAUTO2024-1-00453,ZAAUTO2024-1,0,Current,Current,541509.86,0,0,7/9/2024,15176.19,FALSE,Same,FALSE,FALSE,Standard,0,Static
8/30/2024,ZAAUTO2024-1-00453,ZAAUTO2024-1,0,Current,Current,519635.98,0,0,8/12/2024,14896.52,FALSE,Same,FALSE,FALSE,Standard,0,Static
9/30/2024,ZAAUTO2024-1-00453,ZAAUTO2024-1,0,Current,Current,503083.79,0,0,9/15/2024,14778.71,FALSE,Same,FALSE,FALSE,Standard,0,Static
10/30/2024,ZAAUTO2024-1-00453,ZAAUTO2024-1,0,Current,Current,502961.93,0,0,10/14/2024,13310.96,FALSE,Same,FALSE,FALSE,Standard,0,Static
12/30/2023,ZAAUTO2024-1-00454,ZAAUTO2024-1,0,Current,Current,402175.31,0,0,12/8/2023,15923.36,FALSE,Same,FALSE,FALSE,Standard,0,Static
1/30/2024,ZAAUTO2024-1-00454,ZAAUTO2024-1,0,Current,Current,400118.27,0,0,1/19/2024,18297.6,FALSE,Same,FALSE,FALSE,Standard,0,Static
2/28/2024,ZAAUTO2024-1-00454,ZAAUTO2024-1,0,Current,Current,380316.92,0,0,2/7/2024,17949.11,FALSE,Same,FALSE,FALSE,Standard,0,Static
3/30/2024,ZAAUTO2024-1-00454,ZAAUTO2024-1,0,Current,Current,384351.44,0,0,3/26/2024,17312.03,FALSE,Same,FALSE,FALSE,Standard,0,Static
4/30/2024,ZAAUTO2024-1-00454,ZAAUTO2024-1,0,Current,Current,365881.51,0,0,4/18/2024,16311.74,FALSE,Same,FALSE,FALSE,Standard,0,Static
5/30/2024,ZAAUTO2024-1-00454,ZAAUTO2024-1,0,Current,Current,341619.1,0,0,5/11/2024,17682.34,FALSE,Same,FALSE,FALSE,Standard,0,Static
5/30/2024,ZAAUTO2024-1-00454,ZAAUTO2024-1,0,Current,Current,348354.22,0,0,5/11/2024,16482.72,FALSE,Same,FALSE,FALSE,Standard,0,Static
6/30/2024,ZAAUTO2024-1-00454,ZAAUTO2024-1,0,Current,Current,327316.12,0,0,5/26/2024,17359.7,FALSE,Same,FALSE,FALSE,Standard,0,Static
7/30/2024,ZAAUTO2024-1-00454,ZAAUTO2024-1,0,Current,Current,322483.61,0,0,6/29/2024,16892.99,FALSE,Same,FALSE,FALSE,Standard,0,Static
8/30/2024,ZAAUTO2024-1-00454,ZAAUTO2024-1,0,Current,Current,302667.59,0,0,7/27/2024,16852.88,FALSE,Same,FALSE,FALSE,Standard,0,Static
9/30/2024,ZAAUTO2024-1-00454,ZAAUTO2024-1,0,Current,Current,283865.1,0,0,9/16/2024,16588.19,FALSE,Same,FALSE,FALSE,Standard,0,Static
10/30/2024,ZAAUTO2024-1-00454,ZAAUTO2024-1,0,Current,Current,270620.96,0,0,10/30/2024,17577.44,FALSE,Same,FALSE,FALSE,Standard,0,Static
12/30/2023,ZAAUTO2024-1-00455,ZAAUTO2024-1,0,Current,Current,1552300,0,0,12/20/2023,39212.56,FALSE,Same,FALSE,FALSE,Standard,0,Static
1/30/2024,ZAAUTO2024-1-00455,ZAAUTO2024-1,19,1-29 DPD,Current,1552300,38085.91,1,1/13/2024,8036.32,FALSE,Worse,FALSE,FALSE,SMA-0,1,Roll
2/28/2024,ZAAUTO2024-1-00455,ZAAUTO2024-1,7,1-29 DPD,1-29 DPD,1552300,38085.91,1,2/26/2024,13825.61,FALSE,Same,FALSE,FALSE,SMA-0,2,Static
3/30/2024,ZAAUTO2024-1-00455,ZAAUTO2024-1,3,1-29 DPD,1-29 DPD,1552300,38085.91,1,3/8/2024,11628.77,FALSE,Same,FALSE,FALSE,SMA-0,3,Static
4/30/2024,ZAAUTO2024-1-00455,ZAAUTO2024-1,12,1-29 DPD,1-29 DPD,1512316.12,38085.91,1,4/25/2024,16656.94,FALSE,Same,FALSE,FALSE,SMA-0,4,Static
5/30/2024,ZAAUTO2024-1-00455,ZAAUTO2024-1,0,Current,1-29 DPD,1539020.21,0,0,5/10/2024,39391.48,TRUE,Better,FALSE,FALSE,Standard,0,Cure
5/30/2024,ZAAUTO2024-1-00455,ZAAUTO2024-1,0,Current,Current,1478074.37,0,0,5/13/2024,38380.96,FALSE,Same,FALSE,FALSE,Standard,0,Static
6/30/2024,ZAAUTO2024-1-00455,ZAAUTO2024-1,0,Current,Current,1472574.62,0,0,6/7/2024,35699.12,FALSE,Same,FALSE,FALSE,Standard,0,Static
7/30/2024,ZAAUTO2024-1-00455,ZAAUTO2024-1,0,Current,Current,1454271.45,0,0,7/5/2024,34545.2,FALSE,Same,FALSE,FALSE,Standard,0,Static
8/30/2024,ZAAUTO2024-1-00455,ZAAUTO2024-1,0,Current,Current,1413524.89,0,0,7/31/2024,34292.7,FALSE,Same,FALSE,FALSE,Standard,0,Static
9/30/2024,ZAAUTO2024-1-00455,ZAAUTO2024-1,0,Current,Current,1370150.16,0,0,9/15/2024,39374.7,FALSE,Same,FALSE,FALSE,Standard,0,Static
10/30/2024,ZAAUTO2024-1-00455,ZAAUTO2024-1,0,Current,Current,1397757.1,0,0,10/11/2024,36099.35,FALSE,Same,FALSE,FALSE,Standard,0,Static
12/30/2023,ZAAUTO2024-1-00456,ZAAUTO2024-1,0,Current,Current,778700,0,0,12/5/2023,26773.5,FALSE,Same,FALSE,FALSE,Standard,0,Static
1/30/2024,ZAAUTO2024-1-00456,ZAAUTO2024-1,0,Current,Current,778700,0,0,1/28/2024,24675.59,FALSE,Same,FALSE,FALSE,Standard,0,Static
2/28/2024,ZAAUTO2024-1-00456,ZAAUTO2024-1,0,Current,Current,778700,0,0,1/25/2024,25926.02,FALSE,Same,FALSE,FALSE,Standard,0,Static
3/30/2024,ZAAUTO2024-1-00456,ZAAUTO2024-1,0,Current,Current,778700,0,0,3/13/2024,26217.36,FALSE,Same,FALSE,FALSE,Standard,0,Static
4/30/2024,ZAAUTO2024-1-00456,ZAAUTO2024-1,0,Current,Current,778700,0,0,4/29/2024,26342.86,FALSE,Same,FALSE,FALSE,Standard,0,Static
5/30/2024,ZAAUTO2024-1-00456,ZAAUTO2024-1,0,Current,Current,778700,0,0,5/30/2024,24331.49,FALSE,Same,FALSE,FALSE,Standard,0,Static
5/30/2024,ZAAUTO2024-1-00456,ZAAUTO2024-1,0,Current,Current,778700,0,0,5/9/2024,24090.18,FALSE,Same,FALSE,FALSE,Standard,0,Static
6/30/2024,ZAAUTO2024-1-00456,ZAAUTO2024-1,29,1-29 DPD,Current,778700,26368.95,1,6/3/2024,11222,FALSE,Worse,FALSE,FALSE,SMA-0,1,Roll
7/30/2024,ZAAUTO2024-1-00456,ZAAUTO2024-1,7,1-29 DPD,1-29 DPD,778700,26368.95,1,7/15/2024,5419.54,FALSE,Same,FALSE,FALSE,SMA-0,2,Static
8/30/2024,ZAAUTO2024-1-00456,ZAAUTO2024-1,0,Current,1-29 DPD,773961.66,0,0,8/18/2024,23951.55,TRUE,Better,FALSE,FALSE,Standard,0,Cure
9/30/2024,ZAAUTO2024-1-00456,ZAAUTO2024-1,0,Current,Current,750114.81,0,0,9/1/2024,24918.58,FALSE,Same,FALSE,FALSE,Standard,0,Static
10/30/2024,ZAAUTO2024-1-00456,ZAAUTO2024-1,0,Current,Current,774306.41,0,0,9/28/2024,27323.04,FALSE,Same,FALSE,FALSE,Standard,0,Static
12/30/2023,ZAAUTO2024-1-00457,ZAAUTO2024-1,23,1-29 DPD,Current,1372373.08,32472.08,1,12/25/2023,10537.54,FALSE,Worse,FALSE,FALSE,SMA-0,1,Roll
1/30/2024,ZAAUTO2024-1-00457,ZAAUTO2024-1,0,Current,1-29 DPD,1410906.36,0,0,1/12/2024,33441.3,TRUE,Better,FALSE,FALSE,Standard,0,Cure
2/28/2024,ZAAUTO2024-1-00457,ZAAUTO2024-1,0,Current,Current,1326176.12,0,0,2/16/2024,32540.67,FALSE,Same,FALSE,FALSE,Standard,0,Static
3/30/2024,ZAAUTO2024-1-00457,ZAAUTO2024-1,5,1-29 DPD,Current,1374985.47,32472.08,1,3/6/2024,1953.39,FALSE,Worse,FALSE,FALSE,SMA-0,1,Roll
4/30/2024,ZAAUTO2024-1-00457,ZAAUTO2024-1,0,Current,1-29 DPD,1307968.9,0,0,4/13/2024,31921.08,TRUE,Better,FALSE,FALSE,Standard,0,Cure
5/30/2024,ZAAUTO2024-1-00457,ZAAUTO2024-1,18,1-29 DPD,Current,1259745.98,32472.08,1,5/20/2024,15593.27,FALSE,Worse,FALSE,FALSE,SMA-0,1,Roll
5/30/2024,ZAAUTO2024-1-00457,ZAAUTO2024-1,0,Current,1-29 DPD,1256270.69,0,0,5/23/2024,29767.67,TRUE,Better,FALSE,FALSE,Standard,0,Cure
6/30/2024,ZAAUTO2024-1-00457,ZAAUTO2024-1,0,Current,Current,1271979.32,0,0,6/28/2024,30663.07,FALSE,Same,FALSE,FALSE,Standard,0,Static
7/30/2024,ZAAUTO2024-1-00457,ZAAUTO2024-1,0,Current,Current,1232230.64,0,0,7/20/2024,29939.62,FALSE,Same,FALSE,FALSE,Standard,0,Static
8/30/2024,ZAAUTO2024-1-00457,ZAAUTO2024-1,0,Current,Current,1198292.53,0,0,7/31/2024,32527.87,FALSE,Same,FALSE,FALSE,Standard,0,Static
9/30/2024,ZAAUTO2024-1-00457,ZAAUTO2024-1,0,Current,Current,1190539.16,0,0,9/13/2024,30994.72,FALSE,Same,FALSE,FALSE,Standard,0,Static
10/30/2024,ZAAUTO2024-1-00457,ZAAUTO2024-1,0,Current,Current,1152326.11,0,0,9/30/2024,32763.08,FALSE,Same,FALSE,FALSE,Standard,0,Static
12/30/2023,ZAAUTO2024-1-00458,ZAAUTO2024-1,0,Current,Current,673617.67,0,0,12/9/2023,24790.13,FALSE,Same,FALSE,FALSE,Standard,0,Static
1/30/2024,ZAAUTO2024-1-00458,ZAAUTO2024-1,0,Current,Current,650806.02,0,0,1/4/2024,25332.43,FALSE,Same,FALSE,FALSE,Standard,0,Static
2/28/2024,ZAAUTO2024-1-00458,ZAAUTO2024-1,0,Current,Current,635422.27,0,0,2/4/2024,25779.67,FALSE,Same,FALSE,FALSE,Standard,0,Static
3/30/2024,ZAAUTO2024-1-00458,ZAAUTO2024-1,0,Current,Current,608505.43,0,0,3/4/2024,22766.19,FALSE,Same,FALSE,FALSE,Standard,0,Static
4/30/2024,ZAAUTO2024-1-00458,ZAAUTO2024-1,0,Current,Current,606053.37,0,0,4/6/2024,25503.55,FALSE,Same,FALSE,FALSE,Standard,0,Static
5/30/2024,ZAAUTO2024-1-00458,ZAAUTO2024-1,0,Current,Current,596533.21,0,0,5/30/2024,22611.7,FALSE,Same,FALSE,FALSE,Standard,0,Static
5/30/2024,ZAAUTO2024-1-00458,ZAAUTO2024-1,0,Current,Current,586302.66,0,0,4/26/2024,23213.44,FALSE,Same,FALSE,FALSE,Standard,0,Static
6/30/2024,ZAAUTO2024-1-00458,ZAAUTO2024-1,0,Current,Current,564676.19,0,0,5/30/2024,25098.7,FALSE,Same,FALSE,FALSE,Standard,0,Static
7/30/2024,ZAAUTO2024-1-00458,ZAAUTO2024-1,0,Current,Current,585169.48,0,0,7/30/2024,22899.84,FALSE,Same,FALSE,FALSE,Standard,0,Static
8/30/2024,ZAAUTO2024-1-00458,ZAAUTO2024-1,0,Current,Current,553059.96,0,0,8/5/2024,22282.17,FALSE,Same,FALSE,FALSE,Standard,0,Static
9/30/2024,ZAAUTO2024-1-00458,ZAAUTO2024-1,27,1-29 DPD,Current,528864.17,24559.78,1,9/15/2024,611.98,FALSE,Worse,FALSE,FALSE,SMA-0,1,Roll
10/30/2024,ZAAUTO2024-1-00458,ZAAUTO2024-1,0,Current,1-29 DPD,531076.09,0,0,10/3/2024,25158.68,TRUE,Better,FALSE,FALSE,Standard,0,Cure
12/30/2023,ZAAUTO2024-1-00459,ZAAUTO2024-1,0,Current,Current,1077500.34,0,0,12/23/2023,44535.48,FALSE,Same,FALSE,FALSE,Standard,0,Static
1/30/2024,ZAAUTO2024-1-00459,ZAAUTO2024-1,0,Current,Current,1048436.21,0,0,1/15/2024,42309.21,FALSE,Same,FALSE,FALSE,Standard,0,Static
2/28/2024,ZAAUTO2024-1-00459,ZAAUTO2024-1,0,Current,Current,1024502.16,0,0,2/20/2024,38384.95,FALSE,Same,FALSE,FALSE,Standard,0,Static
3/30/2024,ZAAUTO2024-1-00459,ZAAUTO2024-1,0,Current,Current,1002706.27,0,0,3/20/2024,42624.44,FALSE,Same,FALSE,FALSE,Standard,0,Static
4/30/2024,ZAAUTO2024-1-00459,ZAAUTO2024-1,0,Current,Current,1007501.5,0,0,4/1/2024,43060.44,FALSE,Same,FALSE,FALSE,Standard,0,Static
5/30/2024,ZAAUTO2024-1-00459,ZAAUTO2024-1,0,Current,Current,962146.81,0,0,5/7/2024,39710.22,FALSE,Same,FALSE,FALSE,Standard,0,Static
5/30/2024,ZAAUTO2024-1-00459,ZAAUTO2024-1,0,Current,Current,900735.33,0,0,5/19/2024,44412.73,FALSE,Same,FALSE,FALSE,Standard,0,Static
6/30/2024,ZAAUTO2024-1-00459,ZAAUTO2024-1,0,Current,Current,865892.08,0,0,5/27/2024,40979.15,FALSE,Same,FALSE,FALSE,Standard,0,Static
7/30/2024,ZAAUTO2024-1-00459,ZAAUTO2024-1,0,Current,Current,841296.71,0,0,7/1/2024,40459.35,FALSE,Same,FALSE,FALSE,Standard,0,Static
8/30/2024,ZAAUTO2024-1-00459,ZAAUTO2024-1,0,Current,Current,851223.1,0,0,7/30/2024,44191.4,FALSE,Same,FALSE,FALSE,Standard,0,Static
9/30/2024,ZAAUTO2024-1-00459,ZAAUTO2024-1,0,Current,Current,810580.72,0,0,9/14/2024,43406.76,FALSE,Same,FALSE,FALSE,Standard,0,Static
10/30/2024,ZAAUTO2024-1-00459,ZAAUTO2024-1,0,Current,Current,796508.18,0,0,10/22/2024,38515.84,FALSE,Same,FALSE,FALSE,Standard,0,Static
12/30/2023,ZAAUTO2024-1-00460,ZAAUTO2024-1,0,Current,Current,437669.35,0,0,12/8/2023,12966.35,FALSE,Same,FALSE,FALSE,Standard,0,Static
1/30/2024,ZAAUTO2024-1-00460,ZAAUTO2024-1,0,Current,Current,427069.9,0,0,1/12/2024,13428.45,FALSE,Same,FALSE,FALSE,Standard,0,Static
2/28/2024,ZAAUTO2024-1-00460,ZAAUTO2024-1,0,Current,Current,423266.94,0,0,2/3/2024,12226.64,FALSE,Same,FALSE,FALSE,Standard,0,Static
3/30/2024,ZAAUTO2024-1-00460,ZAAUTO2024-1,0,Current,Current,409071.25,0,0,3/7/2024,12211.77,FALSE,Same,FALSE,FALSE,Standard,0,Static
4/30/2024,ZAAUTO2024-1-00460,ZAAUTO2024-1,0,Current,Current,411371.21,0,0,3/30/2024,12018.99,FALSE,Same,FALSE,FALSE,Standard,0,Static
5/30/2024,ZAAUTO2024-1-00460,ZAAUTO2024-1,0,Current,Current,409900.76,0,0,5/6/2024,11939.04,FALSE,Same,FALSE,FALSE,Standard,0,Static
5/30/2024,ZAAUTO2024-1-00460,ZAAUTO2024-1,0,Current,Current,410018.63,0,0,5/4/2024,12118.71,FALSE,Same,FALSE,FALSE,Standard,0,Static
6/30/2024,ZAAUTO2024-1-00460,ZAAUTO2024-1,73,60-89 DPD,Current,398804.64,26477.92,2,6/11/2024,4303.41,FALSE,Worse,FALSE,FALSE,SMA-2,1,Roll
7/30/2024,ZAAUTO2024-1-00460,ZAAUTO2024-1,60,60-89 DPD,60-89 DPD,380571.58,26477.92,2,7/12/2024,3565.86,FALSE,Same,FALSE,FALSE,SMA-1,2,Static
8/30/2024,ZAAUTO2024-1-00460,ZAAUTO2024-1,80,60-89 DPD,60-89 DPD,365395.49,26477.92,2,8/4/2024,7163.32,FALSE,Same,FALSE,FALSE,SMA-2,3,Static
9/30/2024,ZAAUTO2024-1-00460,ZAAUTO2024-1,72,60-89 DPD,60-89 DPD,354576.56,26477.92,2,9/18/2024,2806.55,FALSE,Same,FALSE,FALSE,SMA-2,4,Static
10/30/2024,ZAAUTO2024-1-00460,ZAAUTO2024-1,136,120+ DPD,60-89 DPD,356385.48,52955.84,4,10/7/2024,215.85,FALSE,Worse,FALSE,FALSE,NPA,5,Roll
12/30/2023,ZAAUTO2024-1-00461,ZAAUTO2024-1,0,Current,Current,188757.43,0,0,12/27/2023,8108.58,FALSE,Same,FALSE,FALSE,Standard,0,Static
1/30/2024,ZAAUTO2024-1-00461,ZAAUTO2024-1,0,Current,Current,179900.51,0,0,1/11/2024,7728.98,FALSE,Same,FALSE,FALSE,Standard,0,Static
2/28/2024,ZAAUTO2024-1-00461,ZAAUTO2024-1,0,Current,Current,175395.43,0,0,2/8/2024,8024.83,FALSE,Same,FALSE,FALSE,Standard,0,Static
3/30/2024,ZAAUTO2024-1-00461,ZAAUTO2024-1,0,Current,Current,173987.09,0,0,3/27/2024,8536.35,FALSE,Same,FALSE,FALSE,Standard,0,Static
4/30/2024,ZAAUTO2024-1-00461,ZAAUTO2024-1,0,Current,Current,173277.07,0,0,4/7/2024,7905.49,FALSE,Same,FALSE,FALSE,Standard,0,Static
5/30/2024,ZAAUTO2024-1-00461,ZAAUTO2024-1,0,Current,Current,164299.34,0,0,5/10/2024,8516.94,FALSE,Same,FALSE,FALSE,Standard,0,Static
5/30/2024,ZAAUTO2024-1-00461,ZAAUTO2024-1,0,Current,Current,162186.77,0,0,5/1/2024,8375.88,FALSE,Same,FALSE,FALSE,Standard,0,Static
6/30/2024,ZAAUTO2024-1-00461,ZAAUTO2024-1,0,Current,Current,149345.04,0,0,6/1/2024,7790.12,FALSE,Same,FALSE,FALSE,Standard,0,Static
7/30/2024,ZAAUTO2024-1-00461,ZAAUTO2024-1,0,Current,Current,150312.46,0,0,7/25/2024,8598.46,FALSE,Same,FALSE,FALSE,Standard,0,Static
8/30/2024,ZAAUTO2024-1-00461,ZAAUTO2024-1,17,1-29 DPD,Current,141719.88,8481.66,1,7/27/2024,2024.71,FALSE,Worse,FALSE,FALSE,SMA-0,1,Roll
9/30/2024,ZAAUTO2024-1-00461,ZAAUTO2024-1,53,30-59 DPD,1-29 DPD,139069.25,8481.66,1,9/5/2024,2955.37,FALSE,Worse,FALSE,FALSE,SMA-1,2,Roll
10/30/2024,ZAAUTO2024-1-00461,ZAAUTO2024-1,73,60-89 DPD,30-59 DPD,127852.13,16963.32,2,10/23/2024,2817.92,FALSE,Worse,FALSE,FALSE,SMA-2,3,Roll
12/30/2023,ZAAUTO2024-1-00462,ZAAUTO2024-1,0,Current,Current,518900.59,0,0,11/30/2023,16515.47,FALSE,Same,FALSE,FALSE,Standard,0,Static
1/30/2024,ZAAUTO2024-1-00462,ZAAUTO2024-1,0,Current,Current,528549.5,0,0,1/25/2024,15778.64,FALSE,Same,FALSE,FALSE,Standard,0,Static
2/28/2024,ZAAUTO2024-1-00462,ZAAUTO2024-1,0,Current,Current,497181.55,0,0,2/28/2024,16414.53,FALSE,Same,FALSE,FALSE,Standard,0,Static
3/30/2024,ZAAUTO2024-1-00462,ZAAUTO2024-1,0,Current,Current,481222.3,0,0,3/19/2024,14866.66,FALSE,Same,FALSE,FALSE,Standard,0,Static
4/30/2024,ZAAUTO2024-1-00462,ZAAUTO2024-1,0,Current,Current,487764.28,0,0,4/3/2024,15650.34,FALSE,Same,FALSE,FALSE,Standard,0,Static
5/30/2024,ZAAUTO2024-1-00462,ZAAUTO2024-1,0,Current,Current,463600.53,0,0,5/21/2024,16135.94,FALSE,Same,FALSE,FALSE,Standard,0,Static
5/30/2024,ZAAUTO2024-1-00462,ZAAUTO2024-1,0,Current,Current,465431.63,0,0,4/30/2024,14984.26,FALSE,Same,FALSE,FALSE,Standard,0,Static
6/30/2024,ZAAUTO2024-1-00462,ZAAUTO2024-1,0,Current,Current,456789.98,0,0,6/17/2024,15835.22,FALSE,Same,FALSE,FALSE,Standard,0,Static
7/30/2024,ZAAUTO2024-1-00462,ZAAUTO2024-1,0,Current,Current,451121.38,0,0,7/12/2024,15096.11,FALSE,Same,FALSE,FALSE,Standard,0,Static
8/30/2024,ZAAUTO2024-1-00462,ZAAUTO2024-1,0,Current,Current,419194.3,0,0,7/26/2024,16693.94,FALSE,Same,FALSE,FALSE,Standard,0,Static
9/30/2024,ZAAUTO2024-1-00462,ZAAUTO2024-1,0,Current,Current,412393.32,0,0,9/20/2024,16438.08,FALSE,Same,FALSE,FALSE,Standard,0,Static
10/30/2024,ZAAUTO2024-1-00462,ZAAUTO2024-1,0,Current,Current,419145.77,0,0,10/1/2024,15378.27,FALSE,Same,FALSE,FALSE,Standard,0,Static
12/30/2023,ZAAUTO2024-1-00463,ZAAUTO2024-1,0,Current,Current,382030.19,0,0,12/19/2023,9220.58,FALSE,Same,FALSE,FALSE,Standard,0,Static
1/30/2024,ZAAUTO2024-1-00463,ZAAUTO2024-1,0,Current,Current,373997.65,0,0,1/30/2024,9287.29,FALSE,Same,FALSE,FALSE,Standard,0,Static
2/28/2024,ZAAUTO2024-1-00463,ZAAUTO2024-1,0,Current,Current,381206.06,0,0,2/14/2024,10352.85,FALSE,Same,FALSE,FALSE,Standard,0,Static
3/30/2024,ZAAUTO2024-1-00463,ZAAUTO2024-1,0,Current,Current,362457.57,0,0,3/13/2024,9636.52,FALSE,Same,FALSE,FALSE,Standard,0,Static
4/30/2024,ZAAUTO2024-1-00463,ZAAUTO2024-1,0,Current,Current,356538.48,0,0,4/11/2024,9944.77,FALSE,Same,FALSE,FALSE,Standard,0,Static
5/30/2024,ZAAUTO2024-1-00463,ZAAUTO2024-1,0,Current,Current,346040.48,0,0,4/27/2024,9416.05,FALSE,Same,FALSE,FALSE,Standard,0,Static
5/30/2024,ZAAUTO2024-1-00463,ZAAUTO2024-1,0,Current,Current,352575.88,0,0,4/30/2024,9694.81,FALSE,Same,FALSE,FALSE,Standard,0,Static
6/30/2024,ZAAUTO2024-1-00463,ZAAUTO2024-1,0,Current,Current,338483.8,0,0,6/25/2024,9690,FALSE,Same,FALSE,FALSE,Standard,0,Static
7/30/2024,ZAAUTO2024-1-00463,ZAAUTO2024-1,0,Current,Current,330279.31,0,0,7/9/2024,9381.58,FALSE,Same,FALSE,FALSE,Standard,0,Static
8/30/2024,ZAAUTO2024-1-00463,ZAAUTO2024-1,0,Current,Current,326160.38,0,0,8/2/2024,9682.88,FALSE,Same,FALSE,FALSE,Standard,0,Static
9/30/2024,ZAAUTO2024-1-00463,ZAAUTO2024-1,0,Current,Current,323272.54,0,0,9/26/2024,9496.27,FALSE,Same,FALSE,FALSE,Standard,0,Static
10/30/2024,ZAAUTO2024-1-00463,ZAAUTO2024-1,0,Current,Current,324937.19,0,0,10/23/2024,9232.46,FALSE,Same,FALSE,FALSE,Standard,0,Static
12/30/2023,ZAAUTO2024-1-00464,ZAAUTO2024-1,0,Current,Current,511174.74,0,0,12/1/2023,20336.03,FALSE,Same,FALSE,FALSE,Standard,0,Static
1/30/2024,ZAAUTO2024-1-00464,ZAAUTO2024-1,0,Current,Current,513772.63,0,0,1/4/2024,22521.78,FALSE,Same,FALSE,FALSE,Standard,0,Static
2/28/2024,ZAAUTO2024-1-00464,ZAAUTO2024-1,17,1-29 DPD,Current,490287.84,21802.19,1,2/26/2024,12491.89,FALSE,Worse,FALSE,FALSE,SMA-0,1,Roll
3/30/2024,ZAAUTO2024-1-00464,ZAAUTO2024-1,13,1-29 DPD,1-29 DPD,482896.68,21802.19,1,2/29/2024,369.9,FALSE,Same,FALSE,FALSE,SMA-0,2,Static
4/30/2024,ZAAUTO2024-1-00464,ZAAUTO2024-1,0,Current,1-29 DPD,463586.04,0,0,4/30/2024,20300.03,TRUE,Better,FALSE,FALSE,Standard,0,Cure
5/30/2024,ZAAUTO2024-1-00464,ZAAUTO2024-1,0,Current,Current,434705.34,0,0,5/15/2024,20859.63,FALSE,Same,FALSE,FALSE,Standard,0,Static
5/30/2024,ZAAUTO2024-1-00464,ZAAUTO2024-1,0,Current,Current,410195.32,0,0,5/10/2024,20176.18,FALSE,Same,FALSE,FALSE,Standard,0,Static
6/30/2024,ZAAUTO2024-1-00464,ZAAUTO2024-1,0,Current,Current,409528.65,0,0,6/11/2024,20064.36,FALSE,Same,FALSE,FALSE,Standard,0,Static
7/30/2024,ZAAUTO2024-1-00464,ZAAUTO2024-1,0,Current,Current,388675.48,0,0,7/28/2024,21716.01,FALSE,Same,FALSE,FALSE,Standard,0,Static
8/30/2024,ZAAUTO2024-1-00464,ZAAUTO2024-1,0,Current,Current,387689.06,0,0,8/11/2024,22002.52,FALSE,Same,FALSE,FALSE,Standard,0,Static
9/30/2024,ZAAUTO2024-1-00464,ZAAUTO2024-1,0,Current,Current,355493.84,0,0,8/30/2024,20505.77,FALSE,Same,FALSE,FALSE,Standard,0,Static
10/30/2024,ZAAUTO2024-1-00464,ZAAUTO2024-1,0,Current,Current,354600.08,0,0,10/3/2024,21169.63,FALSE,Same,FALSE,FALSE,Standard,0,Static
12/30/2023,ZAAUTO2024-1-00465,ZAAUTO2024-1,0,Current,Current,727400,0,0,11/28/2023,13821.55,FALSE,Same,FALSE,FALSE,Standard,0,Static
1/30/2024,ZAAUTO2024-1-00465,ZAAUTO2024-1,0,Current,Current,727400,0,0,1/5/2024,14279.37,FALSE,Same,FALSE,FALSE,Standard,0,Static
2/28/2024,ZAAUTO2024-1-00465,ZAAUTO2024-1,0,Current,Current,727400,0,0,2/2/2024,13959.66,FALSE,Same,FALSE,FALSE,Standard,0,Static
3/30/2024,ZAAUTO2024-1-00465,ZAAUTO2024-1,0,Current,Current,727400,0,0,3/2/2024,13001.9,FALSE,Same,FALSE,FALSE,Standard,0,Static
4/30/2024,ZAAUTO2024-1-00465,ZAAUTO2024-1,0,Current,Current,727400,0,0,4/17/2024,12664.21,FALSE,Same,FALSE,FALSE,Standard,0,Static
5/30/2024,ZAAUTO2024-1-00465,ZAAUTO2024-1,0,Current,Current,727400,0,0,4/29/2024,14000.39,FALSE,Same,FALSE,FALSE,Standard,0,Static
5/30/2024,ZAAUTO2024-1-00465,ZAAUTO2024-1,0,Current,Current,727400,0,0,5/13/2024,14194.47,FALSE,Same,FALSE,FALSE,Standard,0,Static
6/30/2024,ZAAUTO2024-1-00465,ZAAUTO2024-1,0,Current,Current,721486.95,0,0,6/26/2024,12982.03,FALSE,Same,FALSE,FALSE,Standard,0,Static
7/30/2024,ZAAUTO2024-1-00465,ZAAUTO2024-1,0,Current,Current,726500.24,0,0,6/28/2024,13333.8,FALSE,Same,FALSE,FALSE,Standard,0,Static
8/30/2024,ZAAUTO2024-1-00465,ZAAUTO2024-1,0,Current,Current,699403.78,0,0,8/10/2024,14135.87,FALSE,Same,FALSE,FALSE,Standard,0,Static
9/30/2024,ZAAUTO2024-1-00465,ZAAUTO2024-1,0,Current,Current,660624.44,0,0,9/12/2024,13686.41,FALSE,Same,FALSE,FALSE,Standard,0,Static
10/30/2024,ZAAUTO2024-1-00465,ZAAUTO2024-1,0,Current,Current,687879.39,0,0,10/17/2024,12743.94,FALSE,Same,FALSE,FALSE,Standard,0,Static
12/30/2023,ZAAUTO2024-1-00466,ZAAUTO2024-1,0,Current,Current,809200,0,0,11/26/2023,25775.4,FALSE,Same,FALSE,FALSE,Standard,0,Static
1/30/2024,ZAAUTO2024-1-00466,ZAAUTO2024-1,0,Current,Current,809200,0,0,1/24/2024,23972.46,FALSE,Same,FALSE,FALSE,Standard,0,Static
2/28/2024,ZAAUTO2024-1-00466,ZAAUTO2024-1,0,Current,Current,809200,0,0,2/7/2024,23587.79,FALSE,Same,FALSE,FALSE,Standard,0,Static
3/30/2024,ZAAUTO2024-1-00466,ZAAUTO2024-1,0,Current,Current,809200,0,0,3/26/2024,23415.36,FALSE,Same,FALSE,FALSE,Standard,0,Static
4/30/2024,ZAAUTO2024-1-00466,ZAAUTO2024-1,0,Current,Current,809200,0,0,4/20/2024,23245,FALSE,Same,FALSE,FALSE,Standard,0,Static
5/30/2024,ZAAUTO2024-1-00466,ZAAUTO2024-1,7,1-29 DPD,Current,809200,25249.27,1,4/27/2024,10653.16,FALSE,Worse,FALSE,FALSE,SMA-0,1,Roll
5/30/2024,ZAAUTO2024-1-00466,ZAAUTO2024-1,0,Current,1-29 DPD,809200,0,0,4/29/2024,23861.21,TRUE,Better,FALSE,FALSE,Standard,0,Cure
6/30/2024,ZAAUTO2024-1-00466,ZAAUTO2024-1,0,Current,Current,809200,0,0,6/20/2024,24015.87,FALSE,Same,FALSE,FALSE,Standard,0,Static
7/30/2024,ZAAUTO2024-1-00466,ZAAUTO2024-1,0,Current,Current,809200,0,0,6/28/2024,25360.68,FALSE,Same,FALSE,FALSE,Standard,0,Static
8/30/2024,ZAAUTO2024-1-00466,ZAAUTO2024-1,0,Current,Current,783963,0,0,7/29/2024,25657.11,FALSE,Same,FALSE,FALSE,Standard,0,Static
9/30/2024,ZAAUTO2024-1-00466,ZAAUTO2024-1,0,Current,Current,798554.88,0,0,9/22/2024,23500.87,FALSE,Same,FALSE,FALSE,Standard,0,Static
10/30/2024,ZAAUTO2024-1-00466,ZAAUTO2024-1,0,Current,Current,786548.89,0,0,9/26/2024,25182.1,FALSE,Same,FALSE,FALSE,Standard,0,Static
12/30/2023,ZAAUTO2024-1-00467,ZAAUTO2024-1,0,Current,Current,866982.2,0,0,12/11/2023,30185.36,FALSE,Same,FALSE,FALSE,Standard,0,Static
1/30/2024,ZAAUTO2024-1-00467,ZAAUTO2024-1,0,Current,Current,885899.46,0,0,12/27/2023,32541.96,FALSE,Same,FALSE,FALSE,Standard,0,Static
2/28/2024,ZAAUTO2024-1-00467,ZAAUTO2024-1,0,Current,Current,866260.3,0,0,2/3/2024,28117.61,FALSE,Same,FALSE,FALSE,Standard,0,Static
3/30/2024,ZAAUTO2024-1-00467,ZAAUTO2024-1,22,1-29 DPD,Current,809764.84,31114.73,1,3/3/2024,12819.86,FALSE,Worse,FALSE,FALSE,SMA-0,1,Roll
4/30/2024,ZAAUTO2024-1-00467,ZAAUTO2024-1,0,Current,1-29 DPD,808667.39,0,0,4/6/2024,28903.08,TRUE,Better,FALSE,FALSE,Standard,0,Cure
5/30/2024,ZAAUTO2024-1-00467,ZAAUTO2024-1,0,Current,Current,793195.26,0,0,5/15/2024,32535.42,FALSE,Same,FALSE,FALSE,Standard,0,Static
5/30/2024,ZAAUTO2024-1-00467,ZAAUTO2024-1,0,Current,Current,784283.18,0,0,5/2/2024,28722.78,FALSE,Same,FALSE,FALSE,Standard,0,Static
6/30/2024,ZAAUTO2024-1-00467,ZAAUTO2024-1,0,Current,Current,740983.86,0,0,6/23/2024,28239.86,FALSE,Same,FALSE,FALSE,Standard,0,Static
7/30/2024,ZAAUTO2024-1-00467,ZAAUTO2024-1,0,Current,Current,730423.61,0,0,7/21/2024,29950.33,FALSE,Same,FALSE,FALSE,Standard,0,Static
8/30/2024,ZAAUTO2024-1-00467,ZAAUTO2024-1,72,60-89 DPD,Current,704834.85,62229.46,2,8/30/2024,1847.4,FALSE,Worse,FALSE,FALSE,SMA-2,1,Roll
9/30/2024,ZAAUTO2024-1-00467,ZAAUTO2024-1,70,60-89 DPD,60-89 DPD,684422.18,62229.46,2,9/10/2024,13674.08,FALSE,Same,FALSE,FALSE,SMA-2,2,Static
10/30/2024,ZAAUTO2024-1-00467,ZAAUTO2024-1,295,120+ DPD,60-89 DPD,673438.54,280032.57,9,10/13/2024,6170.87,FALSE,Worse,FALSE,FALSE,NPA,3,Roll
12/30/2023,ZAAUTO2024-1-00468,ZAAUTO2024-1,0,Current,Current,2053700,0,0,12/6/2023,50633.58,FALSE,Same,FALSE,FALSE,Standard,0,Static
1/30/2024,ZAAUTO2024-1-00468,ZAAUTO2024-1,0,Current,Current,2053700,0,0,1/4/2024,52842.33,FALSE,Same,FALSE,FALSE,Standard,0,Static
2/28/2024,ZAAUTO2024-1-00468,ZAAUTO2024-1,0,Current,Current,2053700,0,0,2/10/2024,51871.67,FALSE,Same,FALSE,FALSE,Standard,0,Static
3/30/2024,ZAAUTO2024-1-00468,ZAAUTO2024-1,12,1-29 DPD,Current,2053700,51742.62,1,3/6/2024,10955.99,FALSE,Worse,FALSE,FALSE,SMA-0,1,Roll
4/30/2024,ZAAUTO2024-1-00468,ZAAUTO2024-1,0,Current,1-29 DPD,2053700,0,0,4/21/2024,47927.57,TRUE,Better,FALSE,FALSE,Standard,0,Cure
5/30/2024,ZAAUTO2024-1-00468,ZAAUTO2024-1,0,Current,Current,2047553.67,0,0,5/11/2024,48586.41,FALSE,Same,FALSE,FALSE,Standard,0,Static
5/30/2024,ZAAUTO2024-1-00468,ZAAUTO2024-1,0,Current,Current,2053700,0,0,4/30/2024,53809.38,FALSE,Same,FALSE,FALSE,Standard,0,Static
6/30/2024,ZAAUTO2024-1-00468,ZAAUTO2024-1,0,Current,Current,1951724.92,0,0,6/18/2024,48132.98,FALSE,Same,FALSE,FALSE,Standard,0,Static
7/30/2024,ZAAUTO2024-1-00468,ZAAUTO2024-1,0,Current,Current,1979316.32,0,0,6/26/2024,54315.09,FALSE,Same,FALSE,FALSE,Standard,0,Static
8/30/2024,ZAAUTO2024-1-00468,ZAAUTO2024-1,0,Current,Current,1894853.54,0,0,8/16/2024,53060.74,FALSE,Same,FALSE,FALSE,Standard,0,Static
9/30/2024,ZAAUTO2024-1-00468,ZAAUTO2024-1,0,Current,Current,1975876.93,0,0,9/28/2024,52235.65,FALSE,Same,FALSE,FALSE,Standard,0,Static
10/30/2024,ZAAUTO2024-1-00468,ZAAUTO2024-1,0,Current,Current,1895120.27,0,0,10/15/2024,49736.63,FALSE,Same,FALSE,FALSE,Standard,0,Static
12/30/2023,ZAAUTO2024-1-00469,ZAAUTO2024-1,0,Current,Current,2176371.88,0,0,11/26/2023,76748.43,FALSE,Same,FALSE,FALSE,Standard,0,Static
1/30/2024,ZAAUTO2024-1-00469,ZAAUTO2024-1,0,Current,Current,2193989.66,0,0,1/13/2024,83202.8,FALSE,Same,FALSE,FALSE,Standard,0,Static
2/28/2024,ZAAUTO2024-1-00469,ZAAUTO2024-1,0,Current,Current,2040511.85,0,0,2/28/2024,81194.78,FALSE,Same,FALSE,FALSE,Standard,0,Static
3/30/2024,ZAAUTO2024-1-00469,ZAAUTO2024-1,0,Current,Current,2035254.24,0,0,3/26/2024,84151.96,FALSE,Same,FALSE,FALSE,Standard,0,Static
4/30/2024,ZAAUTO2024-1-00469,ZAAUTO2024-1,0,Current,Current,2003373.29,0,0,3/30/2024,84698.71,FALSE,Same,FALSE,FALSE,Standard,0,Static
5/30/2024,ZAAUTO2024-1-00469,ZAAUTO2024-1,0,Current,Current,2027408.16,0,0,4/29/2024,75658.14,FALSE,Same,FALSE,FALSE,Standard,0,Static
5/30/2024,ZAAUTO2024-1-00469,ZAAUTO2024-1,0,Current,Current,1899458.14,0,0,5/21/2024,80841.54,FALSE,Same,FALSE,FALSE,Standard,0,Static
6/30/2024,ZAAUTO2024-1-00469,ZAAUTO2024-1,0,Current,Current,1840016.57,0,0,6/7/2024,78794.39,FALSE,Same,FALSE,FALSE,Standard,0,Static
7/30/2024,ZAAUTO2024-1-00469,ZAAUTO2024-1,0,Current,Current,1824158.74,0,0,7/30/2024,77679.34,FALSE,Same,FALSE,FALSE,Standard,0,Static
8/30/2024,ZAAUTO2024-1-00469,ZAAUTO2024-1,0,Current,Current,1869812.05,0,0,8/1/2024,76517.88,FALSE,Same,FALSE,FALSE,Standard,0,Static
9/30/2024,ZAAUTO2024-1-00469,ZAAUTO2024-1,0,Current,Current,1810256.94,0,0,9/6/2024,83265.51,FALSE,Same,FALSE,FALSE,Standard,0,Static
10/30/2024,ZAAUTO2024-1-00469,ZAAUTO2024-1,0,Current,Current,1739144.15,0,0,9/28/2024,86001.94,FALSE,Same,FALSE,FALSE,Standard,0,Static
12/30/2023,ZAAUTO2024-1-00470,ZAAUTO2024-1,0,Current,Current,1803021.44,0,0,12/30/2023,36738.68,FALSE,Same,FALSE,FALSE,Standard,0,Static
1/30/2024,ZAAUTO2024-1-00470,ZAAUTO2024-1,0,Current,Current,1726153.22,0,0,1/13/2024,36610.95,FALSE,Same,FALSE,FALSE,Standard,0,Static
2/28/2024,ZAAUTO2024-1-00470,ZAAUTO2024-1,0,Current,Current,1725023.52,0,0,2/26/2024,40507.76,FALSE,Same,FALSE,FALSE,Standard,0,Static
3/30/2024,ZAAUTO2024-1-00470,ZAAUTO2024-1,0,Current,Current,1704312.02,0,0,3/8/2024,41162.4,FALSE,Same,FALSE,FALSE,Standard,0,Static
4/30/2024,ZAAUTO2024-1-00470,ZAAUTO2024-1,0,Current,Current,1629525.02,0,0,4/22/2024,37712.68,FALSE,Same,FALSE,FALSE,Standard,0,Static
5/30/2024,ZAAUTO2024-1-00470,ZAAUTO2024-1,0,Current,Current,1561892.42,0,0,5/29/2024,38525.76,FALSE,Same,FALSE,FALSE,Standard,0,Static
5/30/2024,ZAAUTO2024-1-00470,ZAAUTO2024-1,0,Current,Current,1593407.52,0,0,5/21/2024,35978.03,FALSE,Same,FALSE,FALSE,Standard,0,Static
6/30/2024,ZAAUTO2024-1-00470,ZAAUTO2024-1,4,1-29 DPD,Current,1530906.25,39705.14,1,6/2/2024,15842.06,FALSE,Worse,FALSE,FALSE,SMA-0,1,Roll
7/30/2024,ZAAUTO2024-1-00470,ZAAUTO2024-1,0,Current,1-29 DPD,1489652.02,0,0,6/26/2024,38336.03,TRUE,Better,FALSE,FALSE,Standard,0,Cure
8/30/2024,ZAAUTO2024-1-00470,ZAAUTO2024-1,0,Current,Current,1447122.82,0,0,8/7/2024,41426.36,FALSE,Same,FALSE,FALSE,Standard,0,Static
9/30/2024,ZAAUTO2024-1-00470,ZAAUTO2024-1,0,Current,Current,1390817.8,0,0,9/11/2024,36131.84,FALSE,Same,FALSE,FALSE,Standard,0,Static
10/30/2024,ZAAUTO2024-1-00470,ZAAUTO2024-1,0,Current,Current,1438461.63,0,0,10/13/2024,41651.27,FALSE,Same,FALSE,FALSE,Standard,0,Static
12/30/2023,ZAAUTO2024-1-00471,ZAAUTO2024-1,0,Current,Current,483608.09,0,0,12/24/2023,15482.01,FALSE,Same,FALSE,FALSE,Standard,0,Static
1/30/2024,ZAAUTO2024-1-00471,ZAAUTO2024-1,0,Current,Current,446409.2,0,0,1/16/2024,14534.23,FALSE,Same,FALSE,FALSE,Standard,0,Static
2/28/2024,ZAAUTO2024-1-00471,ZAAUTO2024-1,0,Current,Current,458364.35,0,0,2/27/2024,15873.8,FALSE,Same,FALSE,FALSE,Standard,0,Static
3/30/2024,ZAAUTO2024-1-00471,ZAAUTO2024-1,0,Current,Current,430119.59,0,0,2/24/2024,15025.34,FALSE,Same,FALSE,FALSE,Standard,0,Static
4/30/2024,ZAAUTO2024-1-00471,ZAAUTO2024-1,0,Current,Current,426577.88,0,0,4/13/2024,14528.18,FALSE,Same,FALSE,FALSE,Standard,0,Static
5/30/2024,ZAAUTO2024-1-00471,ZAAUTO2024-1,0,Current,Current,409017.72,0,0,4/30/2024,14826.93,FALSE,Same,FALSE,FALSE,Standard,0,Static
5/30/2024,ZAAUTO2024-1-00471,ZAAUTO2024-1,0,Current,Current,400287.99,0,0,5/24/2024,16138.83,FALSE,Same,FALSE,FALSE,Standard,0,Static
6/30/2024,ZAAUTO2024-1-00471,ZAAUTO2024-1,0,Current,Current,386729.57,0,0,6/30/2024,15042.32,FALSE,Same,FALSE,FALSE,Standard,0,Static
7/30/2024,ZAAUTO2024-1-00471,ZAAUTO2024-1,0,Current,Current,368236.74,0,0,7/17/2024,15686.18,FALSE,Same,FALSE,FALSE,Standard,0,Static
8/30/2024,ZAAUTO2024-1-00471,ZAAUTO2024-1,0,Current,Current,368915.1,0,0,8/25/2024,15013.06,FALSE,Same,FALSE,FALSE,Standard,0,Static
9/30/2024,ZAAUTO2024-1-00471,ZAAUTO2024-1,0,Current,Current,365798.2,0,0,8/28/2024,16313.23,FALSE,Same,FALSE,FALSE,Standard,0,Static
10/30/2024,ZAAUTO2024-1-00471,ZAAUTO2024-1,0,Current,Current,349408.14,0,0,10/25/2024,15242.11,FALSE,Same,FALSE,FALSE,Standard,0,Static
12/30/2023,ZAAUTO2024-1-00472,ZAAUTO2024-1,0,Current,Current,754663.08,0,0,12/22/2023,18662.47,FALSE,Same,FALSE,FALSE,Standard,0,Static
1/30/2024,ZAAUTO2024-1-00472,ZAAUTO2024-1,0,Current,Current,739606.39,0,0,12/31/2023,17677.02,FALSE,Same,FALSE,FALSE,Standard,0,Static
2/28/2024,ZAAUTO2024-1-00472,ZAAUTO2024-1,0,Current,Current,750395.18,0,0,2/27/2024,20166.19,FALSE,Same,FALSE,FALSE,Standard,0,Static
3/30/2024,ZAAUTO2024-1-00472,ZAAUTO2024-1,0,Current,Current,748713.34,0,0,3/16/2024,18695.28,FALSE,Same,FALSE,FALSE,Standard,0,Static
4/30/2024,ZAAUTO2024-1-00472,ZAAUTO2024-1,0,Current,Current,730468.68,0,0,4/27/2024,17436.85,FALSE,Same,FALSE,FALSE,Standard,0,Static
5/30/2024,ZAAUTO2024-1-00472,ZAAUTO2024-1,0,Current,Current,714400.5,0,0,5/3/2024,18247.02,FALSE,Same,FALSE,FALSE,Standard,0,Static
5/30/2024,ZAAUTO2024-1-00472,ZAAUTO2024-1,0,Current,Current,672855.59,0,0,4/26/2024,19146.4,FALSE,Same,FALSE,FALSE,Standard,0,Static
6/30/2024,ZAAUTO2024-1-00472,ZAAUTO2024-1,0,Current,Current,666454.35,0,0,5/26/2024,18143.63,FALSE,Same,FALSE,FALSE,Standard,0,Static
7/30/2024,ZAAUTO2024-1-00472,ZAAUTO2024-1,0,Current,Current,652370,0,0,7/2/2024,19011.31,FALSE,Same,FALSE,FALSE,Standard,0,Static
8/30/2024,ZAAUTO2024-1-00472,ZAAUTO2024-1,0,Current,Current,648203.65,0,0,8/26/2024,19144.77,FALSE,Same,FALSE,FALSE,Standard,0,Static
9/30/2024,ZAAUTO2024-1-00472,ZAAUTO2024-1,0,Current,Current,621566.06,0,0,8/30/2024,18240.09,FALSE,Same,FALSE,FALSE,Standard,0,Static
10/30/2024,ZAAUTO2024-1-00472,ZAAUTO2024-1,0,Current,Current,596146.63,0,0,9/27/2024,17556.69,FALSE,Same,FALSE,FALSE,Standard,0,Static
12/30/2023,ZAAUTO2024-1-00473,ZAAUTO2024-1,0,Current,Current,1001414.9,0,0,12/11/2023,32023.09,FALSE,Same,FALSE,FALSE,Standard,0,Static
1/30/2024,ZAAUTO2024-1-00473,ZAAUTO2024-1,0,Current,Current,1008771.2,0,0,1/6/2024,31007.81,FALSE,Same,FALSE,FALSE,Standard,0,Static
2/28/2024,ZAAUTO2024-1-00473,ZAAUTO2024-1,0,Current,Current,974783.67,0,0,2/15/2024,32706.5,FALSE,Same,FALSE,FALSE,Standard,0,Static
3/30/2024,ZAAUTO2024-1-00473,ZAAUTO2024-1,0,Current,Current,933670.91,0,0,3/2/2024,32231.38,FALSE,Same,FALSE,FALSE,Standard,0,Static
4/30/2024,ZAAUTO2024-1-00473,ZAAUTO2024-1,0,Current,Current,909625.7,0,0,4/21/2024,34988.76,FALSE,Same,FALSE,FALSE,Standard,0,Static
5/30/2024,ZAAUTO2024-1-00473,ZAAUTO2024-1,0,Current,Current,897336.31,0,0,5/5/2024,30563.51,FALSE,Same,FALSE,FALSE,Standard,0,Static
5/30/2024,ZAAUTO2024-1-00473,ZAAUTO2024-1,0,Current,Current,847261.07,0,0,5/5/2024,33589.98,FALSE,Same,FALSE,FALSE,Standard,0,Static
6/30/2024,ZAAUTO2024-1-00473,ZAAUTO2024-1,0,Current,Current,821919.14,0,0,6/29/2024,33342.51,FALSE,Same,FALSE,FALSE,Standard,0,Static
7/30/2024,ZAAUTO2024-1-00473,ZAAUTO2024-1,0,Current,Current,809019.37,0,0,7/25/2024,32915.91,FALSE,Same,FALSE,FALSE,Standard,0,Static
8/30/2024,ZAAUTO2024-1-00473,ZAAUTO2024-1,0,Current,Current,813754.97,0,0,8/24/2024,30942.64,FALSE,Same,FALSE,FALSE,Standard,0,Static
9/30/2024,ZAAUTO2024-1-00473,ZAAUTO2024-1,0,Current,Current,777726.14,0,0,8/27/2024,32794.31,FALSE,Same,FALSE,FALSE,Standard,0,Static
10/30/2024,ZAAUTO2024-1-00473,ZAAUTO2024-1,0,Current,Current,745670.31,0,0,10/24/2024,32732.72,FALSE,Same,FALSE,FALSE,Standard,0,Static
12/30/2023,ZAAUTO2024-1-00474,ZAAUTO2024-1,0,Current,Current,620977.33,0,0,11/30/2023,14168.24,FALSE,Same,FALSE,FALSE,Standard,0,Static
1/30/2024,ZAAUTO2024-1-00474,ZAAUTO2024-1,0,Current,Current,630582.41,0,0,1/21/2024,13349.59,FALSE,Same,FALSE,FALSE,Standard,0,Static
2/28/2024,ZAAUTO2024-1-00474,ZAAUTO2024-1,0,Current,Current,620207.57,0,0,2/14/2024,13007.43,FALSE,Same,FALSE,FALSE,Standard,0,Static
3/30/2024,ZAAUTO2024-1-00474,ZAAUTO2024-1,29,1-29 DPD,Current,613350.97,13932.77,1,3/3/2024,5528.69,FALSE,Worse,FALSE,FALSE,SMA-0,1,Roll
4/30/2024,ZAAUTO2024-1-00474,ZAAUTO2024-1,0,Current,1-29 DPD,597957.41,0,0,4/1/2024,14464.97,TRUE,Better,FALSE,FALSE,Standard,0,Cure
5/30/2024,ZAAUTO2024-1-00474,ZAAUTO2024-1,0,Current,Current,571715,0,0,5/10/2024,12631.95,FALSE,Same,FALSE,FALSE,Standard,0,Static
5/30/2024,ZAAUTO2024-1-00474,ZAAUTO2024-1,0,Current,Current,570937.53,0,0,5/1/2024,13607.51,FALSE,Same,FALSE,FALSE,Standard,0,Static
6/30/2024,ZAAUTO2024-1-00474,ZAAUTO2024-1,0,Current,Current,556818.83,0,0,5/28/2024,14175.77,FALSE,Same,FALSE,FALSE,Standard,0,Static
7/30/2024,ZAAUTO2024-1-00474,ZAAUTO2024-1,0,Current,Current,563441.46,0,0,7/18/2024,13246.55,FALSE,Same,FALSE,FALSE,Standard,0,Static
8/30/2024,ZAAUTO2024-1-00474,ZAAUTO2024-1,0,Current,Current,545423.01,0,0,8/30/2024,14212.19,FALSE,Same,FALSE,FALSE,Standard,0,Static
9/30/2024,ZAAUTO2024-1-00474,ZAAUTO2024-1,0,Current,Current,524916.59,0,0,9/24/2024,14140.25,FALSE,Same,FALSE,FALSE,Standard,0,Static
10/30/2024,ZAAUTO2024-1-00474,ZAAUTO2024-1,0,Current,Current,528485.17,0,0,10/17/2024,12748.8,FALSE,Same,FALSE,FALSE,Standard,0,Static
12/30/2023,ZAAUTO2024-1-00475,ZAAUTO2024-1,0,Current,Current,814591.37,0,0,11/27/2023,21239.84,FALSE,Same,FALSE,FALSE,Standard,0,Static
1/30/2024,ZAAUTO2024-1-00475,ZAAUTO2024-1,0,Current,Current,805811.69,0,0,1/14/2024,20464.11,FALSE,Same,FALSE,FALSE,Standard,0,Static
2/28/2024,ZAAUTO2024-1-00475,ZAAUTO2024-1,0,Current,Current,767286.87,0,0,1/27/2024,22132.07,FALSE,Same,FALSE,FALSE,Standard,0,Static
3/30/2024,ZAAUTO2024-1-00475,ZAAUTO2024-1,0,Current,Current,739979.26,0,0,3/26/2024,21366.85,FALSE,Same,FALSE,FALSE,Standard,0,Static
4/30/2024,ZAAUTO2024-1-00475,ZAAUTO2024-1,0,Current,Current,737988.35,0,0,3/31/2024,23532.22,FALSE,Same,FALSE,FALSE,Standard,0,Static
5/30/2024,ZAAUTO2024-1-00475,ZAAUTO2024-1,0,Current,Current,742871.46,0,0,5/24/2024,22860.44,FALSE,Same,FALSE,FALSE,Standard,0,Static
5/30/2024,ZAAUTO2024-1-00475,ZAAUTO2024-1,0,Current,Current,744135.03,0,0,5/10/2024,23193.19,FALSE,Same,FALSE,FALSE,Standard,0,Static
6/30/2024,ZAAUTO2024-1-00475,ZAAUTO2024-1,0,Current,Current,693373.53,0,0,5/27/2024,23665.97,FALSE,Same,FALSE,FALSE,Standard,0,Static
7/30/2024,ZAAUTO2024-1-00475,ZAAUTO2024-1,0,Current,Current,676271.87,0,0,7/5/2024,23085.89,FALSE,Same,FALSE,FALSE,Standard,0,Static
8/30/2024,ZAAUTO2024-1-00475,ZAAUTO2024-1,0,Current,Current,695553.31,0,0,8/26/2024,22830.35,FALSE,Same,FALSE,FALSE,Standard,0,Static
9/30/2024,ZAAUTO2024-1-00475,ZAAUTO2024-1,0,Current,Current,672884.25,0,0,9/2/2024,23286.33,FALSE,Same,FALSE,FALSE,Standard,0,Static
10/30/2024,ZAAUTO2024-1-00475,ZAAUTO2024-1,0,Current,Current,653431.53,0,0,10/2/2024,22133.19,FALSE,Same,FALSE,FALSE,Standard,0,Static
12/30/2023,ZAAUTO2024-1-00476,ZAAUTO2024-1,0,Current,Current,427184.81,0,0,12/16/2023,9118.33,FALSE,Same,FALSE,FALSE,Standard,0,Static
1/30/2024,ZAAUTO2024-1-00476,ZAAUTO2024-1,0,Current,Current,432689.48,0,0,1/3/2024,9298,FALSE,Same,FALSE,FALSE,Standard,0,Static
2/28/2024,ZAAUTO2024-1-00476,ZAAUTO2024-1,0,Current,Current,437570.26,0,0,2/24/2024,8600.33,FALSE,Same,FALSE,FALSE,Standard,0,Static
3/30/2024,ZAAUTO2024-1-00476,ZAAUTO2024-1,0,Current,Current,434043.98,0,0,3/10/2024,8664.19,FALSE,Same,FALSE,FALSE,Standard,0,Static
4/30/2024,ZAAUTO2024-1-00476,ZAAUTO2024-1,0,Current,Current,421497.06,0,0,3/29/2024,8907.73,FALSE,Same,FALSE,FALSE,Standard,0,Static
5/30/2024,ZAAUTO2024-1-00476,ZAAUTO2024-1,0,Current,Current,417499.25,0,0,5/8/2024,8801.28,FALSE,Same,FALSE,FALSE,Standard,0,Static
5/30/2024,ZAAUTO2024-1-00476,ZAAUTO2024-1,0,Current,Current,399736.29,0,0,5/2/2024,8967.25,FALSE,Same,FALSE,FALSE,Standard,0,Static
6/30/2024,ZAAUTO2024-1-00476,ZAAUTO2024-1,0,Current,Current,383247.11,0,0,6/21/2024,8908.59,FALSE,Same,FALSE,FALSE,Standard,0,Static
7/30/2024,ZAAUTO2024-1-00476,ZAAUTO2024-1,0,Current,Current,378372.97,0,0,6/28/2024,8548.85,FALSE,Same,FALSE,FALSE,Standard,0,Static
8/30/2024,ZAAUTO2024-1-00476,ZAAUTO2024-1,0,Current,Current,380224.28,0,0,8/17/2024,8972.94,FALSE,Same,FALSE,FALSE,Standard,0,Static
9/30/2024,ZAAUTO2024-1-00476,ZAAUTO2024-1,0,Current,Current,361973.55,0,0,9/25/2024,8465.85,FALSE,Same,FALSE,FALSE,Standard,0,Static
10/30/2024,ZAAUTO2024-1-00476,ZAAUTO2024-1,0,Current,Current,361099.67,0,0,10/11/2024,8881.83,FALSE,Same,FALSE,FALSE,Standard,0,Static
12/30/2023,ZAAUTO2024-1-00477,ZAAUTO2024-1,0,Current,Current,1339600,0,0,12/29/2023,31170.56,FALSE,Same,FALSE,FALSE,Standard,0,Static
1/30/2024,ZAAUTO2024-1-00477,ZAAUTO2024-1,0,Current,Current,1337618.52,0,0,1/11/2024,28231.08,FALSE,Same,FALSE,FALSE,Standard,0,Static
2/28/2024,ZAAUTO2024-1-00477,ZAAUTO2024-1,0,Current,Current,1269396.94,0,0,1/29/2024,30103.91,FALSE,Same,FALSE,FALSE,Standard,0,Static
3/30/2024,ZAAUTO2024-1-00477,ZAAUTO2024-1,0,Current,Current,1250167.89,0,0,3/23/2024,28472.22,FALSE,Same,FALSE,FALSE,Standard,0,Static
4/30/2024,ZAAUTO2024-1-00477,ZAAUTO2024-1,0,Current,Current,1251987.57,0,0,4/8/2024,29366.91,FALSE,Same,FALSE,FALSE,Standard,0,Static
5/30/2024,ZAAUTO2024-1-00477,ZAAUTO2024-1,0,Current,Current,1233580.09,0,0,4/29/2024,28123.83,FALSE,Same,FALSE,FALSE,Standard,0,Static
5/30/2024,ZAAUTO2024-1-00477,ZAAUTO2024-1,0,Current,Current,1237604.83,0,0,5/23/2024,28828.12,FALSE,Same,FALSE,FALSE,Standard,0,Static
6/30/2024,ZAAUTO2024-1-00477,ZAAUTO2024-1,0,Current,Current,1176086.26,0,0,6/9/2024,26981.39,FALSE,Same,FALSE,FALSE,Standard,0,Static
7/30/2024,ZAAUTO2024-1-00477,ZAAUTO2024-1,0,Current,Current,1133237.59,0,0,7/20/2024,27267.64,FALSE,Same,FALSE,FALSE,Standard,0,Static
8/30/2024,ZAAUTO2024-1-00477,ZAAUTO2024-1,0,Current,Current,1154707.99,0,0,8/5/2024,29455.64,FALSE,Same,FALSE,FALSE,Standard,0,Static
9/30/2024,ZAAUTO2024-1-00477,ZAAUTO2024-1,3,1-29 DPD,Current,1133179.78,29913.87,1,9/12/2024,15996.27,FALSE,Worse,FALSE,FALSE,SMA-0,1,Roll
10/30/2024,ZAAUTO2024-1-00477,ZAAUTO2024-1,0,Current,1-29 DPD,1070380.11,0,0,10/11/2024,30681.66,TRUE,Better,FALSE,FALSE,Standard,0,Cure
12/30/2023,ZAAUTO2024-1-00478,ZAAUTO2024-1,0,Current,Current,817364.5,0,0,12/22/2023,39910.41,FALSE,Same,FALSE,FALSE,Standard,0,Static
1/30/2024,ZAAUTO2024-1-00478,ZAAUTO2024-1,0,Current,Current,769249.77,0,0,1/15/2024,42567.1,FALSE,Same,FALSE,FALSE,Standard,0,Static
2/28/2024,ZAAUTO2024-1-00478,ZAAUTO2024-1,0,Current,Current,776899.24,0,0,2/27/2024,41595.08,FALSE,Same,FALSE,FALSE,Standard,0,Static
3/30/2024,ZAAUTO2024-1-00478,ZAAUTO2024-1,0,Current,Current,739518.87,0,0,3/8/2024,42555.81,FALSE,Same,FALSE,FALSE,Standard,0,Static
4/30/2024,ZAAUTO2024-1-00478,ZAAUTO2024-1,83,60-89 DPD,Current,700521.62,81416.4,2,4/6/2024,17270.38,FALSE,Worse,FALSE,FALSE,SMA-2,1,Roll
5/30/2024,ZAAUTO2024-1-00478,ZAAUTO2024-1,65,60-89 DPD,60-89 DPD,686769.99,81416.4,2,5/18/2024,10151.39,FALSE,Same,FALSE,FALSE,SMA-2,2,Static
5/30/2024,ZAAUTO2024-1-00478,ZAAUTO2024-1,74,60-89 DPD,60-89 DPD,685294.76,81416.4,2,5/6/2024,24179.39,FALSE,Same,FALSE,FALSE,SMA-2,3,Static
6/30/2024,ZAAUTO2024-1-00478,ZAAUTO2024-1,225,120+ DPD,60-89 DPD,665456.5,284957.4,7,6/26/2024,36.53,FALSE,Worse,FALSE,FALSE,NPA,4,Roll
7/30/2024,ZAAUTO2024-1-00478,ZAAUTO2024-1,200,120+ DPD,120+ DPD,661164.43,244249.2,6,7/15/2024,6787.32,FALSE,Same,FALSE,FALSE,NPA,5,Static
8/30/2024,ZAAUTO2024-1-00478,ZAAUTO2024-1,327,120+ DPD,120+ DPD,651219.43,407082,10,8/28/2024,3283.38,FALSE,Same,FALSE,FALSE,NPA,6,Static
9/30/2024,ZAAUTO2024-1-00478,ZAAUTO2024-1,221,Default,120+ DPD,596348.35,284957.4,7,9/16/2024,6562.12,FALSE,Worse,FALSE,FALSE,NPA,7,Roll
10/30/2024,ZAAUTO2024-1-00478,ZAAUTO2024-1,692,Default,Default,595411.38,936288.6,23,10/26/2024,21973.74,FALSE,Same,FALSE,TRUE,NPA,8,Static
12/30/2023,ZAAUTO2024-1-00479,ZAAUTO2024-1,0,Current,Current,163800,0,0,12/13/2023,2972.45,FALSE,Same,FALSE,FALSE,Standard,0,Static
1/30/2024,ZAAUTO2024-1-00479,ZAAUTO2024-1,0,Current,Current,163800,0,0,1/12/2024,2629,FALSE,Same,FALSE,FALSE,Standard,0,Static
2/28/2024,ZAAUTO2024-1-00479,ZAAUTO2024-1,0,Current,Current,163800,0,0,2/13/2024,2956.14,FALSE,Same,FALSE,FALSE,Standard,0,Static
3/30/2024,ZAAUTO2024-1-00479,ZAAUTO2024-1,0,Current,Current,163800,0,0,3/1/2024,2749.89,FALSE,Same,FALSE,FALSE,Standard,0,Static
4/30/2024,ZAAUTO2024-1-00479,ZAAUTO2024-1,0,Current,Current,163800,0,0,4/7/2024,2806.7,FALSE,Same,FALSE,FALSE,Standard,0,Static
5/30/2024,ZAAUTO2024-1-00479,ZAAUTO2024-1,0,Current,Current,161518.99,0,0,5/6/2024,2972.14,FALSE,Same,FALSE,FALSE,Standard,0,Static
5/30/2024,ZAAUTO2024-1-00479,ZAAUTO2024-1,0,Current,Current,156871.76,0,0,5/6/2024,2724.72,FALSE,Same,FALSE,FALSE,Standard,0,Static
6/30/2024,ZAAUTO2024-1-00479,ZAAUTO2024-1,0,Current,Current,161764.52,0,0,6/6/2024,2712.44,FALSE,Same,FALSE,FALSE,Standard,0,Static
7/30/2024,ZAAUTO2024-1-00479,ZAAUTO2024-1,0,Current,Current,157254.69,0,0,7/8/2024,2937.91,FALSE,Same,FALSE,FALSE,Standard,0,Static
8/30/2024,ZAAUTO2024-1-00479,ZAAUTO2024-1,0,Current,Current,155646.73,0,0,8/9/2024,2772.56,FALSE,Same,FALSE,FALSE,Standard,0,Static
9/30/2024,ZAAUTO2024-1-00479,ZAAUTO2024-1,0,Current,Current,154442.44,0,0,9/19/2024,2829.25,FALSE,Same,FALSE,FALSE,Standard,0,Static
10/30/2024,ZAAUTO2024-1-00479,ZAAUTO2024-1,0,Current,Current,148591.82,0,0,10/14/2024,2971.42,FALSE,Same,FALSE,FALSE,Standard,0,Static
12/30/2023,ZAAUTO2024-1-00480,ZAAUTO2024-1,0,Current,Current,600000,0,0,12/17/2023,15169.7,FALSE,Same,FALSE,FALSE,Standard,0,Static
1/30/2024,ZAAUTO2024-1-00480,ZAAUTO2024-1,0,Current,Current,600000,0,0,1/13/2024,15053.67,FALSE,Same,FALSE,FALSE,Standard,0,Static
2/28/2024,ZAAUTO2024-1-00480,ZAAUTO2024-1,22,1-29 DPD,Current,600000,14803.15,1,1/24/2024,3546.81,FALSE,Worse,FALSE,FALSE,SMA-0,1,Roll
3/30/2024,ZAAUTO2024-1-00480,ZAAUTO2024-1,5,1-29 DPD,1-29 DPD,600000,14803.15,1,2/25/2024,2031.23,FALSE,Same,FALSE,FALSE,SMA-0,2,Static
4/30/2024,ZAAUTO2024-1-00480,ZAAUTO2024-1,0,Current,1-29 DPD,600000,0,0,3/31/2024,14999.35,TRUE,Better,FALSE,FALSE,Standard,0,Cure
5/30/2024,ZAAUTO2024-1-00480,ZAAUTO2024-1,0,Current,Current,600000,0,0,5/26/2024,13883.93,FALSE,Same,FALSE,FALSE,Standard,0,Static
5/30/2024,ZAAUTO2024-1-00480,ZAAUTO2024-1,0,Current,Current,600000,0,0,5/6/2024,14946.48,FALSE,Same,FALSE,FALSE,Standard,0,Static
6/30/2024,ZAAUTO2024-1-00480,ZAAUTO2024-1,0,Current,Current,600000,0,0,6/7/2024,14847.5,FALSE,Same,FALSE,FALSE,Standard,0,Static
7/30/2024,ZAAUTO2024-1-00480,ZAAUTO2024-1,0,Current,Current,582281.25,0,0,7/18/2024,13653.28,FALSE,Same,FALSE,FALSE,Standard,0,Static
8/30/2024,ZAAUTO2024-1-00480,ZAAUTO2024-1,0,Current,Current,565288.93,0,0,8/14/2024,14869.8,FALSE,Same,FALSE,FALSE,Standard,0,Static
9/30/2024,ZAAUTO2024-1-00480,ZAAUTO2024-1,0,Current,Current,576869.8,0,0,8/28/2024,14470.95,FALSE,Same,FALSE,FALSE,Standard,0,Static
10/30/2024,ZAAUTO2024-1-00480,ZAAUTO2024-1,19,1-29 DPD,Current,577396.61,14803.15,1,10/17/2024,564.25,FALSE,Worse,FALSE,FALSE,SMA-0,1,Roll
12/30/2023,ZAAUTO2024-1-00481,ZAAUTO2024-1,0,Current,Current,546700,0,0,12/27/2023,17028.48,FALSE,Same,FALSE,FALSE,Standard,0,Static
1/30/2024,ZAAUTO2024-1-00481,ZAAUTO2024-1,0,Current,Current,546700,0,0,12/31/2023,19443.56,FALSE,Same,FALSE,FALSE,Standard,0,Static
2/28/2024,ZAAUTO2024-1-00481,ZAAUTO2024-1,0,Current,Current,522647.49,0,0,2/15/2024,18375.12,FALSE,Same,FALSE,FALSE,Standard,0,Static
3/30/2024,ZAAUTO2024-1-00481,ZAAUTO2024-1,0,Current,Current,523809.27,0,0,3/26/2024,17447.96,FALSE,Same,FALSE,FALSE,Standard,0,Static
4/30/2024,ZAAUTO2024-1-00481,ZAAUTO2024-1,0,Current,Current,519862.39,0,0,3/27/2024,17901.27,FALSE,Same,FALSE,FALSE,Standard,0,Static
5/30/2024,ZAAUTO2024-1-00481,ZAAUTO2024-1,0,Current,Current,519065.9,0,0,5/30/2024,18105.98,FALSE,Same,FALSE,FALSE,Standard,0,Static
5/30/2024,ZAAUTO2024-1-00481,ZAAUTO2024-1,0,Current,Current,507934.33,0,0,4/25/2024,18022.85,FALSE,Same,FALSE,FALSE,Standard,0,Static
6/30/2024,ZAAUTO2024-1-00481,ZAAUTO2024-1,0,Current,Current,482017.51,0,0,6/5/2024,18510.7,FALSE,Same,FALSE,FALSE,Standard,0,Static
7/30/2024,ZAAUTO2024-1-00481,ZAAUTO2024-1,0,Current,Current,483768.99,0,0,7/11/2024,17109.35,FALSE,Same,FALSE,FALSE,Standard,0,Static
8/30/2024,ZAAUTO2024-1-00481,ZAAUTO2024-1,0,Current,Current,490896.02,0,0,8/27/2024,17884.5,FALSE,Same,FALSE,FALSE,Standard,0,Static
9/30/2024,ZAAUTO2024-1-00481,ZAAUTO2024-1,0,Current,Current,475493.21,0,0,9/30/2024,17148.19,FALSE,Same,FALSE,FALSE,Standard,0,Static
10/30/2024,ZAAUTO2024-1-00481,ZAAUTO2024-1,0,Current,Current,463412.51,0,0,10/18/2024,17431.83,FALSE,Same,FALSE,FALSE,Standard,0,Static
12/30/2023,ZAAUTO2024-1-00482,ZAAUTO2024-1,0,Current,Current,331721.48,0,0,12/9/2023,9551.73,FALSE,Same,FALSE,FALSE,Standard,0,Static
1/30/2024,ZAAUTO2024-1-00482,ZAAUTO2024-1,1,1-29 DPD,Current,332990.32,9215.43,1,1/22/2024,930.02,FALSE,Worse,FALSE,FALSE,SMA-0,1,Roll
2/28/2024,ZAAUTO2024-1-00482,ZAAUTO2024-1,0,Current,1-29 DPD,327650.29,0,0,2/22/2024,8693.76,TRUE,Better,FALSE,FALSE,Standard,0,Cure
3/30/2024,ZAAUTO2024-1-00482,ZAAUTO2024-1,0,Current,Current,307609.15,0,0,3/5/2024,8859.06,FALSE,Same,FALSE,FALSE,Standard,0,Static
4/30/2024,ZAAUTO2024-1-00482,ZAAUTO2024-1,0,Current,Current,298457.27,0,0,4/10/2024,8398.1,FALSE,Same,FALSE,FALSE,Standard,0,Static
5/30/2024,ZAAUTO2024-1-00482,ZAAUTO2024-1,0,Current,Current,297994.58,0,0,5/21/2024,8320.28,FALSE,Same,FALSE,FALSE,Standard,0,Static
5/30/2024,ZAAUTO2024-1-00482,ZAAUTO2024-1,0,Current,Current,305234.6,0,0,5/5/2024,8880.56,FALSE,Same,FALSE,FALSE,Standard,0,Static
6/30/2024,ZAAUTO2024-1-00482,ZAAUTO2024-1,0,Current,Current,283218.98,0,0,5/28/2024,8488.31,FALSE,Same,FALSE,FALSE,Standard,0,Static
7/30/2024,ZAAUTO2024-1-00482,ZAAUTO2024-1,0,Current,Current,274296.45,0,0,7/22/2024,8678,FALSE,Same,FALSE,FALSE,Standard,0,Static
8/30/2024,ZAAUTO2024-1-00482,ZAAUTO2024-1,0,Current,Current,265678.67,0,0,8/10/2024,8614.73,FALSE,Same,FALSE,FALSE,Standard,0,Static
9/30/2024,ZAAUTO2024-1-00482,ZAAUTO2024-1,0,Current,Current,277163.9,0,0,9/22/2024,8548.49,FALSE,Same,FALSE,FALSE,Standard,0,Static
10/30/2024,ZAAUTO2024-1-00482,ZAAUTO2024-1,35,30-59 DPD,Current,252903.77,9215.43,1,10/6/2024,773.2,FALSE,Worse,FALSE,FALSE,SMA-1,1,Roll
12/30/2023,ZAAUTO2024-1-00483,ZAAUTO2024-1,0,Current,Current,532780.71,0,0,12/7/2023,14889.66,FALSE,Same,FALSE,FALSE,Standard,0,Static
1/30/2024,ZAAUTO2024-1-00483,ZAAUTO2024-1,0,Current,Current,509742.54,0,0,1/23/2024,16371.2,FALSE,Same,FALSE,FALSE,Standard,0,Static
2/28/2024,ZAAUTO2024-1-00483,ZAAUTO2024-1,0,Current,Current,488710.54,0,0,2/12/2024,15260.6,FALSE,Same,FALSE,FALSE,Standard,0,Static
3/30/2024,ZAAUTO2024-1-00483,ZAAUTO2024-1,0,Current,Current,500046.17,0,0,3/12/2024,15255.11,FALSE,Same,FALSE,FALSE,Standard,0,Static
4/30/2024,ZAAUTO2024-1-00483,ZAAUTO2024-1,0,Current,Current,464724.77,0,0,4/19/2024,15658.19,FALSE,Same,FALSE,FALSE,Standard,0,Static
5/30/2024,ZAAUTO2024-1-00483,ZAAUTO2024-1,0,Current,Current,454375.62,0,0,5/11/2024,15920.3,FALSE,Same,FALSE,FALSE,Standard,0,Static
5/30/2024,ZAAUTO2024-1-00483,ZAAUTO2024-1,14,1-29 DPD,Current,457005.93,16058.21,1,5/19/2024,2540.82,FALSE,Worse,FALSE,FALSE,SMA-0,1,Roll
6/30/2024,ZAAUTO2024-1-00483,ZAAUTO2024-1,17,1-29 DPD,1-29 DPD,432225.6,16058.21,1,6/18/2024,2578.52,FALSE,Same,FALSE,FALSE,SMA-0,2,Static
7/30/2024,ZAAUTO2024-1-00483,ZAAUTO2024-1,24,1-29 DPD,1-29 DPD,407756.17,16058.21,1,7/8/2024,2384.81,FALSE,Same,FALSE,FALSE,SMA-0,3,Static
8/30/2024,ZAAUTO2024-1-00483,ZAAUTO2024-1,25,1-29 DPD,1-29 DPD,406451.62,16058.21,1,7/31/2024,6022.82,FALSE,Same,FALSE,FALSE,SMA-0,4,Static
9/30/2024,ZAAUTO2024-1-00483,ZAAUTO2024-1,0,Current,1-29 DPD,404780.49,0,0,9/15/2024,15118.95,TRUE,Better,FALSE,FALSE,Standard,0,Cure
10/30/2024,ZAAUTO2024-1-00483,ZAAUTO2024-1,0,Current,Current,383168.46,0,0,10/7/2024,14879.57,FALSE,Same,FALSE,FALSE,Standard,0,Static
12/30/2023,ZAAUTO2024-1-00484,ZAAUTO2024-1,0,Current,Current,1058574.12,0,0,12/6/2023,35026.67,FALSE,Same,FALSE,FALSE,Standard,0,Static
1/30/2024,ZAAUTO2024-1-00484,ZAAUTO2024-1,0,Current,Current,1050633.74,0,0,1/15/2024,34583.31,FALSE,Same,FALSE,FALSE,Standard,0,Static
2/28/2024,ZAAUTO2024-1-00484,ZAAUTO2024-1,0,Current,Current,1045353.14,0,0,2/2/2024,32289.36,FALSE,Same,FALSE,FALSE,Standard,0,Static
3/30/2024,ZAAUTO2024-1-00484,ZAAUTO2024-1,4,1-29 DPD,Current,1011575.74,33548.32,1,3/7/2024,4411.78,FALSE,Worse,FALSE,FALSE,SMA-0,1,Roll
4/30/2024,ZAAUTO2024-1-00484,ZAAUTO2024-1,0,Current,1-29 DPD,1005844.53,0,0,4/7/2024,30994.89,TRUE,Better,FALSE,FALSE,Standard,0,Cure
5/30/2024,ZAAUTO2024-1-00484,ZAAUTO2024-1,0,Current,Current,1023612.68,0,0,5/13/2024,34842.3,FALSE,Same,FALSE,FALSE,Standard,0,Static
5/30/2024,ZAAUTO2024-1-00484,ZAAUTO2024-1,0,Current,Current,973514.45,0,0,5/10/2024,33549.61,FALSE,Same,FALSE,FALSE,Standard,0,Static
6/30/2024,ZAAUTO2024-1-00484,ZAAUTO2024-1,0,Current,Current,953904.92,0,0,5/26/2024,33115.01,FALSE,Same,FALSE,FALSE,Standard,0,Static
7/30/2024,ZAAUTO2024-1-00484,ZAAUTO2024-1,0,Current,Current,961878.47,0,0,7/4/2024,30834,FALSE,Same,FALSE,FALSE,Standard,0,Static
8/30/2024,ZAAUTO2024-1-00484,ZAAUTO2024-1,0,Current,Current,942069.66,0,0,7/26/2024,34663.26,FALSE,Same,FALSE,FALSE,Standard,0,Static
9/30/2024,ZAAUTO2024-1-00484,ZAAUTO2024-1,0,Current,Current,933452.71,0,0,9/21/2024,31651.01,FALSE,Same,FALSE,FALSE,Standard,0,Static
10/30/2024,ZAAUTO2024-1-00484,ZAAUTO2024-1,0,Current,Current,925560.63,0,0,10/6/2024,32678.68,FALSE,Same,FALSE,FALSE,Standard,0,Static
12/30/2023,ZAAUTO2024-1-00485,ZAAUTO2024-1,0,Current,Current,886828.63,0,0,12/17/2023,33520.9,FALSE,Same,FALSE,FALSE,Standard,0,Static
1/30/2024,ZAAUTO2024-1-00485,ZAAUTO2024-1,0,Current,Current,870552.31,0,0,12/26/2023,30566.59,FALSE,Same,FALSE,FALSE,Standard,0,Static
2/28/2024,ZAAUTO2024-1-00485,ZAAUTO2024-1,0,Current,Current,885248.55,0,0,2/13/2024,32209.9,FALSE,Same,FALSE,FALSE,Standard,0,Static
3/30/2024,ZAAUTO2024-1-00485,ZAAUTO2024-1,0,Current,Current,826927.49,0,0,3/24/2024,30879.44,FALSE,Same,FALSE,FALSE,Standard,0,Static
4/30/2024,ZAAUTO2024-1-00485,ZAAUTO2024-1,0,Current,Current,843936.43,0,0,4/12/2024,31711.21,FALSE,Same,FALSE,FALSE,Standard,0,Static
5/30/2024,ZAAUTO2024-1-00485,ZAAUTO2024-1,0,Current,Current,832840.8,0,0,5/15/2024,31954.66,FALSE,Same,FALSE,FALSE,Standard,0,Static
5/30/2024,ZAAUTO2024-1-00485,ZAAUTO2024-1,0,Current,Current,827998.59,0,0,4/26/2024,32782.6,FALSE,Same,FALSE,FALSE,Standard,0,Static
6/30/2024,ZAAUTO2024-1-00485,ZAAUTO2024-1,0,Current,Current,775303.52,0,0,6/24/2024,30691.98,FALSE,Same,FALSE,FALSE,Standard,0,Static
7/30/2024,ZAAUTO2024-1-00485,ZAAUTO2024-1,0,Current,Current,769849.14,0,0,6/28/2024,29382.18,FALSE,Same,FALSE,FALSE,Standard,0,Static
8/30/2024,ZAAUTO2024-1-00485,ZAAUTO2024-1,0,Current,Current,765283.31,0,0,7/29/2024,32147.22,FALSE,Same,FALSE,FALSE,Standard,0,Static
9/30/2024,ZAAUTO2024-1-00485,ZAAUTO2024-1,0,Current,Current,767476.52,0,0,9/25/2024,29120.99,FALSE,Same,FALSE,FALSE,Standard,0,Static
10/30/2024,ZAAUTO2024-1-00485,ZAAUTO2024-1,0,Current,Current,717723.04,0,0,10/17/2024,31269.16,FALSE,Same,FALSE,FALSE,Standard,0,Static
12/30/2023,ZAAUTO2024-1-00486,ZAAUTO2024-1,0,Current,Current,2442900,0,0,12/22/2023,40317.69,FALSE,Same,FALSE,FALSE,Standard,0,Static
1/30/2024,ZAAUTO2024-1-00486,ZAAUTO2024-1,0,Current,Current,2442900,0,0,1/17/2024,38620.97,FALSE,Same,FALSE,FALSE,Standard,0,Static
2/28/2024,ZAAUTO2024-1-00486,ZAAUTO2024-1,0,Current,Current,2442900,0,0,2/10/2024,40391.14,FALSE,Same,FALSE,FALSE,Standard,0,Static
3/30/2024,ZAAUTO2024-1-00486,ZAAUTO2024-1,0,Current,Current,2424980.64,0,0,3/11/2024,42820.11,FALSE,Same,FALSE,FALSE,Standard,0,Static
4/30/2024,ZAAUTO2024-1-00486,ZAAUTO2024-1,0,Current,Current,2432287.14,0,0,4/19/2024,39918.2,FALSE,Same,FALSE,FALSE,Standard,0,Static
5/30/2024,ZAAUTO2024-1-00486,ZAAUTO2024-1,0,Current,Current,2368288.9,0,0,5/21/2024,42603.38,FALSE,Same,FALSE,FALSE,Standard,0,Static
5/30/2024,ZAAUTO2024-1-00486,ZAAUTO2024-1,0,Current,Current,2442900,0,0,5/20/2024,40330.34,FALSE,Same,FALSE,FALSE,Standard,0,Static
6/30/2024,ZAAUTO2024-1-00486,ZAAUTO2024-1,0,Current,Current,2367663.26,0,0,6/8/2024,42615.92,FALSE,Same,FALSE,FALSE,Standard,0,Static
7/30/2024,ZAAUTO2024-1-00486,ZAAUTO2024-1,0,Current,Current,2249817.89,0,0,7/18/2024,41651.29,FALSE,Same,FALSE,FALSE,Standard,0,Static
8/30/2024,ZAAUTO2024-1-00486,ZAAUTO2024-1,0,Current,Current,2255452.92,0,0,8/11/2024,37948.8,FALSE,Same,FALSE,FALSE,Standard,0,Static
9/30/2024,ZAAUTO2024-1-00486,ZAAUTO2024-1,0,Current,Current,2209243.7,0,0,9/14/2024,41069.11,FALSE,Same,FALSE,FALSE,Standard,0,Static
10/30/2024,ZAAUTO2024-1-00486,ZAAUTO2024-1,0,Current,Current,2215360.77,0,0,10/23/2024,39023.08,FALSE,Same,FALSE,FALSE,Standard,0,Static
12/30/2023,ZAAUTO2024-1-00487,ZAAUTO2024-1,0,Current,Current,873053.86,0,0,12/23/2023,25632.08,FALSE,Same,FALSE,FALSE,Standard,0,Static
1/30/2024,ZAAUTO2024-1-00487,ZAAUTO2024-1,0,Current,Current,904300,0,0,1/24/2024,26213.94,FALSE,Same,FALSE,FALSE,Standard,0,Static
2/28/2024,ZAAUTO2024-1-00487,ZAAUTO2024-1,0,Current,Current,881529.41,0,0,2/27/2024,25975.07,FALSE,Same,FALSE,FALSE,Standard,0,Static
3/30/2024,ZAAUTO2024-1-00487,ZAAUTO2024-1,0,Current,Current,867341.55,0,0,3/15/2024,27904.42,FALSE,Same,FALSE,FALSE,Standard,0,Static
4/30/2024,ZAAUTO2024-1-00487,ZAAUTO2024-1,9,1-29 DPD,Current,851059.26,28324.96,1,4/28/2024,12940.29,FALSE,Worse,FALSE,FALSE,SMA-0,1,Roll
5/30/2024,ZAAUTO2024-1-00487,ZAAUTO2024-1,0,Current,1-29 DPD,799414.24,0,0,5/16/2024,26476.57,TRUE,Better,FALSE,FALSE,Standard,0,Cure
5/30/2024,ZAAUTO2024-1-00487,ZAAUTO2024-1,0,Current,Current,837761.97,0,0,5/17/2024,27515.88,FALSE,Same,FALSE,FALSE,Standard,0,Static
6/30/2024,ZAAUTO2024-1-00487,ZAAUTO2024-1,0,Current,Current,806606.3,0,0,5/31/2024,28283,FALSE,Same,FALSE,FALSE,Standard,0,Static
7/30/2024,ZAAUTO2024-1-00487,ZAAUTO2024-1,0,Current,Current,767420.9,0,0,7/13/2024,27759.08,FALSE,Same,FALSE,FALSE,Standard,0,Static
8/30/2024,ZAAUTO2024-1-00487,ZAAUTO2024-1,0,Current,Current,748605.46,0,0,8/28/2024,28999.91,FALSE,Same,FALSE,FALSE,Standard,0,Static
9/30/2024,ZAAUTO2024-1-00487,ZAAUTO2024-1,0,Current,Current,759573.09,0,0,9/14/2024,25868.95,FALSE,Same,FALSE,FALSE,Standard,0,Static
10/30/2024,ZAAUTO2024-1-00487,ZAAUTO2024-1,0,Current,Current,720617.1,0,0,10/26/2024,29167.52,FALSE,Same,FALSE,FALSE,Standard,0,Static
12/30/2023,ZAAUTO2024-1-00488,ZAAUTO2024-1,0,Current,Current,318100,0,0,12/27/2023,10950.54,FALSE,Same,FALSE,FALSE,Standard,0,Static
1/30/2024,ZAAUTO2024-1-00488,ZAAUTO2024-1,0,Current,Current,318100,0,0,1/20/2024,11022.83,FALSE,Same,FALSE,FALSE,Standard,0,Static
2/28/2024,ZAAUTO2024-1-00488,ZAAUTO2024-1,0,Current,Current,318100,0,0,1/26/2024,10492.27,FALSE,Same,FALSE,FALSE,Standard,0,Static
3/30/2024,ZAAUTO2024-1-00488,ZAAUTO2024-1,0,Current,Current,318100,0,0,3/4/2024,11074.32,FALSE,Same,FALSE,FALSE,Standard,0,Static
4/30/2024,ZAAUTO2024-1-00488,ZAAUTO2024-1,0,Current,Current,318100,0,0,3/27/2024,11191.72,FALSE,Same,FALSE,FALSE,Standard,0,Static
5/30/2024,ZAAUTO2024-1-00488,ZAAUTO2024-1,0,Current,Current,318100,0,0,5/26/2024,10994.91,FALSE,Same,FALSE,FALSE,Standard,0,Static
5/30/2024,ZAAUTO2024-1-00488,ZAAUTO2024-1,0,Current,Current,318100,0,0,5/15/2024,10060.8,FALSE,Same,FALSE,FALSE,Standard,0,Static
6/30/2024,ZAAUTO2024-1-00488,ZAAUTO2024-1,0,Current,Current,304911.44,0,0,6/18/2024,10006.17,FALSE,Same,FALSE,FALSE,Standard,0,Static
7/30/2024,ZAAUTO2024-1-00488,ZAAUTO2024-1,0,Current,Current,317299.1,0,0,7/9/2024,10077.4,FALSE,Same,FALSE,FALSE,Standard,0,Static
8/30/2024,ZAAUTO2024-1-00488,ZAAUTO2024-1,0,Current,Current,298769.36,0,0,8/21/2024,11187.18,FALSE,Same,FALSE,FALSE,Standard,0,Static
9/30/2024,ZAAUTO2024-1-00488,ZAAUTO2024-1,0,Current,Current,293051.87,0,0,9/18/2024,9713.35,FALSE,Same,FALSE,FALSE,Standard,0,Static
10/30/2024,ZAAUTO2024-1-00488,ZAAUTO2024-1,0,Current,Current,285348.11,0,0,9/30/2024,10498.11,FALSE,Same,FALSE,FALSE,Standard,0,Static
12/30/2023,ZAAUTO2024-1-00489,ZAAUTO2024-1,0,Current,Current,389357.52,0,0,12/23/2023,15308.65,FALSE,Same,FALSE,FALSE,Standard,0,Static
1/30/2024,ZAAUTO2024-1-00489,ZAAUTO2024-1,0,Current,Current,364663.36,0,0,1/24/2024,16245.65,FALSE,Same,FALSE,FALSE,Standard,0,Static
2/28/2024,ZAAUTO2024-1-00489,ZAAUTO2024-1,0,Current,Current,362286.08,0,0,2/27/2024,17265.83,FALSE,Same,FALSE,FALSE,Standard,0,Static
3/30/2024,ZAAUTO2024-1-00489,ZAAUTO2024-1,0,Current,Current,355120.99,0,0,3/1/2024,16457.99,FALSE,Same,FALSE,FALSE,Standard,0,Static
4/30/2024,ZAAUTO2024-1-00489,ZAAUTO2024-1,0,Current,Current,340606.61,0,0,3/28/2024,16178.23,FALSE,Same,FALSE,FALSE,Standard,0,Static
5/30/2024,ZAAUTO2024-1-00489,ZAAUTO2024-1,0,Current,Current,349750.54,0,0,5/12/2024,15034.07,FALSE,Same,FALSE,FALSE,Standard,0,Static
5/30/2024,ZAAUTO2024-1-00489,ZAAUTO2024-1,0,Current,Current,329978.13,0,0,4/26/2024,15940.65,FALSE,Same,FALSE,FALSE,Standard,0,Static
6/30/2024,ZAAUTO2024-1-00489,ZAAUTO2024-1,0,Current,Current,334830.23,0,0,6/10/2024,15144.38,FALSE,Same,FALSE,FALSE,Standard,0,Static
7/30/2024,ZAAUTO2024-1-00489,ZAAUTO2024-1,0,Current,Current,324254.45,0,0,7/26/2024,16713.65,FALSE,Same,FALSE,FALSE,Standard,0,Static
8/30/2024,ZAAUTO2024-1-00489,ZAAUTO2024-1,0,Current,Current,319929.16,0,0,8/3/2024,15982.75,FALSE,Same,FALSE,FALSE,Standard,0,Static
9/30/2024,ZAAUTO2024-1-00489,ZAAUTO2024-1,0,Current,Current,310615.96,0,0,8/30/2024,15746.16,FALSE,Same,FALSE,FALSE,Standard,0,Static
10/30/2024,ZAAUTO2024-1-00489,ZAAUTO2024-1,0,Current,Current,311048.64,0,0,10/18/2024,16300.51,FALSE,Same,FALSE,FALSE,Standard,0,Static
12/30/2023,ZAAUTO2024-1-00490,ZAAUTO2024-1,0,Current,Current,2204562.1,0,0,12/21/2023,36816.17,FALSE,Same,FALSE,FALSE,Standard,0,Static
1/30/2024,ZAAUTO2024-1-00490,ZAAUTO2024-1,0,Current,Current,2176402.32,0,0,1/27/2024,36558.44,FALSE,Same,FALSE,FALSE,Standard,0,Static
2/28/2024,ZAAUTO2024-1-00490,ZAAUTO2024-1,0,Current,Current,2135556.86,0,0,2/7/2024,37410.77,FALSE,Same,FALSE,FALSE,Standard,0,Static
3/30/2024,ZAAUTO2024-1-00490,ZAAUTO2024-1,2,1-29 DPD,Current,2128423.94,40111.51,1,3/3/2024,23244.1,FALSE,Worse,FALSE,FALSE,SMA-0,1,Roll
4/30/2024,ZAAUTO2024-1-00490,ZAAUTO2024-1,0,Current,1-29 DPD,2060693.69,0,0,4/26/2024,38546.28,TRUE,Better,FALSE,FALSE,Standard,0,Cure
5/30/2024,ZAAUTO2024-1-00490,ZAAUTO2024-1,0,Current,Current,2037257.21,0,0,5/8/2024,38128.81,FALSE,Same,FALSE,FALSE,Standard,0,Static
5/30/2024,ZAAUTO2024-1-00490,ZAAUTO2024-1,0,Current,Current,2111662.32,0,0,5/19/2024,40658.99,FALSE,Same,FALSE,FALSE,Standard,0,Static
6/30/2024,ZAAUTO2024-1-00490,ZAAUTO2024-1,0,Current,Current,2004805.96,0,0,6/11/2024,41475.83,FALSE,Same,FALSE,FALSE,Standard,0,Static
7/30/2024,ZAAUTO2024-1-00490,ZAAUTO2024-1,0,Current,Current,1901318.93,0,0,7/7/2024,37803.07,FALSE,Same,FALSE,FALSE,Standard,0,Static
8/30/2024,ZAAUTO2024-1-00490,ZAAUTO2024-1,0,Current,Current,1967267.94,0,0,8/26/2024,41721.41,FALSE,Same,FALSE,FALSE,Standard,0,Static
9/30/2024,ZAAUTO2024-1-00490,ZAAUTO2024-1,0,Current,Current,1898189.9,0,0,8/27/2024,39693.61,FALSE,Same,FALSE,FALSE,Standard,0,Static
10/30/2024,ZAAUTO2024-1-00490,ZAAUTO2024-1,0,Current,Current,1883615.6,0,0,9/27/2024,39263.42,FALSE,Same,FALSE,FALSE,Standard,0,Static
12/30/2023,ZAAUTO2024-1-00491,ZAAUTO2024-1,11,1-29 DPD,Current,685029.18,27908.01,1,12/8/2023,15724.71,FALSE,Worse,FALSE,FALSE,SMA-0,1,Roll
1/30/2024,ZAAUTO2024-1-00491,ZAAUTO2024-1,13,1-29 DPD,1-29 DPD,661718.37,27908.01,1,1/7/2024,13032.43,FALSE,Same,FALSE,FALSE,SMA-0,2,Static
2/28/2024,ZAAUTO2024-1-00491,ZAAUTO2024-1,0,Current,1-29 DPD,653537.08,0,0,2/19/2024,28682.75,TRUE,Better,FALSE,FALSE,Standard,0,Cure
3/30/2024,ZAAUTO2024-1-00491,ZAAUTO2024-1,0,Current,Current,635949.61,0,0,3/25/2024,27024.8,FALSE,Same,FALSE,FALSE,Standard,0,Static
4/30/2024,ZAAUTO2024-1-00491,ZAAUTO2024-1,13,1-29 DPD,Current,633613.96,27908.01,1,4/7/2024,6783.21,FALSE,Worse,FALSE,FALSE,SMA-0,1,Roll
5/30/2024,ZAAUTO2024-1-00491,ZAAUTO2024-1,0,Current,1-29 DPD,604295.17,0,0,5/6/2024,28775.8,TRUE,Better,FALSE,FALSE,Standard,0,Cure
5/30/2024,ZAAUTO2024-1-00491,ZAAUTO2024-1,16,1-29 DPD,Current,591982.93,27908.01,1,5/28/2024,1389.87,FALSE,Worse,FALSE,FALSE,SMA-0,1,Roll
6/30/2024,ZAAUTO2024-1-00491,ZAAUTO2024-1,0,Current,1-29 DPD,615496.36,0,0,6/13/2024,25582.85,TRUE,Better,FALSE,FALSE,Standard,0,Cure
7/30/2024,ZAAUTO2024-1-00491,ZAAUTO2024-1,0,Current,Current,576003.37,0,0,7/6/2024,27249.01,FALSE,Same,FALSE,FALSE,Standard,0,Static
8/30/2024,ZAAUTO2024-1-00491,ZAAUTO2024-1,0,Current,Current,593622.76,0,0,8/4/2024,28722.14,FALSE,Same,FALSE,FALSE,Standard,0,Static
9/30/2024,ZAAUTO2024-1-00491,ZAAUTO2024-1,0,Current,Current,552844.09,0,0,8/29/2024,26980.4,FALSE,Same,FALSE,FALSE,Standard,0,Static
10/30/2024,ZAAUTO2024-1-00491,ZAAUTO2024-1,55,30-59 DPD,Current,534290.67,27908.01,1,10/30/2024,57.44,FALSE,Worse,FALSE,FALSE,SMA-1,1,Roll
12/30/2023,ZAAUTO2024-1-00492,ZAAUTO2024-1,0,Current,Current,1650038.73,0,0,11/28/2023,52173.62,FALSE,Same,FALSE,FALSE,Standard,0,Static
1/30/2024,ZAAUTO2024-1-00492,ZAAUTO2024-1,0,Current,Current,1608410.98,0,0,1/20/2024,47669.78,FALSE,Same,FALSE,FALSE,Standard,0,Static
2/28/2024,ZAAUTO2024-1-00492,ZAAUTO2024-1,0,Current,Current,1574825.94,0,0,2/19/2024,47987.9,FALSE,Same,FALSE,FALSE,Standard,0,Static
3/30/2024,ZAAUTO2024-1-00492,ZAAUTO2024-1,0,Current,Current,1585127.54,0,0,3/12/2024,46685.05,FALSE,Same,FALSE,FALSE,Standard,0,Static
4/30/2024,ZAAUTO2024-1-00492,ZAAUTO2024-1,9,1-29 DPD,Current,1538659.88,51758.66,1,4/21/2024,16335.31,FALSE,Worse,FALSE,FALSE,SMA-0,1,Roll
5/30/2024,ZAAUTO2024-1-00492,ZAAUTO2024-1,12,1-29 DPD,1-29 DPD,1558291.74,51758.66,1,5/11/2024,992.21,FALSE,Same,FALSE,FALSE,SMA-0,2,Static
5/30/2024,ZAAUTO2024-1-00492,ZAAUTO2024-1,0,Current,1-29 DPD,1444137.52,0,0,5/28/2024,52221.56,TRUE,Better,FALSE,FALSE,Standard,0,Cure
6/30/2024,ZAAUTO2024-1-00492,ZAAUTO2024-1,0,Current,Current,1436336.61,0,0,6/2/2024,51282.53,FALSE,Same,FALSE,FALSE,Standard,0,Static
7/30/2024,ZAAUTO2024-1-00492,ZAAUTO2024-1,0,Current,Current,1355762.89,0,0,7/7/2024,53491.85,FALSE,Same,FALSE,FALSE,Standard,0,Static
8/30/2024,ZAAUTO2024-1-00492,ZAAUTO2024-1,0,Current,Current,1318415.19,0,0,8/23/2024,53849.81,FALSE,Same,FALSE,FALSE,Standard,0,Static
9/30/2024,ZAAUTO2024-1-00492,ZAAUTO2024-1,41,30-59 DPD,Current,1335473.7,51758.66,1,9/10/2024,6032.16,FALSE,Worse,FALSE,FALSE,SMA-1,1,Roll
10/30/2024,ZAAUTO2024-1-00492,ZAAUTO2024-1,54,30-59 DPD,30-59 DPD,1323252.37,51758.66,1,10/21/2024,5115.78,FALSE,Same,FALSE,FALSE,SMA-1,2,Static
12/30/2023,ZAAUTO2024-1-00493,ZAAUTO2024-1,20,1-29 DPD,Current,615563.02,36701.19,1,11/27/2023,5290.79,FALSE,Worse,FALSE,FALSE,SMA-0,1,Roll
1/30/2024,ZAAUTO2024-1-00493,ZAAUTO2024-1,0,Current,1-29 DPD,572387.11,0,0,12/27/2023,33125.72,TRUE,Better,FALSE,FALSE,Standard,0,Cure
2/28/2024,ZAAUTO2024-1-00493,ZAAUTO2024-1,0,Current,Current,554111.83,0,0,2/9/2024,33594.4,FALSE,Same,FALSE,FALSE,Standard,0,Static
3/30/2024,ZAAUTO2024-1-00493,ZAAUTO2024-1,0,Current,Current,546603.9,0,0,3/9/2024,34366.54,FALSE,Same,FALSE,FALSE,Standard,0,Static
4/30/2024,ZAAUTO2024-1-00493,ZAAUTO2024-1,0,Current,Current,522312.73,0,0,4/9/2024,37829.31,FALSE,Same,FALSE,FALSE,Standard,0,Static
5/30/2024,ZAAUTO2024-1-00493,ZAAUTO2024-1,0,Current,Current,508143.04,0,0,4/28/2024,37220.24,FALSE,Same,FALSE,FALSE,Standard,0,Static
5/30/2024,ZAAUTO2024-1-00493,ZAAUTO2024-1,0,Current,Current,490995.63,0,0,5/14/2024,34616.07,FALSE,Same,FALSE,FALSE,Standard,0,Static
6/30/2024,ZAAUTO2024-1-00493,ZAAUTO2024-1,0,Current,Current,490973.97,0,0,6/1/2024,34615.67,FALSE,Same,FALSE,FALSE,Standard,0,Static
7/30/2024,ZAAUTO2024-1-00493,ZAAUTO2024-1,0,Current,Current,485443.25,0,0,7/22/2024,36062.24,FALSE,Same,FALSE,FALSE,Standard,0,Static
8/30/2024,ZAAUTO2024-1-00493,ZAAUTO2024-1,0,Current,Current,445545.94,0,0,7/29/2024,36742.3,FALSE,Same,FALSE,FALSE,Standard,0,Static
9/30/2024,ZAAUTO2024-1-00493,ZAAUTO2024-1,0,Current,Current,452904.44,0,0,9/16/2024,33155.34,FALSE,Same,FALSE,FALSE,Standard,0,Static
10/30/2024,ZAAUTO2024-1-00493,ZAAUTO2024-1,0,Current,Current,414742.79,0,0,10/8/2024,35771.12,FALSE,Same,FALSE,FALSE,Standard,0,Static
12/30/2023,ZAAUTO2024-1-00494,ZAAUTO2024-1,0,Current,Current,1960500,0,0,12/2/2023,59130.53,FALSE,Same,FALSE,FALSE,Standard,0,Static
1/30/2024,ZAAUTO2024-1-00494,ZAAUTO2024-1,0,Current,Current,1960500,0,0,1/15/2024,64536.34,FALSE,Same,FALSE,FALSE,Standard,0,Static
2/28/2024,ZAAUTO2024-1-00494,ZAAUTO2024-1,72,60-89 DPD,Current,1944302.92,126133.4,2,2/28/2024,12068.56,FALSE,Worse,FALSE,FALSE,SMA-2,1,Roll
3/30/2024,ZAAUTO2024-1-00494,ZAAUTO2024-1,100,90-119 DPD,60-89 DPD,1909229.58,189200.1,3,3/8/2024,34622.35,FALSE,Worse,FALSE,FALSE,NPA,2,Roll
4/30/2024,ZAAUTO2024-1-00494,ZAAUTO2024-1,115,90-119 DPD,90-119 DPD,1856131.48,189200.1,3,4/11/2024,26407.52,FALSE,Same,FALSE,FALSE,NPA,3,Static
5/30/2024,ZAAUTO2024-1-00494,ZAAUTO2024-1,90,90-119 DPD,90-119 DPD,1850055.79,189200.1,3,5/13/2024,7059.91,FALSE,Same,FALSE,FALSE,SMA-2,4,Static
5/30/2024,ZAAUTO2024-1-00494,ZAAUTO2024-1,118,90-119 DPD,90-119 DPD,1845744.79,189200.1,3,5/4/2024,22807.8,FALSE,Same,FALSE,FALSE,NPA,5,Static
6/30/2024,ZAAUTO2024-1-00494,ZAAUTO2024-1,530,Default,90-119 DPD,1794694.45,1072133.9,17,6/27/2024,26089.58,FALSE,Worse,FALSE,TRUE,NPA,6,Roll
7/30/2024,ZAAUTO2024-1-00494,ZAAUTO2024-1,457,Default,Default,1806481.32,946000.5,15,6/27/2024,22996.78,FALSE,Same,FALSE,TRUE,NPA,7,Static
8/30/2024,ZAAUTO2024-1-00494,ZAAUTO2024-1,646,Default,Default,1719625.71,1324400.7,21,8/6/2024,2523.08,FALSE,Same,FALSE,TRUE,NPA,8,Static
9/30/2024,ZAAUTO2024-1-00494,ZAAUTO2024-1,139,Default,Default,1685896.78,252266.8,4,9/4/2024,17394.97,FALSE,Same,FALSE,FALSE,NPA,9,Static
10/30/2024,ZAAUTO2024-1-00494,ZAAUTO2024-1,329,Default,Default,1664738.22,630667,10,10/13/2024,14048.28,FALSE,Same,FALSE,FALSE,NPA,10,Static
12/30/2023,ZAAUTO2024-1-00495,ZAAUTO2024-1,0,Current,Current,1364600,0,0,12/29/2023,25303.2,FALSE,Same,FALSE,FALSE,Standard,0,Static
1/30/2024,ZAAUTO2024-1-00495,ZAAUTO2024-1,0,Current,Current,1364600,0,0,1/5/2024,25707.05,FALSE,Same,FALSE,FALSE,Standard,0,Static
2/28/2024,ZAAUTO2024-1-00495,ZAAUTO2024-1,0,Current,Current,1364600,0,0,2/3/2024,24462.87,FALSE,Same,FALSE,FALSE,Standard,0,Static
3/30/2024,ZAAUTO2024-1-00495,ZAAUTO2024-1,0,Current,Current,1364600,0,0,2/28/2024,26654.04,FALSE,Same,FALSE,FALSE,Standard,0,Static
4/30/2024,ZAAUTO2024-1-00495,ZAAUTO2024-1,0,Current,Current,1364600,0,0,4/30/2024,25378.87,FALSE,Same,FALSE,FALSE,Standard,0,Static
5/30/2024,ZAAUTO2024-1-00495,ZAAUTO2024-1,0,Current,Current,1364600,0,0,5/15/2024,26204.34,FALSE,Same,FALSE,FALSE,Standard,0,Static
5/30/2024,ZAAUTO2024-1-00495,ZAAUTO2024-1,0,Current,Current,1364600,0,0,5/19/2024,24139.7,FALSE,Same,FALSE,FALSE,Standard,0,Static
6/30/2024,ZAAUTO2024-1-00495,ZAAUTO2024-1,0,Current,Current,1364600,0,0,6/28/2024,24377.95,FALSE,Same,FALSE,FALSE,Standard,0,Static
7/30/2024,ZAAUTO2024-1-00495,ZAAUTO2024-1,0,Current,Current,1359868.84,0,0,7/22/2024,24509.7,FALSE,Same,FALSE,FALSE,Standard,0,Static
8/30/2024,ZAAUTO2024-1-00495,ZAAUTO2024-1,0,Current,Current,1364600,0,0,8/9/2024,24271.85,FALSE,Same,FALSE,FALSE,Standard,0,Static
9/30/2024,ZAAUTO2024-1-00495,ZAAUTO2024-1,0,Current,Current,1359074.23,0,0,9/24/2024,24586.69,FALSE,Same,FALSE,FALSE,Standard,0,Static
10/30/2024,ZAAUTO2024-1-00495,ZAAUTO2024-1,0,Current,Current,1288800.13,0,0,10/1/2024,24408.57,FALSE,Same,FALSE,FALSE,Standard,0,Static
12/30/2023,ZAAUTO2024-1-00496,ZAAUTO2024-1,0,Current,Current,2133530.22,0,0,12/21/2023,71755.15,FALSE,Same,FALSE,FALSE,Standard,0,Static
1/30/2024,ZAAUTO2024-1-00496,ZAAUTO2024-1,0,Current,Current,2112164.72,0,0,1/12/2024,68918.3,FALSE,Same,FALSE,FALSE,Standard,0,Static
2/28/2024,ZAAUTO2024-1-00496,ZAAUTO2024-1,0,Current,Current,2161174.99,0,0,2/23/2024,68520.77,FALSE,Same,FALSE,FALSE,Standard,0,Static
3/30/2024,ZAAUTO2024-1-00496,ZAAUTO2024-1,0,Current,Current,2062672.02,0,0,3/22/2024,70723.12,FALSE,Same,FALSE,FALSE,Standard,0,Static
4/30/2024,ZAAUTO2024-1-00496,ZAAUTO2024-1,0,Current,Current,1978097.3,0,0,4/13/2024,65248.69,FALSE,Same,FALSE,FALSE,Standard,0,Static
5/30/2024,ZAAUTO2024-1-00496,ZAAUTO2024-1,0,Current,Current,2023626.28,0,0,5/3/2024,69281.09,FALSE,Same,FALSE,FALSE,Standard,0,Static
5/30/2024,ZAAUTO2024-1-00496,ZAAUTO2024-1,0,Current,Current,1993441.53,0,0,5/25/2024,69826.38,FALSE,Same,FALSE,FALSE,Standard,0,Static
6/30/2024,ZAAUTO2024-1-00496,ZAAUTO2024-1,0,Current,Current,1843823.66,0,0,6/12/2024,75339.3,FALSE,Same,FALSE,FALSE,Standard,0,Static
7/30/2024,ZAAUTO2024-1-00496,ZAAUTO2024-1,0,Current,Current,1871300.65,0,0,7/22/2024,65315.75,FALSE,Same,FALSE,FALSE,Standard,0,Static
8/30/2024,ZAAUTO2024-1-00496,ZAAUTO2024-1,0,Current,Current,1764884.53,0,0,8/1/2024,70898.84,FALSE,Same,FALSE,FALSE,Standard,0,Static
9/30/2024,ZAAUTO2024-1-00496,ZAAUTO2024-1,0,Current,Current,1812443.59,0,0,9/23/2024,68922.05,FALSE,Same,FALSE,FALSE,Standard,0,Static
10/30/2024,ZAAUTO2024-1-00496,ZAAUTO2024-1,37,30-59 DPD,Current,1749779.73,72254.62,1,10/5/2024,16580.26,FALSE,Worse,FALSE,FALSE,SMA-1,1,Roll
12/30/2023,ZAAUTO2024-1-00497,ZAAUTO2024-1,0,Current,Current,950177.64,0,0,11/26/2023,23877.8,FALSE,Same,FALSE,FALSE,Standard,0,Static
1/30/2024,ZAAUTO2024-1-00497,ZAAUTO2024-1,0,Current,Current,988312.51,0,0,1/30/2024,21781.39,FALSE,Same,FALSE,FALSE,Standard,0,Static
2/28/2024,ZAAUTO2024-1-00497,ZAAUTO2024-1,0,Current,Current,919847.8,0,0,2/22/2024,23494.61,FALSE,Same,FALSE,FALSE,Standard,0,Static
3/30/2024,ZAAUTO2024-1-00497,ZAAUTO2024-1,2,1-29 DPD,Current,908748.94,23477.85,1,3/15/2024,9057.57,FALSE,Worse,FALSE,FALSE,SMA-0,1,Roll
4/30/2024,ZAAUTO2024-1-00497,ZAAUTO2024-1,7,1-29 DPD,1-29 DPD,910988.78,23477.85,1,4/16/2024,6894.16,FALSE,Same,FALSE,FALSE,SMA-0,2,Static
5/30/2024,ZAAUTO2024-1-00497,ZAAUTO2024-1,16,1-29 DPD,1-29 DPD,876908.12,23477.85,1,5/27/2024,29.04,FALSE,Same,FALSE,FALSE,SMA-0,3,Static
5/30/2024,ZAAUTO2024-1-00497,ZAAUTO2024-1,21,1-29 DPD,1-29 DPD,857721.68,23477.85,1,5/9/2024,6061.33,FALSE,Same,FALSE,FALSE,SMA-0,4,Static
6/30/2024,ZAAUTO2024-1-00497,ZAAUTO2024-1,0,Current,1-29 DPD,864596.97,0,0,6/19/2024,24094.21,TRUE,Better,FALSE,FALSE,Standard,0,Cure
7/30/2024,ZAAUTO2024-1-00497,ZAAUTO2024-1,0,Current,Current,849052.51,0,0,7/13/2024,23595.29,FALSE,Same,FALSE,FALSE,Standard,0,Static
8/30/2024,ZAAUTO2024-1-00497,ZAAUTO2024-1,0,Current,Current,814841.38,0,0,8/7/2024,22376.38,FALSE,Same,FALSE,FALSE,Standard,0,Static
9/30/2024,ZAAUTO2024-1-00497,ZAAUTO2024-1,0,Current,Current,831075.17,0,0,9/30/2024,23690.66,FALSE,Same,FALSE,FALSE,Standard,0,Static
10/30/2024,ZAAUTO2024-1-00497,ZAAUTO2024-1,19,1-29 DPD,Current,838181.47,23477.85,1,10/21/2024,3196.34,FALSE,Worse,FALSE,FALSE,SMA-0,1,Roll
12/30/2023,ZAAUTO2024-1-00498,ZAAUTO2024-1,0,Current,Current,793700,0,0,12/9/2023,20921.73,FALSE,Same,FALSE,FALSE,Standard,0,Static
1/30/2024,ZAAUTO2024-1-00498,ZAAUTO2024-1,0,Current,Current,793700,0,0,1/12/2024,22434.3,FALSE,Same,FALSE,FALSE,Standard,0,Static
2/28/2024,ZAAUTO2024-1-00498,ZAAUTO2024-1,0,Current,Current,793700,0,0,2/21/2024,21702.9,FALSE,Same,FALSE,FALSE,Standard,0,Static
3/30/2024,ZAAUTO2024-1-00498,ZAAUTO2024-1,25,1-29 DPD,Current,793700,21872.61,1,3/24/2024,12073.64,FALSE,Worse,FALSE,FALSE,SMA-0,1,Roll
4/30/2024,ZAAUTO2024-1-00498,ZAAUTO2024-1,22,1-29 DPD,1-29 DPD,793700,21872.61,1,3/30/2024,5615.68,FALSE,Same,FALSE,FALSE,SMA-0,2,Static
5/30/2024,ZAAUTO2024-1-00498,ZAAUTO2024-1,0,Current,1-29 DPD,789050.64,0,0,5/3/2024,20800.79,TRUE,Better,FALSE,FALSE,Standard,0,Cure
5/30/2024,ZAAUTO2024-1-00498,ZAAUTO2024-1,0,Current,Current,773160.68,0,0,4/30/2024,21811.7,FALSE,Same,FALSE,FALSE,Standard,0,Static
6/30/2024,ZAAUTO2024-1-00498,ZAAUTO2024-1,25,1-29 DPD,Current,765585.03,21872.61,1,6/22/2024,347.81,FALSE,Worse,FALSE,FALSE,SMA-0,1,Roll
7/30/2024,ZAAUTO2024-1-00498,ZAAUTO2024-1,0,Current,1-29 DPD,762409.46,0,0,6/25/2024,19969.28,TRUE,Better,FALSE,FALSE,Standard,0,Cure
8/30/2024,ZAAUTO2024-1-00498,ZAAUTO2024-1,0,Current,Current,757241.07,0,0,8/10/2024,21249.65,FALSE,Same,FALSE,FALSE,Standard,0,Static
9/30/2024,ZAAUTO2024-1-00498,ZAAUTO2024-1,0,Current,Current,711643.58,0,0,9/26/2024,22300.72,FALSE,Same,FALSE,FALSE,Standard,0,Static
10/30/2024,ZAAUTO2024-1-00498,ZAAUTO2024-1,0,Current,Current,729581.23,0,0,10/21/2024,20118.58,FALSE,Same,FALSE,FALSE,Standard,0,Static
12/30/2023,ZAAUTO2024-1-00499,ZAAUTO2024-1,0,Current,Current,456969.44,0,0,11/29/2023,20746.19,FALSE,Same,FALSE,FALSE,Standard,0,Static
1/30/2024,ZAAUTO2024-1-00499,ZAAUTO2024-1,0,Current,Current,451605.57,0,0,1/21/2024,20571.73,FALSE,Same,FALSE,FALSE,Standard,0,Static
2/28/2024,ZAAUTO2024-1-00499,ZAAUTO2024-1,0,Current,Current,434128.08,0,0,1/26/2024,22770.15,FALSE,Same,FALSE,FALSE,Standard,0,Static
3/30/2024,ZAAUTO2024-1-00499,ZAAUTO2024-1,0,Current,Current,439442.21,0,0,3/7/2024,21732.09,FALSE,Same,FALSE,FALSE,Standard,0,Static
4/30/2024,ZAAUTO2024-1-00499,ZAAUTO2024-1,0,Current,Current,436609.74,0,0,4/25/2024,20610.74,FALSE,Same,FALSE,FALSE,Standard,0,Static
5/30/2024,ZAAUTO2024-1-00499,ZAAUTO2024-1,0,Current,Current,423668.81,0,0,5/11/2024,20981.54,FALSE,Same,FALSE,FALSE,Standard,0,Static
5/30/2024,ZAAUTO2024-1-00499,ZAAUTO2024-1,0,Current,Current,389645.92,0,0,5/15/2024,21865.82,FALSE,Same,FALSE,FALSE,Standard,0,Static
6/30/2024,ZAAUTO2024-1-00499,ZAAUTO2024-1,0,Current,Current,387566.75,0,0,6/15/2024,22259.67,FALSE,Same,FALSE,FALSE,Standard,0,Static
7/30/2024,ZAAUTO2024-1-00499,ZAAUTO2024-1,0,Current,Current,382451.13,0,0,7/21/2024,23289.35,FALSE,Same,FALSE,FALSE,Standard,0,Static
8/30/2024,ZAAUTO2024-1-00499,ZAAUTO2024-1,0,Current,Current,376079.69,0,0,8/26/2024,21031.05,FALSE,Same,FALSE,FALSE,Standard,0,Static
9/30/2024,ZAAUTO2024-1-00499,ZAAUTO2024-1,0,Current,Current,353886.62,0,0,9/8/2024,22360.1,FALSE,Same,FALSE,FALSE,Standard,0,Static
10/30/2024,ZAAUTO2024-1-00499,ZAAUTO2024-1,0,Current,Current,352479.35,0,0,10/6/2024,21616.57,FALSE,Same,FALSE,FALSE,Standard,0,Static
12/30/2023,ZAAUTO2024-1-00500,ZAAUTO2024-1,0,Current,Current,1441600,0,0,12/17/2023,29485.73,FALSE,Same,FALSE,FALSE,Standard,0,Static
1/30/2024,ZAAUTO2024-1-00500,ZAAUTO2024-1,0,Current,Current,1441600,0,0,1/24/2024,25987.22,FALSE,Same,FALSE,FALSE,Standard,0,Static
2/28/2024,ZAAUTO2024-1-00500,ZAAUTO2024-1,0,Current,Current,1441600,0,0,2/27/2024,29039.04,FALSE,Same,FALSE,FALSE,Standard,0,Static
3/30/2024,ZAAUTO2024-1-00500,ZAAUTO2024-1,0,Current,Current,1441600,0,0,3/20/2024,28552.41,FALSE,Same,FALSE,FALSE,Standard,0,Static
4/30/2024,ZAAUTO2024-1-00500,ZAAUTO2024-1,0,Current,Current,1441600,0,0,4/19/2024,27405.06,FALSE,Same,FALSE,FALSE,Standard,0,Static
5/30/2024,ZAAUTO2024-1-00500,ZAAUTO2024-1,0,Current,Current,1441600,0,0,5/16/2024,29281.84,FALSE,Same,FALSE,FALSE,Standard,0,Static
5/30/2024,ZAAUTO2024-1-00500,ZAAUTO2024-1,0,Current,Current,1441600,0,0,5/21/2024,27646.97,FALSE,Same,FALSE,FALSE,Standard,0,Static
6/30/2024,ZAAUTO2024-1-00500,ZAAUTO2024-1,0,Current,Current,1441600,0,0,6/10/2024,29586.8,FALSE,Same,FALSE,FALSE,Standard,0,Static
7/30/2024,ZAAUTO2024-1-00500,ZAAUTO2024-1,8,1-29 DPD,Current,1441600,28408.96,1,7/15/2024,8335.34,FALSE,Worse,FALSE,FALSE,SMA-0,1,Roll
8/30/2024,ZAAUTO2024-1-00500,ZAAUTO2024-1,27,1-29 DPD,1-29 DPD,1406396.42,28408.96,1,8/5/2024,5352.51,FALSE,Same,FALSE,FALSE,SMA-0,2,Static
9/30/2024,ZAAUTO2024-1-00500,ZAAUTO2024-1,0,Current,1-29 DPD,1423662.21,0,0,8/31/2024,29733.22,TRUE,Better,FALSE,FALSE,Standard,0,Cure
10/30/2024,ZAAUTO2024-1-00500,ZAAUTO2024-1,9,1-29 DPD,Current,1380209,28408.96,1,9/28/2024,5002.91,FALSE,Worse,FALSE,FALSE,SMA-0,1,Roll
